of	We lost sight [of] him.	Мы потеряли его [из] вида.
in	We're [in] no danger now.	Мы теперь [в] безопасности.
that	Describe [that] accident in detail.	Опиши [тот] несчастный случай в деталях.
for	There's food enough [for] us.	Здесь достаточно еды [для] нас.
on	We're [on] our way home.	Мы [на] пути домой.
do	What [does] your aunt do?	Что [делает] твоя тётя?
this	Turn your face [this] way.	Поверни своё лицо в [этом] направлении.
we	[We] cannot live without air.	[Мы] не можем жить без воздуха.
with	Check your answer [with] his.	Сверь свой ответ [с] его ответом.
get	We're [getting] what we deserve.	Мы [получаем] то, чего заслуживаем.
me	Please give [me] another chance.	Пожалуйста, прости [меня] на этот раз.
my	Please write down [my] address.	Запишите, пожалуйста, [мой] адрес.
what	[What] will become of her?	[Что] с ней будет?
your	[Your] study will bear fruit.	[Твоя] учёба принесёт свои плоды.
but	[But] that's very, very difficult.	[Но] это очень, очень сложно.
all	Read after me [all] together.	Читайте за мной [все] вместе.
will	Let's see what [will] happen.	Посмотрим, что [будет].
at	We'll meet [at] my house.	Встретимся [у] меня дома.
go	Yes, we can [go].	Да, мы можем [идти].
as	Walk [as] fast as possible.	Идите [как] можно быстрее.
can	My son [can] tell time.	Мой сын [умеет] определять время.
so	What's [so] strange about that?	Что в этом [такого] странного?
just	[Just] wait for me there.	[Просто] подожди меня там.
no	Just say yes or [no].	Просто скажите: да или [нет]!
know	No one can [know] everything.	Никто не может [знать] всё.
like	[Like] father, like son.	[Каков] отец — таков и сын.
back	We can't turn [back].	Мы не можем повернуть [назад].
from	We make butter [from] milk.	[Из] молока мы делаем масло.
if	So what [if] that's true?	А что, [если] это правда?
one	Choose [one] from among these.	Выберите [один] из этих.
out	The truth must come [out].	Правда должна выйти [наружу].
about	Tell me [about] your plan.	Расскажи мне [о] своём плане.
up	Put your hands [up]!	Руки [вверх]!
there	Let's see what's in [there].	Давай посмотрим, что [там].
by	About two hours went [by].	Прошло [около] двух часов.
or	Shall we walk [or] drive?	Пойдём пешком [или] поедем на машине?
his	We should follow [his] example.	Мы должны последовать [его] примеру.
say	Let me [say] one thing.	Позволь мне [сказать] одну вещь.
she	[She] will get well soon.	[Она] скоро поправится.
make	She would [make] everyone happy.	Она каждого [делала] счастливым.
come	[Come] as soon as possible.	[Приходи] как можно скорее.
see	No one could [see] us.	Никто не мог нас [видеть].
first	Let's take your temperature [first].	[Первым] делом мы померим тебе температуру.
her	All of us like [her].	Мы все [её] любим.
want	That's exactly what she [wanted].	Это именно то, что она [хотела].
when	[When] will we get there?	[Когда] мы туда доберёмся?
time	One can always find [time].	[Время] всегда можно найти.
who	[Who] will try this case?	[Кто] возьмёт это дело?
how	[How] can we kill time?	[Как] нам скоротать время?
now	We're out of stock [now].	У нас [сейчас] кончились запасы.
here	Please let me off [here].	Высадите меня [здесь], пожалуйста.
take	She [took] me for my brother.	Она приняла меня за моего [брата].
think	[Think] before opening your mouth!	[Думай], прежде чем открыть рот!
right	That's especially true [right] now.	Это особенно [верно] в данный момент.
him	Please wait on [him] first.	Обслужите [его], пожалуйста, в первую очередь.
look	We already [looked] over there.	Мы уже там [смотрели].
would	We [would] die without air.	Без воздуха мы [бы] умерли.
good	There's nothing [good] on television.	По телевизору ничего [хорошего] не показывают.
more	Please send us [more] information.	Пожалуйста, отправьте нам [больше] информации.
some	[Some] people never grow up.	[Некоторые] никогда не взрослеют.
them	No one can separate [them].	Никто не в силах разлучить [их].
well	[Well], just let me know.	[Хорошо], просто дайте мне знать.
may	We [may] as well wait.	Мы [можем] и подождать.
need	We do [need] your advice.	Нам действительно нужен ваш совет.
people	[People] should do their best.	[Люди] должны стараться изо всех сил.
man	She left him for another [man].	Она ушла от него к другому [мужчине].
our	Now, let's begin [our] job.	Теперь, давайте начнем [нашу] работу.
work	Carry on with your [work].	Продолжай [работать].
give	Let's [give] them another chance.	[Давайте] дадим им ещё один шанс.
thing	Tell me one more [thing].	Скажи мне ещё одну [вещь].
tell	We [tell] each other everything.	Мы всё друг другу [рассказываем].
us	His death surprised [us] all.	Его смерть удивила всех [нас].
why	[Why] do people kill themselves?	[Почему] люди кончают с собой?
where	[Where] shall we eat tonight?	[Где] мы сегодня поужинаем?
then	[Then] why bother at all?	[Тогда] зачем же вообще беспокоиться?
year	We do this every [year].	Мы делаем это каждый [год].
way	Which [way] will we go?	Каким [путём] мы пойдём?
over	Mind [over] matter.	Разум властвует [над] материей.
day	We see him every [day].	Мы видимся с ним каждый [день].
their	Do we need [their] help?	Нам нужна [их] помощь?
only	There's [only] one bullet left.	Осталась [только] одна пуля.
really	We [really] need your help.	Нам [действительно] нужна твоя помощь.
new	She lost her [new] watch.	Она потеряла свои [новые] часы.
two	One, [two], three, four, five.	Раз, [два], три, четыре, пять.
any	[Any] child can do that.	[Любой] ребенок может это сделать.
call	Never [call] me again!	Больше никогда не [звони] мне!
very	There's [very] little paper left.	Осталось [очень] мало бумаги.
too	She's young, maybe [too] young.	Она молода, возможно, даже [слишком] молода.
because	[Because] no man can speak my language.	[Потому] что никто не может говорить на моем языке.
hand	Raise up your left [hand].	Подними левую [руку].
other	We must help each [other].	Мы должны помогать [друг] другу.
into	Please come [into] my home.	Проходите [в] мой дом, пожалуйста.
down	Help me take this [down].	Помоги мне отнести это [вниз].
than	She's more popular [than] me.	Она пользуется большим успехом, [чем] я.
these	What's wrong with [these] people?	Что с [этими] людьми не так?
never	She will [never] forgive me.	Она [никогда] меня не простит.
much	We expect [much] of him.	Мы [многого] от него ждём.
love	[Love] me, love my dog.	[Любишь] меня, люби и мою собаку.
head	Take that off your [head].	Выбрось это из твоей [головы].
which	[Which] one will she choose?	[Который] она выберет?
off	Let's continue where we left [off] yesterday.	[Продолжим] с того места, где остановились вчера.
should	One [should] keep one's promise.	[Следует] выполнять обещания.
something	Together we can change [something].	Вместе мы можем [что-то] изменить.
let	We always [let] our dog sleep inside.	Мы всегда [позволяем] собаке спать внутри.
second	Give me a [second] chance.	Дайте мне [второй] шанс.
after	We shall start [after] breakfast.	Мы начнём [после] завтрака.
life	This cost him his [life].	Это стоило ему [жизни].
try	We'll keep [trying].	Мы будем [пытаться] дальше.
even	Nobody will likely [even] notice.	Скорее всего, никто [даже] не заметит.
great	War can't make anyone [great].	Война никого не сделает [великим].
little	Big fish eat [little] fish.	Большая рыба ест [маленькую].
help	We could [help] each other.	Мы могли бы [помогать] друг другу.
talk	We hardly even [talk] anymore.	Мы теперь почти совсем не [разговариваем].
before	Let's eat [before] we go.	Давай поедим [перед] выходом.
still	We [still] love each other.	Мы [всё] ещё любим друг друга.
guy	Who's this [guy]?	Кто этот [парень]?
long	My hair's too [long].	У меня слишком [длинные] волосы.
keep	God [keep] our land.	[Храни] Господь нашу страну!
face	Show me your true [face].	Покажи мне своё настоящее [лицо].
those	[Those] who arrive last will lose.	Проиграют [те], кто приедут последними.
home	Please make yourself at [home].	Пожалуйста, чувствуйте себя как [дома].
feel	Because she [felt] sick.	Потому что она плохо себя [чувствовала].
oh	[Oh], please, stop that noise!	[Ох], прекрати этот шум, пожалуйста!
last	Let's make one [last] effort.	Сделаем [последнее] усилие.
find	No one [finds] this interesting.	Никто не [находит] это интересным.
show	Where's that movie [showing]?	Где [показывают] это кино?
play	What music should we [play]?	Какую музыку нам [играть]?
put	Please [put] your cigarette out.	Потушите сигарету, пожалуйста.
win	Patient people always [win].	Терпеливые люди всегда [побеждают].
start	Where do we [start]?	Где мы [начинаем]?
mean	This could [mean] war.	Это может [означать] войну.
please	[Please] send me another copy.	[Пожалуйста], отправьте мне другую копию.
sure	I can't say for [sure].	Я не могу сказать с [уверенностью].
place	Put yourself in my [place].	Поставьте себя на моё [место].
better	So we'd [better] stay home.	Поэтому нам [лучше] было бы остаться дома.
big	Look at that [big] dog.	Посмотри на ту [большую] собаку.
yes	[Yes], she'll probably come home.	[Да], она, наверное, придёт домой.
use	We can't [use] this.	Мы не можем это [использовать].
name	Write down your [name] here.	Запишите своё [имя] здесь.
ask	People always [ask] me that.	Люди всегда у меня это [спрашивают].
old	She's too [old] for him.	Она слишком [стара] для него.
happen	That doesn't have to [happen].	Этому необязательно [случаться].
around	There's no one [around].	[Вокруг] никого.
water	Please give me some [water].	Дай мне [воды], пожалуйста.
through	Please breathe [through] your nose.	Пожалуйста, дышите [через] нос.
yeah	[Yeah], fat chance!	[Ага], держи карман шире!
father	My [father] will help me.	Мой [отец] мне поможет.
eye	Keep your [eye] on her.	Не спускай с неё [глаз].
again	When shall we meet [again]?	Когда мы увидимся [снова]?
run	Can we [run] now?	Теперь мы можем [бежать]?
also	We [also] found this.	Мы [также] нашли это.
always	His clothes [always] smell bad.	Его одежда [всегда] плохо пахнет.
most	What impressed you the [most]?	Что произвело на тебя [наибольшее] впечатление?
woman	What's wrong with that [woman]?	Что не так с той [женщиной]?
night	Let's dance all [night] long!	Давайте танцевать всю [ночь]!
live	Man cannot [live] without air.	Человек не может [жить] без воздуха.
world	We fight something from another [world].	Мы боремся с чем-то из другого [мира].
son	My [son] can't count yet.	Мой [сын] ещё не умеет считать.
stop	We can't [stop] here.	Мы не можем здесь [останавливаться].
mother	She should help her [mother].	Ей следует помочь [матери].
friend	Who's your most interesting [friend]?	Кто твой самый интересный [друг]?
every	We watch television [every] evening.	Мы [каждый] вечер смотрим телевизор.
god	[God] can do anything!	[Бог] может всё!
three	Call her up at [three].	Позвони ей в [три].
wait	We can't [wait] that long.	Мы не можем так долго [ждать].
own	Mind your [own] business.	Занимайся своими [собственными] делами.
must	We [must] help him immediately.	Мы [должны] немедленно ему помочь.
many	Very [many] people know him.	Его знает очень [много] людей.
house	Let's drop by his [house].	Давай заглянем к нему [домой].
hear	Can everyone [hear] me okay?	Меня все хорошо [слышат]?
ever	I doubt that'll [ever] change.	Сомневаюсь, что это [когда-либо] изменится.
best	Do your [best] in everything.	Старайся быть [лучшим] во всём.
thank	Why [thank] me?	За что меня [благодарить]?
lot	We get a [lot] of requests.	Мы получаем [множество] запросов.
white	She's painting her room [white].	Она красит свою комнату в [белый] цвет.
move	Can we [move] on?	Мы можем [двигаться] дальше?
kill	Why would someone [kill] them?	Зачем кому-то их [убивать]?
another	Please show me [another] one.	Пожалуйста, покажите мне [другой].
same	We ask everyone that [same] question.	Мы задаём всем один и [тот] же вопрос.
anything	Do we need [anything] else?	Нам [что-нибудь] ещё нужно?
change	We should [change] something.	Нам надо что-то [менять].
away	We can't just walk [away].	Мы не можем [просто] уйти.
money	Give me all this [money].	Дай мне все эти [деньги].
nothing	[Nothing] can come of nothing.	Из [ничего] ничего не бывает.
believe	We all [believe] in something.	Мы все во что-нибудь [верим].
girl	Who's that [girl]?	Что это за [девочка]?
while	[While] there's life, there's hope.	[Пока] есть жизнь, есть надежда.
black	Where's your [black] suit?	Где твой [чёрный] костюм?
wife	Tell me about your [wife].	Расскажите мне о своей [жене].
hold	We will [hold] out until the end.	Мы будем [держаться] до конца.
leave	Never [leave] me again.	Больше никогда меня не [покидай].
school	She's sometimes late for [school].	Она иногда опаздывает в [школу].
game	What's your favorite board [game]?	Какая твоя любимая настольная [игра]?
bring	[Bring] all your money.	[Приноси] все свои деньги.
might	Someone [might] see us.	Нас [могут] увидеть.
part	That's [part] of my job.	Это [часть] моей работы.
next	Bill will return [next] week.	Билл вернется на [следующей] неделе.
brother	My [brother] will kill me.	Мой [брат] убьёт меня.
end	This love will never [end].	Эта любовь никогда не [кончится].
family	[Family] should always come first.	[Семья] всегда должна быть на первом месте.
found	We [found] his suicide note.	Мы [нашли] его предсмертную записку.
such	There's no [such] word.	[Такого] слова нет.
maybe	[Maybe] we should tell somebody.	[Может] быть, надо кому-то сказать.
turn	Never [turn] your back on them.	Никогда не [поворачивайся] к ним спиной.
care	We must take [care] of ourselves.	Мы сами должны о себе [заботиться].
state	She's in a [state] of shock.	Она находится в шоковом [состоянии].
week	Please come back next [week].	Пожалуйста, возвращайся на будущей [неделе].
kid	Any [kid] could do that.	Любой [ребёнок] мог бы это сделать.
both	We [both] work full time.	Мы [оба] работаем на полную ставку.
high	Look at this [high] mountain.	Посмотри на эту [высокую] гору!
everything	She will pay for [everything].	Она заплатит за [всё].
since	She's here [since] five o'clock.	Она здесь [с] пяти часов.
someone	[Someone] will do that job.	[Кто-нибудь] сделает эту работу.
pay	[Pay] your rent in advance.	[Плати] за аренду вперёд.
without	[Without] air, nothing could live.	[Без] воздуха жизнь невозможна.
job	That cost him his [job].	Это стоило ему [работы].
point	That's my [point] of view.	Это моя [точка] зрения.
watch	What film shall we [watch]?	Какой фильм будем [смотреть]?
child	Any [child] could do that.	Это любой [ребёнок] мог бы сделать.
understand	We could [understand] each other.	Мы могли [понимать] друг друга.
car	She's lost her [car] key.	Она потеряла свой ключ от [машины].
real	She's my only [real] friend.	Она моя единственная [настоящая] подруга.
kind	What's your favorite [kind] of art?	Какой твой любимый [вид] искусства?
read	She cannot write or [read].	Она не умеет ни [читать], ни писать.
minute	Just give me one [minute].	Дай мне буквально [минуту].
meet	Where shall we [meet] tomorrow?	Где завтра [встречаемся]?
problem	Let's begin with this [problem].	Давайте приступим к этой [проблеме].
bad	We're in really [bad] shape.	Мы находимся в очень [плохой] форме.
far	Let's go somewhere [far] away.	Давай уйдём куда-нибудь [далеко].
number	What's your favorite [number]?	Какое твоё любимое [число]?
stay	We must [stay] perfectly calm.	Мы должны [оставаться] совершенно спокойными.
die	Good people [die] every day.	Хорошие люди [умирают] ежедневно.
under	There's something [under] my bed.	У меня [под] кроватью что-то есть.
enough	There's [enough] room for everybody.	Там [достаточно] места для всех.
case	In that [case], let's go.	В таком [случае] пошли.
hour	We need at least another [hour].	Нам нужен хотя бы ещё [час].
red	Look at that [red] building.	Посмотри на то [красное] здание.
boy	Shut that [boy] up.	Заткните рот этому [мальчишке].
close	We're too [close].	Мы слишком [близко].
open	We [open] at eight.	Мы [открываемся] в восемь.
hey	[Hey], can anybody hear me?	[Эй], меня кто-нибудь слышит?
set	[Set] up attainable goals.	[Устанавливайте] достижимые цели.
today	Let's stop here for [today].	Давай остановимся [сегодня] здесь.
hope	Let's [hope] she's all right.	Будем [надеяться], что с ней всё в порядке.
foot	My [foot] hurts.	У меня болит [ступня].
mind	Reading can develop your [mind].	Чтение [развивает] ум.
okay	[Okay], go home today.	[Хорошо], сегодня иди домой.
remember	We'll always [remember] that.	Мы всегда будем об этом [помнить].
each	Repeat [each] sentence after me.	[Каждое] предложение повторяй за мной.
business	We do very good [business].	Мы делаем очень хороший [бизнес].
hard	[Hard] work never hurt anybody.	[Трудная] работа никому еще не повредила.
thanks	[Thanks] for your quick answer.	[Спасибо] за ваш быстрый ответ.
course	Oh, no, of [course]!	Да нет [конечно]!
cause	There's no [cause] for alarm.	Нет [причин] для беспокойства.
become	Tom doesn't want to [become] famous.	Том не хочет [становиться] знаменитым.
few	[Few] people speak my language.	Лишь [немногие] говорят на моём языке.
nice	That's very [nice].	Это очень [мило].
seem	It may [seem] difficult, but it's actually quite simple.	Это может [казаться] сложным, но на деле это довольно просто.
word	Please read this [word] again.	Прочитайте это [слово] ещё раз, пожалуйста.
between	There's bad blood [between] them.	[Между] ними существует неприязнь.
until	Can this wait [until] tomorrow?	Это может подождать [до] завтра?
question	Let's begin with that [question].	Давайте начнем с того [вопроса].
sorry	Thanks, [sorry] for being late.	Спасибо, [извините] за опоздание.
plan	What's wrong with my [plan]?	Что не так с моим [планом]?
order	Get your house in [order].	Наведи у себя [порядок].
book	Hand me that [book], please.	Передай мне ту [книгу], пожалуйста.
team	My favorite [team] lost yesterday.	Моя любимая [команда] вчера проиграла.
room	Do your [room] at once.	Сейчас же прибери в [комнате].
send	Don't [send] me home, please.	Не [отправляйте] меня домой, пожалуйста!
break	That old car often [breaks] down.	Эта старая машина часто [ломается].
against	Alone [against] everybody.	Один [против] всех.
line	Sign above this [line].	Подпишитесь над этой [линией].
yet	Our baby cannot talk [yet].	Наш ребёнок [ещё] не может говорить.
once	[Once] upon a time...	[Однажды]...
matter	Let's keep this [matter] between ourselves.	Давайте оставим это [дело] между нами.
miss	We [miss] our dear grandmother.	Мы [скучаем] по нашей дорогой бабушке.
month	Let's come here every [month].	Давай приходить сюда каждый [месяц].
idea	Explain your [idea] more clearly.	Объясни свою [идею] в более ясной форме.
already	We [already] know each other.	Мы [уже] знакомы.
bed	Get out of my [bed].	Вылезай из моей [кровати].
company	Keep away from bad [company].	Не водись с дурной [компанией].
buy	Money can't [buy] everything.	Не всё [покупается] за деньги.
wrong	She can't tell right from [wrong].	Она не может отличить правильное от [неправильного].
whole	This is [whole] milk.	Это [цельное] молоко.
together	We often eat lunch [together].	Мы часто обедаем [вместе].
daughter	Stay away from my [daughter]!	Держись подальше от моей [дочери]!
party	[Parties] always bring people together.	[Вечеринки] всегда сближают людей.
check	She constantly [checks] her phone.	Она постоянно [проверяет] свой телефон.
city	What's your favorite [city]?	Какой твой любимый [город]?
story	But that's another [story] entirely.	Но это уже совсем другая [история].
sister	Bring your [sister] next time.	В следующий раз приведи с собой [сестру].
actually	That's [actually] very common.	На [самом] деле это очень распространено.
stand	She [stood] on her head.	Она [стояла] на голове.
free	What's your favorite [free] software application?	Какая Ваша любимая [свободная] программа?
hit	That car could've [hit] me.	Эта машина могла меня сбить.
fine	Thanks, everything's [fine] here.	Спасибо, здесь всё в [порядке].
write	She can't [write] or read.	Она не умеет ни читать, ни [писать].
different	How come we're [different]?	Как так вышло, что мы [разные]?
baby	[Babies] cry when they're hungry.	[Младенцы] кричат, когда голодные.
person	Please choose one [person].	Выберите одного [человека], пожалуйста.
country	Get out of my [country].	Убирайтесь из моей [страны].
else	What [else] can go wrong?	Что [ещё] может пойти не так?
deal	We can make a [deal].	Мы можем заключить [сделку].
side	Luck's on my [side] today.	Удача на моей [стороне] сегодня.
young	Build up your body while [young].	Занимайтесь строительством своего тела, пока [молоды].
speak	Please [speak] in your language!	[Говорите] на своём языке, пожалуйста.
later	We will discuss that [later].	Мы обсудим это [позже].
fight	That's why we must [fight].	Вот поэтому мы и должны [драться].
four	No beer before [four]!	Никакого пива до [четырёх]!
blue	Put your [blue] dress on.	Надень своё [синее] платье.
listen	No one would [listen].	Никто бы не стал [слушать].
fall	Spring ahead, [fall] behind.	Прыгай вперёд, [падай] назад.
husband	She'll love her [husband] forever.	Она всегда будет любить своего [мужа].
third	We're in [third] place.	Мы на [третьем] месте.
hair	Your [hair] will grow back.	[Волосы] у тебя отрастут.
power	Use your [power].	Используйте свою [силу].
pretty	Weather's [pretty] nice tonight.	Погода сегодня ночью [довольно] хороша.
walk	We take long [walks] together.	Мы подолгу [гуляем] вместе.
eat	What do we [eat] tonight?	Что будем вечером [есть]?
report	We need this [report] by tomorrow.	Нам нужен этот [отчёт] до завтра.
yourself	Take good care of [yourself].	Берегите [себя].
morning	Mail this letter tomorrow [morning].	Отправь это письмо завтра [утром].
sir	What is your name, [sir]?	Как вас зовут, [сэр]?
lead	Just follow my [lead].	Просто следуйте моему примеру.
drive	She can [drive], can't she?	Она ведь умеет [водить] машину?
sit	She'll [sit] with him.	Она будет [сидеть] с ним.
fire	There's no smoke without [fire].	Где дым, там и [огонь].
five	We must begin before [five].	Мы должны начать до [пяти] часов.
light	Where there's [light], there's also shadow.	Там, где есть [свет], есть и тень.
table	Let's sit at this [table].	Давай сядем за этот [столик].
dress	That [dress] fit her perfectly.	То [платье] идеально ей подходило.
service	At your [service], my dear sir!	К вашим [услугам], уважаемый!
sound	There's [sound], but no picture.	[Звук] есть, а изображения нет.
happy	Let them know we're [happy].	Передай им, что мы [счастливы].
easy	This one is too [easy].	Этот слишком [лёгкий].
reason	There's no [reason] for concern.	Нет [причин] для беспокойства.
summer	What's your favorite [summer] activity?	Чем ты больше всего любишь заниматься [летом]?
system	What's your favorite operating [system]?	Какая твоя любимая операционная [система]?
everyone	[Everyone] left, except for us.	[Все], кроме нас, ушли.
arm	Let go of my [arm].	Отпусти мою [руку].
body	There's no life in this [body].	Это [тело] безжизненно.
learn	We all [learn] by experience.	Мы все [учимся] на опыте.
small	Big fish eat [small] fish.	Большая рыба ест [маленькую].
full	Write your name in [full].	Напиши своё [полное] имя.
ago	She left an hour [ago].	Она ушла час [назад].
top	Look in your [top] drawer.	Посмотри у себя в [верхнем] ящике.
early	Old people wake up [early].	Пожилые люди встают [рано].
fact	We can't deny this [fact].	Мы не можем отрицать этот [факт].
forget	Forgive everyone, [forget] nothing.	Всем прощай, ничего не [забывай].
act	We must [act] at once.	Мы должны [действовать] немедленно.
war	What's your favorite [war] movie?	Какой у вас любимый фильм о [войне]?
death	Till [death] do us part.	Пока [смерть] нас не разлучит.
ready	Tell me when dinner's [ready].	Скажи мне, когда ужин будет [готов].
though	Victory is possible, [though] unlikely.	Победа возможна, [хотя] и маловероятна.
mom	My [mom] will kill me.	[Мама] убьёт меня.
guess	I [guess] we could.	Я [полагаю], мы могли бы.
office	Get out of my [office].	Проваливай из моего [офиса].
myself	I know [myself] very well.	Я очень хорошо [себя] знаю.
group	What's your favorite music [group]?	Какая у тебя любимая музыкальная [группа]?
phone	Give me your [phone] number.	Дай мне свой номер [телефона].
American	[American] films are popular around the world.	[Американские] фильмы популярны во всём мире.
soon	We will [soon] take off.	Мы [скоро] взлетим.
true	Few people know the [true] meaning.	[Истинное] значение мало кто знает.
probably	We [probably] should've left early.	Нам, [вероятно], следовало уйти раньше.
law	New people, new [laws].	Новые люди — новые [законы].
pick	Take your [pick].	[Выбирайте].
during	[During] full moon, anything can happen.	Во [время] полнолуния всё может случиться.
follow	We should [follow] him.	Мы должны [следовать] за ним.
cut	This knife won't [cut] well.	Этот нож не будет хорошо [резать].
important	Nothing's as [important] as peace.	Нет ничего [важнее] мира.
least	Math is my [least] favorite subject.	Математика — [наименее] любимый мной предмет.
music	Can we talk about [music]?	Мы можем поговорить о [музыке]?
save	Why [save] languages?	Зачем [спасать] языки?
control	Nobody can [control] us.	Никто не может нас [контролировать].
bit	This may hurt a [bit].	Может быть [немного] больно.
include	Does that price [include] breakfast?	Цена [включает] в себя завтрак?
heart	That's bad for your [heart].	Это вредно для твоего [сердца].
green	We often drink [green] tea.	Мы часто пьём [зелёный] чай.
dead	Do [dead] people watch us?	[Мёртвые] за нами наблюдают?
anyone	Can [anyone] answer my question?	[Кто-нибудь] может ответить на мой вопрос?
date	What's your [date] of birth?	Какая у тебя [дата] рождения?
record	You must [record] his speech.	Ты должен [записать] его речь.
late	Sorry for being so [late].	Прости, что так [поздно].
sign	Just don't [sign] anything.	Только ничего не [подписывай].
force	Don't make me use [force].	Не заставляй меня применять [силу].
chance	Give me one more [chance].	Дай мне ещё один [шанс].
train	This [train] will leave soon.	Этот [поезд] скоро отправится.
pass	Time [passes] by so slowly.	Время [проходит] так медленно.
half	Please come at [half] past two.	Приходи в [половине] третьего, пожалуйста.
leg	She hurt her left [leg].	Она повредила левую [ногу].
sell	Buy low, [sell] high.	Покупай дёшево, [продавай] дорого!
spend	We [spend] too much.	Мы слишком много [тратим].
area	That's her [area].	Это её [область].
drink	We can't [drink] milk.	Мы не можем [пить] молоко.
shot	She [shot] him.	Она [выстрелила] в него.
answer	Come on, [answer] quickly.	Давай, [отвечай] быстрее.
police	[Police] found something.	[Полиция] кое-что нашла.
president	Run for [president].	Баллотируйся в [президенты].
news	Most people believe fake [news].	Большинство людей верит фейковым [новостям].
sleep	We all need more [sleep]!	Нам всем нужно больше [спать].
coffee	One cup of [coffee], please.	Чашку [кофе], пожалуйста.
interest	She's lost [interest] in him.	Она потеряла к нему [интерес].
hell	She gave him [hell].	Она устроила ему [ад].
almost	We're [almost] out of time.	У нас [почти] нет времени.
lie	You must [lie] still.	Вы должны [лежать] спокойно.
food	What's your favorite summer [food]?	Какая твоя любимая летняя [еда]?
picture	Look at this [picture] again.	Посмотрите ещё раз на эту [картинку].
grow	Our company must [grow].	Наша компания должна [расти].
return	She's scared to [return] home.	Она боится [возвращаться] домой.
wish	What's your third [wish]?	Какое твоё третье [желание]?
able	He's very [able].	Он очень [способный].
town	Your friend left [town].	Твой друг покинул [город].
class	She's in my [class].	Она в моём [классе].
wear	Who would [wear] that?	Кто станет такое [носить]?
cup	There's only one clean [cup].	Тут только одна чистая [чашка].
general	The theory will find [general] acceptance.	Эта теория станет [общепризнанной].
low	Your blood pressure's [low].	У Вас [низкое] кровяное давление.
moment	War may break out at any [moment].	Война может разразиться в любой [момент].
fun	What's this [fun] about?	В честь чего [веселье]?
base	What do you [base] your theory on?	На чём вы [основываете] свою теорию?
less	Better [less] than nothing.	Лучше [меньше], чем ничего.
lose	Let's never [lose] hope.	Не будем никогда [терять] надежду!
along	We walked [along] the river.	Мы прогулялись [вдоль] реки.
figure	I can't [figure] out why.	Я не могу [понять] почему.
clear	Everything's [clear] as day.	Всё [ясно] как день.
marry	You can't [marry] her.	Тебе нельзя на ней [жениться].
test	We'll do more [tests] tomorrow.	Завтра сдаем еще одни [тесты].
door	Somebody, open this [door], please.	Кто-нибудь, откройте, пожалуйста, [дверь].
hi	Tell him [hi] for me.	Передавай ему от меня [привет].
street	Go straight along this [street].	Идите прямо по этой [улице].
March	The band played a [march].	Оркестр играл [марш].
glass	Break this [glass] in case of fire.	Разбейте это [стекло] в случае пожара.
support	We need your [support].	Нам нужна ваша [поддержка].
stuff	Stay away from my [stuff].	Держись подальше от моих [вещей].
offer	We [offer] free shipping.	Мы [предлагаем] бесплатную доставку.
dog	What's become of your [dog]?	Что стало с твоей [собакой]?
beautiful	Your sister's as [beautiful] as ever.	Твоя сестра [красива], как всегда.
hate	All three [hated] one another.	Все трое друг друга [ненавидели].
human	[Human] life is short.	[Человеческая] жизнь коротка.
expect	What else should we [expect]?	Чего ещё нам [ожидать]?
mouth	Open your [mouth] wide.	Откройте [рот] пошире.
million	That's the [million]-dollar question.	Это вопрос на [миллион] долларов.
couple	Many [couples] end in divorce.	Много [пар] заканчивают разводом.
lady	Do you know this [lady]?	Вы знаете эту [даму]?
catch	[Catch] him, or he'll get away!	[Ловите] его, а то убежит!
cover	What does your insurance [cover]?	Что [покрывает] страховка?
court	The [court] found him guilty.	[Суд] признал его виновным.
rest	Time will do the [rest].	[Остальное] сделает время.
study	Nobody [studies] my country.	Никто не [изучает] мою страну.
alone	Never go anywhere [alone].	Никогда и никуда не ходи [один].
government	The [government] can't do that.	[Правительство] не может этого делать.
either	He can write with [either] hand.	Он может писать [любой] рукой.
mine	Just use [mine] for now.	Пока что просто возьми [мой].
air	Let in some fresh [air].	Впусти немного свежего [воздуха].
drop	Every [drop] is important.	Важна каждая [капля].
quite	We know each other [quite] well.	Мы [довольно] хорошо друг друга знаем.
six	Please wake me at [six].	Разбудите меня в [шесть] часов, пожалуйста.
fast	Run as [fast] as possible.	Беги как можно [быстрее].
allow	Nobody's [allowed] to do that.	Никому не [разрешается] это делать.
suppose	I [suppose] you're right.	Я [предполагаю], что вы правы.
finish	Many begin, but few [finish].	Многие начинают, но немногие [заканчивают].
dad	My [dad] will kill me.	[Папа] меня убьёт.
brown	My dog's [brown].	Моя собака [коричневая].
share	Tom doesn't like to [share].	Том не любит [делиться].
special	What's so [special] about this?	Что в этом такого [особенного]?
public	We use [public] transport.	Мы используем [общественный] транспорт.
behind	There's something [behind] us.	[Позади] нас что-то есть.
step	One [step] forward, two steps back.	Один шаг вперёд, два [шага] назад.
star	Look at that shooting [star].	Посмотри на ту падающую [звезду].
front	She's here in [front] of me.	Она здесь, [передо] мной.
fish	We can't [fish] there anymore.	Мы больше не можем ловить [рыбу] там.
movie	What's your favorite [movie] soundtrack?	Какая твоя любимая музыка из [кинофильмов]?
tonight	Let's all get drunk [tonight].	Давайте все вместе напьёмся [сегодня] вечером.
cool	His car is really [cool].	У него [классная] машина.
begin	[Begin] every meal with soup.	[Начинай] каждый приём пищи с супа.
song	What's your favorite love [song]?	Какая твоя любимая [песня] о любви?
rule	We should change that [rule].	Нам следует изменить это [правило].
gun	Where's your [gun]?	Где твоё [ружьё]?
shoe	What's your [shoe] size?	Какого размера [туфли] Вы носите?
decide	We alone will [decide] that.	Это только мы будем [решать].
present	Open your [present] already!	Откройте же свой [подарок]!
large	These apples are very [large].	Эти яблоки очень [крупные].
throw	[Throw] me the ball.	[Бросайте] мне мяч.
sometimes	[Sometimes] people eat too fast.	[Иногда] люди едят слишком быстро.
list	Let me see that [list].	Покажи мне этот [список].
land	Please get off my [land].	Пожалуйста, сойдите с моей [земли].
past	We can't change the [past].	Мы не можем изменить [прошлое].
issue	We touched on this [issue].	Мы затронули этот [вопрос].
age	She's short for her [age].	Она невысокая для своего [возраста].
consider	I've already [considered] that possibility.	Я уже [рассматривал] эту возможность.
continue	We can't let this [continue].	Мы не можем позволить, чтобы это [продолжалось].
wind	There's no [wind] today.	Сегодня нет [ветра].
parent	We should respect our [parents].	Мы должны почитать [родителей].
trust	We can't [trust] them now.	Мы не можем [доверять] им теперь.
inside	There's something [inside] this box.	[Внутри] этой коробки что-то есть.
charge	[Charge] your phone.	[Заряди] свой телефон.
exactly	We look [exactly] like them.	Мы выглядим в [точности] как они.
building	Look at that tall [building].	Посмотри на то высокое [здание].
others	Some like tea, [others] prefer coffee.	Некоторые любят чай, [другие] предпочитают кофе.
pull	Stop [pulling] my hair!	Перестань [тянуть] меня за волосы!
possible	Tell me how that's [possible].	Скажи мне, как это [возможно].
attack	Who benefits from this [attack]?	Кому выгодно это [нападение]?
post	When's the [post] office open?	Когда открыта [почта]?
hot	What's your favorite [hot] drink?	Какой ваш любимый [горячий] напиток?
hurt	No one will [hurt] you.	Никто тебя не [ранит].
whatever	We do [whatever] we can.	Мы делаем, [что] можем.
outside	Please wait for me [outside].	Подожди меня [снаружи], пожалуйста.
short	My mother cut my hair too [short].	Мать постригла меня слишком [коротко].
level	The fuel [level] is below empty.	[Уровень] горючего на нуле.
dream	This [dream] will come true.	Эта [мечта] воплотится в реальность.
member	She's a [member] of this organization.	Она [член] этой организации.
information	Click here for more [information].	Кликните здесь для получения дополнительной [информации].
tomorrow	Perhaps she will come [tomorrow].	Возможно, она придёт [завтра].
road	Go straight down this [road].	Езжайте прямо по этой [дороге].
program	What's your favorite television [program]?	Какая у тебя любимая [программа] по телевизору?
doctor	Get me another [doctor].	Дайте мне другого [врача].
crazy	We're all [crazy] here.	Мы тут все [сумасшедшие].
beat	My heart stopped [beating].	Моё сердце перестало [биться].
single	Line up in [single] file.	Станьте в одну шеренгу.
experience	We learn much from [experience].	Мы учимся многому из [опыта].
rather	He's rich [rather] than poor.	Он [скорее] богатый, чем бедный.
wonder	Modern science can work [wonders].	Современная наука творит [чудеса].
player	We're one [player] short.	Нам не хватает одного [игрока].
strong	That's your [strong] point.	Это твоя [сильная] сторона.
form	Please fill in this [form].	Пожалуйста, заполните эту [форму].
future	We worry about your [future].	Мы беспокоимся о твоём [будущем].
bill	Put that on my [bill].	Запиши это на мой [счёт].
park	What's your favorite national [park]?	Какой твой любимый национальный [парк]?
student	Any [student] can answer that question.	Любой [студент] может ответить на тот вопрос.
enjoy	We want to [enjoy] life.	Мы хотим [наслаждаться] жизнью.
sex	Their child is of indeterminate [sex].	Их дитя неопределённого [пола].
however	[However], that didn't happen.	[Однако] этого не случилось.
piece	Those two [pieces] fit together.	Те два [кусочка] подходят друг к другу.
bank	May we know your [bank] account?	Мы можем узнать данные вашего [банковского] счёта?
himself	Every man for [himself].	Каждый сам за [себя].
major	That is your [major] problem.	Это твоя [главная] проблема.
carry	I can't [carry] this stone.	Я не смогу [нести] этот камень.
perfect	We're [perfect] for each other.	Мы [идеально] друг другу подходим.
result	Let's hope for good [results].	Давай надеяться на хорошие [результаты].
build	We [built] this city.	Мы [строили] этот город.
officer	She's a police [officer].	Она [офицер] полиции.
sense	She has no fashion [sense].	У неё нет [чувства] моды.
history	Come on, that's ancient [history]!	Помилуйте, это ведь старая [история]!
dance	Nobody will [dance] with me.	Со мной никто не будет [танцевать].
meeting	Thanks for [meeting] me here.	Спасибо, что [встретил] меня здесь.
spring	What's your favorite [spring] flower?	Какие у тебя любимые [весенние] цветы?
Friday	[Friday] evening was incredible.	Вечер [пятницы] был невероятен.
hello	[Hello], what's your name?	[Привет], как тебя зовут?
worry	Why [worry] so much?	Зачем так сильно [беспокоиться]?
king	Now no piece can save your [king].	Теперь никакая фигура не сможет защитить твоего [короля].
add	I should've [added] more salt.	Надо было [добавлять] больше соли.
join	She will [join] us later.	Она присоединится к нам позже.
paper	Who put this [paper] here?	Кто положил сюда эту [бумагу]?
cost	How much will this [cost]?	Сколько это будет [стоить]?
type	What's your ideal [type] of woman?	Какой твой идеальный [тип] женщины?
card	What's your favorite [card] game?	Какая твоя любимая [карточная] игра?
mark	Please [mark] the correct answer.	Пожалуйста, [отметьте] правильный ответ.
touch	Who [touched] my gun?	Кто [трогал] моё ружьё?
center	The universe has no [center].	У Вселенной нет [центра].
finger	Pain shot through his [finger].	Боль пронзила его [палец].
near	We live [near] a river.	Мы живём [около] реки.
club	Join our book [club].	Вступайте в наш книжный [клуб].
art	[Art] for art's sake.	[Искусство] ради искусства.
fly	This bird cannot [fly].	Эта птица не может [летать].
film	Copy this [film] for yourself.	Скопируйте этот [фильм] себе.
stick	We three will [stick] together.	Мы трое будем [держаться] вместе.
note	I always take [notes].	Я всегда делаю [заметки].
clean	Keep your room [clean].	Содержи свою комнату в [чистоте].
explain	Oh, that [explains] everything!	О, это всё [объясняет]!
promise	We should always keep our [promise].	Мы всегда должны держать наше [обещание].
ship	Tell me about your [ship].	Расскажи мне о своём [корабле].
create	Stop [creating] trouble.	Хватит [создавать] проблемы.
rain	When will this [rain] let up?	Когда этот [дождь] стихнет?
blood	There's [blood] on this knife.	На этом ноже [кровь].
Sunday	[Sundays] I don't go to school.	По [воскресеньям] я в школу не хожу.
key	She lost her house [key].	Она потеряла [ключ] от дома.
reach	Help us [reach] our goal.	Помогите нам достичь нашей цели.
video	Watch this [video].	Посмотри это [видео].
realize	I didn't [realize] it until much later.	Я долго не [осознавал] этого.
funny	There's nothing [funny] about that.	В этом нет ничего [смешного].
ride	We [ride] the train.	Мы едем на [поезде].
April	[April] is the cruellest month.	[Апрель] - самый жестокий месяц.
agree	We [agree] on this point.	В этом мы согласны.
uncle	Who's your [uncle]?	Кто твой [дядя]?
field	What a beautiful [field]!	Какое красивое [поле]!
action	There's more talk than [action].	Слов больше, чем [действий].
June	[June] is still three months off.	До [июня] ещё три месяца.
ball	Can we use your [ball]?	Мы можем взять твой [мяч]?
Saturday	[Saturday] would be good for me.	[Суббота] мне бы подошла.
within	Come back [within] a month.	Возвращайся [в] течение месяца.
egg	How much do [eggs] cost?	Сколько стоят [яйца]?
united	Russia will always remain [united].	Россия всегда останется единой.
college	His son is in [college] now.	Его сын сейчас учится в [колледже].
position	Please understand my [position].	Пожалуйста, войдите в моё [положение].
safe	No one's [safe] here.	Здесь никто не в [безопасности].
truth	Please tell me the [truth].	Скажите мне [правду], пожалуйста.
bottle	Another [bottle] of wine, please.	Еще одну [бутылку] вина, пожалуйста.
price	Tell me your [price].	Назови мне свою [цену].
national	What's your favorite [national] park?	Какой твой любимый [национальный] парк?
south	Birds fly [south] in winter.	Зимой птицы улетают на [юг].
nobody	[Nobody] can solve this problem.	[Никто] не может решить эту проблему.
release	[Release] me, please.	Освободи меня, пожалуйста.
sort	How will you [sort] the animals?	Как ты будешь [сортировать] животных?
chair	Get out of my [chair].	Слезь с моего [стула]!
receive	I didn't [receive] any notice.	Я не [получал] никакого уведомления.
hang	Don't [hang] up yet, please.	Не [вешайте] пока трубку, пожалуйста.
lord	[Lord] have mercy!	[Господи], помилуй!
everybody	[Everybody] must do this.	[Каждый] должен это делать.
welcome	[Welcome] home, little brother!	Добро [пожаловать] домой, братишка!
chicken	Want some [chicken]?	[Курицу] будешь?
season	Spring is flower [season].	Весна - [сезон] цветов.
anyway	What's so special about her [anyway]?	Что [в] ней вообще такого особого?
board	Bring your own chess [board].	Принесите свою шахматную [доску].
choose	Take your time in [choosing].	Не спеши, [выбирай] спокойно.
finally	She [finally] found him.	Она [наконец] его нашла.
security	[Security] before everything else.	[Безопасность] прежде всего.
across	Put the two sticks [across] each other.	Положите две палочки [поперёк] друг друга.
box	Give me that other [box].	Дай мне вторую [коробку].
involve	I didn't want to [involve] her.	Я не хотел её [вовлекать].
often	People [often] ask me that.	Люди [часто] меня об этом спрашивают.
hospital	She'll leave [hospital] soon.	Она скоро выйдет из [больницы].
account	Charge this to my [account].	Запишите это на мой [счёт].
shall	Well, what [shall] we do?	Ну, что [будем] делать?
serious	She's [serious] about her work.	Она [серьёзно] относится к работе.
somebody	Can [somebody] please help me?	[Кто-нибудь] может мне помочь?
visit	She [visits] us every other day.	Она [посещает] нас через день.
ahead	Walk [ahead] of me.	Иди [впереди] меня.
hat	Please take off your [hat].	Снимите [шляпу], пожалуйста.
choice	There's no other [choice].	Другого [выбора] нет.
ground	There's snow on the [ground].	На [земле] лежит снег.
store	When will your new [store] open?	Когда откроется твой новый [магазин]?
serve	We're waiting to be [served].	Мы ждем [обслуживания].
shirt	Please take off your [shirt].	Пожалуйста, снимите [рубашку].
vote	Thanks for [voting] for me.	Спасибо, что [голосовал] за меня.
term	Who comes up with all these strange [terms]?	Кто придумывает все эти странные [термины]?
tea	We've run out of [tea].	У нас закончился [чай].
ear	Stop yelling in my [ear].	Хватит орать мне в [ухо].
local	We have some [local] wine.	У нас есть немного [местного] вина.
rock	Their ship struck a [rock].	Их корабль налетел на [скалу].
poor	Where do these [poor] people live?	Где живут эти [бедные] люди?
letter	Type this [letter] for me.	Напечатай мне это [письмо].
worth	Nothing [worth] having comes easy.	Ничто [стоящее] не достаётся легко.
murder	We all suspect him of [murder].	Мы все подозреваем его в [убийстве].
message	Thanks for your [message].	Спасибо за Ваше [сообщение].
trouble	Stay out of [trouble].	Не лезь в [неприятности].
cannot	We [cannot] do without water.	Мы не [можем] обойтись без воды.
raise	Never [raise] your hand against your father.	Никогда не [поднимай] руку на отца.
tooth	Put your [tooth] under your pillow.	Положи [зуб] под подушку.
north	We went due [north].	Мы пошли точно на [север].
ten	Make me [ten] more.	Сделай мне ещё [десять].
relationship	What's your [relationship] with your father like?	Какие у вас [отношения] с отцом?
voice	She lost her [voice].	Она потеряла [голос].
laugh	You may [laugh] at me.	Можешь [смеяться] надо мной.
whether	I wonder [whether] that'll work.	Интересно, сработает [ли] это.
perhaps	[Perhaps] we could talk later.	[Возможно], мы могли бы поговорить позже.
race	Who's your favorite [race] car driver?	Кто твой любимый [гонщик]?
mile	It's one [mile] from here.	Это в [миле] отсюда.
wall	Let's tear down this [wall].	Давайте снесём эту [стену].
event	This [event] will go down in history.	Это [событие] войдёт в историю.
neck	My [neck] hurts today.	У меня сегодня [шея] болит.
excuse	We nearly always [excuse] what we can understand.	Мы почти всегда [извиняем] то, что понимаем.
match	There's a football [match] tomorrow.	Завтра футбольный [матч].
personal	That's just my [personal] opinion.	Это только моё [личное] мнение.
fix	This can't be [fixed].	Это не [чинится].
shut	This shop [shuts] at nine.	Этот магазин [закрывается] в девять.
burn	Our love will [burn] forever.	Наша любовь будет [гореть] вечно.
track	I put this [track] on repeat.	Я этот [трек] на репит поставил.
remain	We must [remain] here.	Мы должны [оставаться] здесь.
nose	Breathe in through your [nose].	Дышите [носом].
captain	Where's your [captain]?	Где ваш [капитан]?
appear	Pockets of blue sky are beginning to [appear].	Начинают [появляться] просветы голубого неба.
health	Take care of your [health].	Позаботься о своём [здоровье].
view	What a beautiful [view]!	Какой прекрасный [вид]!
protect	We must [protect] the environment.	Мы должны [охранять] окружающую среду.
space	Respect my [space].	Уважай моё личное [пространство].
round	We're open all year [round].	Мы открыты [круглый] год.
notice	She never even [noticed] him.	Она его никогда даже не [замечала].
sing	Who will [sing] tonight?	Кто будет [петь] сегодня вечером?
final	That's my [final] answer.	Это мой [окончательный] ответ.
instead	What do you want [instead]?	Что вы хотите [вместо] этого?
concern	There's no cause for [concern].	Нет повода для [беспокойства].
count	[Count] me out.	Меня не [считайте].
blow	That's a low [blow].	Это [удар] ниже пояса.
push	Don't [push] me.	Не [толкай] меня!
situation	Let me explain our [situation].	Позвольте мне объяснить нашу [ситуацию].
handle	Let go of the [handle].	Отпусти [ручку].
claim	She [claims] that she's happy.	Она [утверждает], что счастлива.
judge	We [judge] people every day.	Мы [судим] людей каждый день.
middle	I'm the one in the [middle].	Я — в [середине].
anymore	We can't do this [anymore].	Мы [больше] не можем этого делать.
cold	Bring me some [cold] water.	Принесите мне [холодной] воды.
design	Do you like this [design]?	Тебе нравится этот [дизайн]?
project	Tell me about your [project].	Расскажи мне о своём [проекте].
complete	We want [complete] sentences.	Мы хотим [полные] предложения.
winter	What's your favorite [winter] sport?	Какой ваш любимый [зимний] вид спорта?
stupid	His [stupid] answer surprised everybody.	Его [глупый] ответ удивил всех.
station	We'll meet at the [station].	Встретимся на [станции].
shop	In this [shop] we sell meat.	В этом [магазине] мы продаём мясо.
drug	This [drug] acts against headache.	Это [лекарство] помогает от головной боли.
mention	She never [mentioned] him again.	Больше она никогда о нём не [упоминала].
honor	Objection, your [honor]!	Возражаю, ваша [честь]!
press	Let's call a [press] conference.	Давайте созовём [пресс-конференцию].
prove	That [proves] my theory.	Это [доказывает] мою теорию.
patient	That [patient] may die at any time.	Этот [пациент] может умереть в любой момент.
hide	I can't [hide] out forever.	Я не могу [прятаться] вечно.
cross	Our paths rarely [crossed].	Наши пути редко [пересекались].
deep	That's kind of [deep].	Тут как-то [глубоко].
decision	We make every [decision] together.	Мы все [решения] принимаем вместе.
west	Let's go [west].	Пойдем на [запад].
July	[July] is the driest month of the year.	[Июль] — самый засушливый месяц года.
treat	Don't [treat] anyone this way.	Не надо ни с кем так [обращаться].
straight	Go [straight], then turn right.	Иди [прямо], затем поверни направо.
department	That's your [department].	Это ваш [отдел].
steal	I would rather die than [steal] from others.	Я бы лучше умер, чем стал [красть].
attention	Pay very close [attention].	Обрати самое пристальное [внимание].
due	Give credit where credit's [due].	Отдай [должное] тому, кто это заслужил.
wow	[Wow], look at this.	[Ух] ты, посмотри на это.
certain	This book has a [certain] value.	У этой книги есть [определённая] ценность.
bar	That's my favorite [bar].	Это мой любимый [бар].
ring	Give me back my [ring].	Верни мне моё [кольцо].
secret	Share your [secret] with me.	Поделись со мной своим [секретом].
bet	She lost the [bet].	Она проиграла [пари].
simple	Let's start with something [simple].	Начнём с чего-нибудь [простого].
evidence	There's no [evidence].	Этому нет [доказательств].
Monday	[Monday] works better for me.	Мне в [понедельник] удобнее.
church	This [church] is very big.	Эта [церковь] очень большая.
seven	Wake up at [seven], please.	Проснитесь в [семь], пожалуйста.
private	That's my [private] plane.	Это мой [частный] самолёт.
kick	Who [kicked] this ball?	Кто [пинал] этот мяч?
cry	She [cried] over his shoulder.	Она [плакала] у него на плече.
sweet	She's as [sweet] as honey.	Она [сладкая], как мёд.
seat	Put your bag under your [seat].	Положи сумку под [сиденье].
plate	Eat everything on your [plate].	Съешь всё, что есть у тебя на [тарелке].
several	That could take [several] months.	На это может уйти [несколько] месяцев.
milk	Give me some [milk], too.	Дайте и мне [молока].
window	Help me open this [window].	Помоги мне открыть это [окно].
gold	We found [gold] in that region.	Мы нашли в этой местности [золото].
apple	Where's my [apple] juice?	Где мой [яблочный] сок?
quick	[Quick], run after him.	[Быстрее], беги за ним.
cake	We left him some [cake].	Мы оставили ему немного [торта].
teach	Sometimes we [teach], sometimes we learn.	Иногда мы [учим], а иногда сами учимся.
English	[English] isn't my first language.	[Английский] - не мой родной язык.
research	I know about that [research].	Я знаю об этом [исследовании].
dear	With pleasure, my [dear].	С удовольствием, [дорогой].
wake	You need to [wake] up.	Тебе надо [просыпаться].
roll	[Roll] over on your back.	Повернитесь на спину.
chief	Is that right, [chief]?	Верно, [шеф]?
difference	There is one big [difference].	Есть одно большое [различие].
favorite	What's your [favorite] cold drink?	Какой твой [любимый] прохладительный напиток?
character	She's a woman of [character].	Она женщина с [характером].
market	She's at the [market].	Она на [рынке].
meat	There's [meat] in this soup.	В этом супе есть [мясо].
agent	She's his [agent].	Она его [агент].
especially	I love music, [especially] rock.	Я люблю музыку, [особенно] рок.
social	What is [social] justice?	Что такое [социальная] справедливость?
glad	I'm [glad] we're in agreement.	Я [рад], что мы пришли к соглашению.
September	[September] eleventh is my birthday.	Одиннадцатого [сентября] у меня день рождения.
process	It's a very simple [process].	Это очень простой [процесс].
animal	What's your favorite wild [animal]?	Какое твоё любимое дикое [животное]?
except	We drink everything [except] water.	Мы пьем всё, [кроме] воды.
pain	Please rid me of this [pain].	Избавь меня, пожалуйста, от этой [боли].
respect	People treat me with [respect].	Люди относятся ко мне с [уважением].
draw	I can't [draw] at all.	Я вообще не умею [рисовать].
storm	We had a [storm] yesterday.	Вчера у нас был [шторм].
dinner	Please eat up your [dinner].	Доедай свой [ужин], пожалуйста.
community	He's very active in his [community].	Он очень активен в своём [сообществе].
certainly	That's [certainly] amazing luck.	Это, [конечно], удивительное везение.
rate	We'll never get there at this [rate].	Такими [темпами] мы никогда туда не доберёмся.
color	What's your natural hair [color]?	Какой твой натуральный [цвет] волос?
sugar	Lemon tea without [sugar], please.	Чай с лимоном без [сахара], пожалуйста.
dark	Why's everything so [dark]?	Почему всё такое [тёмное]?
earth	We live on the [earth].	Мы живём на [Земле].
trade	In [trade], time is money.	В [торговле] время - деньги.
condition	We will accept your [conditions].	Мы примем ваши [условия].
tree	Let's rest under that [tree].	Давай отдохнём под этим [деревом].
forward	Take another step [forward].	Сделай ещё шаг [вперёд].
sick	We're very [sick].	Мы очень [больны].
practice	This should become standard [practice].	Это должно стать общепринятой [практикой].
fan	I'm a big [fan] of golf.	Я большой [фанат] гольфа.
cousin	She's his [cousin].	Она его [двоюродная] сестра.
hotel	Please get me [hotel] security.	Пожалуйста, позовите службу охраны [гостиницы].
luck	Good [luck] on your date.	[Удачного] тебе свидания.
scene	I like this [scene] in particular.	Эта [сцена] мне особенно нравится.
page	Please copy this [page].	Пожалуйста, скопируйте эту [страницу].
fit	None of my clothes [fit].	Ничто из моей одежды не [подходит].
accept	We [accept] your challenge.	Мы [принимаем] твой вызов.
mistake	Many people make that [mistake].	Многие делают эту [ошибку].
coat	Hang up your [coat], please.	Повесьте Ваше [пальто], пожалуйста.
partner	She's his [partner].	Она его [партнёр].
bag	Please show me your [bag].	Пожалуйста, покажите мне свою [сумку].
army	Build your [army].	Создайте свою [армию].
master	Do not call him [master].	Не называйте его [хозяином].
fourth	[Fourth] floor, please.	[Четвёртый] этаж, пожалуйста.
file	Please delete this [file].	Пожалуйста, удалите этот [файл].
floor	Look down at the [floor].	Посмотрите на [пол].
afraid	You look [afraid].	Ты выглядишь [испуганным].
shoulder	Put your hand on my [shoulder].	Положи руку мне на [плечо].
horse	Get down from your [horse].	Слезай со своей [лошади].
gray	Everything around him is [gray].	Всё вокруг него [серое].
snow	We rarely get [snow] here.	У нас тут редко [снег] бывает.
suggest	So what do you [suggest]?	Так что ты [предлагаешь]?
unless	You'll never know [unless] you try.	[Не] узнаешь, пока не попробуешь.
absolutely	There's [absolutely] no risk.	Нет [абсолютно] никакого риска.
although	[Although] he's young, he's an outstanding doctor.	[Несмотря] на то, что он так молод, он замечательный врач.
amazing	Don't miss this [amazing] opportunity.	Не упусти эту [удивительную] возможность.
knife	Give me your [knife].	Дай мне свой [нож].
wonderful	Many thanks for this [wonderful] trip.	Огромное спасибо за эту [замечательную] поездку.
eight	Get me up at [eight].	Разбуди меня в [восемь].
yellow	What's that [yellow] thing over there?	Что это там такое [жёлтое]?
yours	Here, this one's [yours].	Вот, это [твоя].
contact	Let's exchange [contact] information.	Давайте обменяемся [контактной] информацией.
code	I can't break this [code].	Я не могу сломать этот [код].
dollar	This hat cost ten [dollars].	Эта шляпа стоила десять [долларов].
source	I can't reveal my [source].	Я не могу раскрыть свой [источник].
model	How do large language [models] work?	Как работают большие языковые [модели]?
search	What's your favorite [search] engine?	Какая у тебя любимая [поисковая] система?
brain	Turn your [brain] off.	Выключи [мозги].
size	Try this on for [size].	Проверь, подойдёт ли по [размеру].
stage	On [stage], he would forget everything.	На [сцене] он забывал обо всём.
fail	We can't [fail] again.	Мы не можем потерпеть [неудачу] снова.
enter	Knock before [entering].	Стучите перед тем, как [входить].
trip	Tell me about your [trip].	Расскажи мне о своей [поездке].
lay	[Lay] this aside for me.	Отложите это для меня.
sale	[Sales] should double this year.	В этом году [продажи] должны удвоиться.
thousand	Two [thousand] people fit into this hall.	Этот зал вмещает две [тысячи] людей.
fear	We live in [fear].	Мы живём в [страхе].
jump	She can [jump] high.	Она умеет высоко [прыгать].
entire	Read out the [entire] list, please.	Огласите [весь] список, пожалуйста!
fair	Well, that's [fair].	Что ж, [справедливо].
block	I live three [blocks] away.	Я живу в трёх [кварталах] отсюда.
kiss	Why would anybody [kiss] me?	Зачем кому-то меня [целовать]?
operation	My [operation] went very well.	[Операция] у меня прошла очень хорошо.
October	[October] isn't so far off.	[Октябрь] не так давно прошёл.
example	Please show me another [example].	Пожалуйста, покажите мне другой [пример].
August	[August] has thirty-one days.	В [августе] тридцать один день.
shoot	Go ahead, [shoot] me.	Давай, [стреляй] в меня.
require	Almost nothing was [required] of me.	От меня почти ничего не [требовалось].
according	He acts [according] to my advice.	Он действует [согласно] моему совету.
per	How much does she spend [per] month?	Сколько она тратит [в] месяц?
university	Where's your [university]?	Где находится твой [университет]?
spot	There's a [spot] on your shirt.	У тебя на рубашке [пятно].
imagine	I can't [imagine] why.	Даже не [представляю] почему.
usually	We [usually] eat before seven.	Мы [обычно] едим до семи.
risk	We'll take that [risk].	Мы пойдем на этот [риск].
left	Lie on your [left] side.	Ложитесь на [левый] бок.
Christmas	[Christmas] is my favorite holiday.	[Рождество] - мой любимый праздник.
cheese	How about some chocolate [cheese]?	Как насчёт шоколадного [сыра]?
various	We talked about [various] topics.	Мы обсуждали [различные] темы.
fill	My heart is [filled] with joy.	Мое сердце [наполняется] радостью.
till	Can this wait [till] morning?	Это может подождать [до] утра?
unit	A pound is a [unit] of weight.	Фунт - это [единица] веса.
common	That's [common] knowledge.	Это [общеизвестно].
smoke	What do we [smoke]?	Что [курим]?
teacher	Tell me about your [teacher].	Расскажи мне о своём [учителе].
exist	We cannot [exist] without water.	Мы не можем [существовать] без воды.
knee	How's your [knee]?	Как твоё [колено]?
main	That's our [main] goal.	Это наша [основная] цель.
machine	Who can operate this [machine]?	Кто может управлять этой [машиной]?
none	I know [none] of them.	Я [ни] с кем из них не знаком.
hundred	One [hundred] percent.	[Сто] процентов.
prepare	How do you [prepare] that soup?	Как [готовится] этот суп?
evening	Let's eat in this [evening].	Давай сегодня [вечером] дома поедим.
cell	[Cells] make up tissues.	[Клетки] образуют ткани.
sport	What's your favorite summer [sport]?	Какой ваш любимый летний вид [спорта]?
ice	We're out of [ice].	У нас [лёд] закончился.
joke	What's your favorite [joke]?	Какая твоя любимая [шутка]?
among	This bridge became famous [among] young people.	Этот мост стал известным [среди] молодёжи.
above	This is [above] me.	Это [выше] моих сил.
bear	[Bears] can attack people.	[Медведи] могут нападать на людей.
medical	I need [medical] help.	Мне нужна [медицинская] помощь.
provide	Bees [provide] honey for us.	Пчёлы [обеспечивают] нас мёдом.
smart	That's what [smart] people do.	[Умные] люди так и делают.
upon	Never rely too much [upon] others.	Никогда не полагайся слишком [на] других.
November	[November] is an autumn month in the northern hemisphere.	В Северном полушарии [ноябрь] — осенний месяц.
focus	We must [focus].	Мы должны [сосредоточиться].
score	We know the [score].	Мы знаем [счёт].
French	[French] is her first language.	Её родной язык [французский].
arrest	Should we [arrest] them?	Нам их [арестовать]?
waste	Actually, we [waste] water.	Вообще, мы зря [тратим] воду.
double	There's a [double] standard.	Это [двойные] стандарты.
lock	We never [lock] that door.	Мы никогда не [запираем] ту дверь.
twenty	She cannot be over [twenty].	Ей не может быть больше [двадцати].
effect	What [effect] will that have?	Какой это будет иметь [эффект]?
director	This is our [director].	Это наш [директор].
interesting	What's so [interesting] in there?	Что там такого [интересного]?
rich	She's neither [rich] nor famous.	Она и не [богата], и не знаменита.
surprise	What a nice [surprise]!	Какой приятный [сюрприз]!
crime	There's no perfect [crime].	Идеальных [преступлений] не бывает.
value	We have such different [values].	У нас абсолютно разные [ценности].
arrive	His train [arrives] at five this evening.	Его поезд [прибывает] сегодня в пять вечера.
strike	People sometimes do get [struck] by lightning.	В людей иногда [ударяет] молния.
east	My room faces [east].	Окна моей комнаты выходят на [восток].
alive	We found him [alive].	Мы нашли его [живым].
completely	I [completely] approve of this.	Я это [полностью] одобряю.
lucky	Do you feel [lucky]?	Ты чувствуешь себя [удачливым]?
plant	[Plants] grow quickly after rain.	[Растения] быстро растут после дождя.
boss	She's her own [boss].	Она сама себе [начальник].
sea	Please send this by [sea] mail.	Пожалуйста, отправьте это [морской] почтой.
radio	What's your favorite [radio] station?	Какая у вас любимая [радиостанция]?
photo	Please send me your [photo].	Пожалуйста, пришли мне свою [фотографию].
slow	Work fast, eat [slow].	Работай быстро, ешь [медленно]!
cop	That's why you're a [cop].	Поэтому ты и [коп].
river	How wide is this [river]?	Насколько широка эта [река]?
computer	What's your favorite [computer] game?	Какая у тебя любимая [компьютерная] игра?
coach	Who's the new head [coach]?	Кто новый главный [тренер]?
address	Please tell me your [address].	Скажи мне свой [адрес], пожалуйста.
policy	That's our [policy].	Это наша [политика].
total	We were in [total] shock.	Мы были в [полном] шоке.
destroy	Culture [destroys] language.	Культура [разрушает] язык.
property	My father left me some [property].	Отец оставил мне кое-какую [собственность].
themselves	Let them take care of [themselves].	Пусть сами о [себе] позаботятся.
data	We need more [data].	Нам нужно больше [данных].
weapon	What's your favorite [weapon]?	Какое твоё любимое [оружие]?
boot	Take off your [boots].	Сними свои [сапоги]!
feed	I must [feed] my family.	Я должен [кормить] семью.
military	What a nice [military] parade!	Какой прекрасный [военный] парад!
yesterday	Our favorite team lost [yesterday].	Наша любимая команда [вчера] проиграла.
anybody	Hey, can [anybody] help me?	Эй, [кто-нибудь] может мне помочь?
plane	Their [plane] will soon take off.	Их [самолёт] скоро взлетит.
develop	China's [developing] too quickly.	Китай [развивается] слишком быстро.
increase	Paper production [increases] annually.	Ежегодно [увеличивается] производство бумаги.
dude	[Dude], trust me.	[Чувак], поверь мне.
boat	We're in the same [boat].	Мы в одной [лодке].
wedding	Their [wedding] will be tomorrow.	Их [свадьба] будет завтра.
gas	We cook on [gas].	Мы готовим на [газу].
gift	Please accept this little [gift].	Пожалуйста, примите этот скромный [подарок].
cap	Where's my lucky blue [cap]?	Где моя счастливая голубая [кепка]?
cat	Who'll look after your [cat]?	Кто будет присматривать за твоей [кошкой]?
worse	We could do [worse].	Мы могли сделать [хуже].
whose	[Whose] cell phone is this?	[Чей] это мобильник?
cook	She can't [cook] well.	Она не умеет хорошо [готовить].
fifth	It's her [fifth] birthday tomorrow.	Завтра её [пятый] день рождения.
feeling	That's my [feeling] as well.	У меня тоже такое [чувство].
county	This [county] is poor in natural resources.	Этот [округ] беден природными ресурсами.
leader	We need a new [leader].	Нам нужен новый [лидер].
official	This news is [official].	Это [официальная] новость.
energy	We must reduce [energy] demand.	Нам необходимо снизить потребность в [энергии].
December	[December] is the last month.	[Декабрь] - последний месяц.
difficult	Who can deal with this [difficult] situation?	Кто может справиться с этой [трудной] ситуацией?
peace	We all hope for [peace].	Мы все надеемся на [мир].
tie	She can't [tie] her own shoes.	Она не умеет [завязывать] шнурки.
Thursday	[Thursday] is a useless day.	[Четверг] - бесполезный день.
Tuesday	[Tuesday] is the second day of the week.	[Вторник] - второй день недели.
orange	There's no [orange] juice left.	[Апельсинового] сока не осталось.
guard	There's no [guard].	[Охранника] нет.
normal	Just pretend like everything's [normal].	Просто сделай вид, что всё [нормально].
science	[Science] can't explain this.	[Наука] не может этого объяснить.
language	We express thought with [language].	Мы выражаем наши мысли с помощью [языка].
soul	May his [soul] rest in peace.	Да упокоится [душа] его в мире.
camera	Show me another [camera], please.	Покажите мне, пожалуйста, другую [камеру].
site	This [site] is really great!	Этот [сайт] по-настоящему превосходен!
January	[January] is over already.	Уже прошёл [январь].
period	It was a difficult [period].	Это был сложный [период].
marriage	We'll talk more about your [marriage] tomorrow.	Мы обсудим ваш [брак] подробнее завтра.
credit	Your [credit] card, please.	Вашу [кредитную] карточку, пожалуйста.
lawyer	Who is your [lawyer]?	Кто ваш [юрист]?
currently	She is [currently] in danger.	Она сейчас [в] опасности.
ticket	Let me check your [ticket].	Позвольте мне проверить ваш [билет].
career	Let's talk about your [career].	Давайте поговорим о вашей [карьере].
appreciate	We [appreciate] your hard work.	Мы [ценим] твой тяжкий труд.
suit	Change into your [suit].	Переоденьтесь в свой [костюм].
chocolate	We will eat your [chocolate].	Мы съедим твой [шоколад].
describe	Which best [describes] his actions?	Что лучше [описывает] его действия?
favor	Please do me a [favor].	Окажи мне, пожалуйста, одну [услугу].
island	How many people live on this [island]?	Сколько человек живёт на этом [острове]?
sun	Nothing new under the [sun].	Ничто не ново под [солнцем].
definitely	We [definitely] need more help.	Нам [определённо] нужна дополнительная помощь.
pressure	Let me take your blood [pressure].	Позвольте мне измерить ваше кровяное [давление].
honey	Come back to bed, [honey].	Возвращайся в постель, [дорогая].
beginning	Let's begin at the [beginning].	Давайте начнём с самого [начала].
doubt	There's no [doubt] about that.	В этом нет [сомнения].
opportunity	Take advantage of every [opportunity].	Пользуйтесь любой [возможностью].
memory	His [memory] will live forever.	[Память] о нём будет жить вечно.
oil	Add some [oil].	Добавьте [масла].
tough	This meat is [tough].	Это мясо [жёсткое].
website	That's his private [website].	Это его персональный [веб-сайт].
society	Language cannot exist outside [society].	Вне [общества] нет языка.
pack	[Pack] them in the box.	Упакуйте их в коробку.
damage	Microwaves can cause serious [damage].	Микроволны могут нанести тяжёлый [ущерб].
style	Celebrate in [style]!	Празднуй [стильно]!
weekend	Let's spend all [weekend] together.	Давай проведём вместе все [выходные].
detail	Describe that accident in [detail].	Опиши тот несчастный случай в [деталях].
mad	Why are you so [mad]?	Ты чего такой [злой]?
jacket	Take off your [jacket].	Сними [куртку].
band	What's your favorite [band]?	Какая у тебя любимая [группа]?
weird	What's so [weird] about that?	Что в этом такого [странного]?
discuss	We can't [discuss] this now.	Сейчас мы не можем это [обсуждать].
available	More information is [available] on our website.	Больше информации [доступно] на нашем сайте.
pink	[Pink] milk, pink milk!	[Розовое] молоко, розовое молоко!
series	I missed my favourite [series].	Я пропустил свой любимый [сериал].
belt	Give me your [belt].	Дай мне свой [ремень].
remove	Soap has the property of [removing] dirt.	Мыло обладает свойством [удалять] грязь.
cash	[Cash] or credit card?	[Наличными] или кредиткой?
copy	Stop [copying] my sentences.	Перестань [копировать] мои предложения.
busy	She's [busy] with her work.	Она [занята] своей работой.
smell	Your hair [smells] like spring.	Твои волосы [пахнут] весной.
approach	Let's try another [approach].	Давайте попробуем другой [подход].
attempt	His [attempt] ended in failure.	Его [попытка] закончилась неудачей.
salt	Man cannot live without [salt].	Человек не может прожить без [соли].
natural	That's perfectly [natural].	Это совершенно [естественно].
somewhere	Please write this down [somewhere].	Запишите это [где-нибудь], пожалуйста.
subject	What's your favorite [subject] at school?	Какой у тебя любимый [предмет] в школе?
speed	There's no [speed] limit.	Ограничения по [скорости] нет.
goal	How can we achieve that [goal]?	Как нам достичь этой [цели]?
stomach	She died of [stomach] cancer.	Она умерла от рака [желудка].
smile	Keep on [smiling].	Продолжайте [улыбаться].
mess	Who's taking responsibility for this [mess]?	Кто берет на себя ответственность за этот [беспорядок]?
manage	My father [manages] a store.	Мой отец [управляет] магазином.
professor	But that's impossible, [professor].	Но это невозможно, [профессор].
aunt	Stay with your [aunt].	Побудь со своей [тётей].
pen	Please give me this [pen].	Дай мне эту [ручку], пожалуйста.
tax	We must pay [taxes].	Мы должны платить [налоги].
defense	The enemy [defense] was broken.	Вражеская [оборона] была сломлена.
amount	Even small [amounts] of lead are dangerous.	Свинец опасен даже в малых [количествах].
media	Don't believe the [media].	Не верь [СМИ].
birthday	Please attend my [birthday] party.	Приходи, пожалуйста, на мой день [рождения].
fat	Never call anyone [fat].	Никогда никого не называй [жирным].
simply	We can't [simply] give up.	Мы не можем [просто] сдаться.
extra	They require [extra] help.	Им требуется [дополнительная] помощь.
bread	We eat butter on [bread].	Мы едим [хлеб] с маслом.
suffer	How much more must we [suffer]?	Сколько ещё мы должны [страдать]?
ray	Ultraviolet [rays] can cause skin cancer.	Ультрафиолетовые [лучи] могут вызвать рак кожи.
huge	What is that [huge] building?	Что это за [огромное] здание?
admit	Tom can't ever [admit] being wrong.	Том не способен [признавать] свои ошибки.
economic	The [economic] situation grew worse.	[Экономическая] ситуация ухудшалась.
loss	We're very sorry for your [loss].	Мы очень сожалеем о вашей [потере].
bus	Which [bus] will we take?	На каком [автобусе] мы поедем?
tired	We're both very [tired].	Мы оба очень [устали].
image	What do you see in this [image]?	Что Вы видите на этом [изображении]?
review	You can leave a [review].	Вы можете оставить отзыв.
target	Which is your [target]?	Какая у тебя [цель]?
quiet	Let's go somewhere [quiet].	Пойдёмте в [тихое] место.
article	Please read that [article].	Прочти эту [статью], пожалуйста.
effective	This medicine is very [effective].	Это очень [эффективное] лекарство.
battle	We've already won this [battle].	Мы уже выиграли эту [битву].
quickly	Get out of here [quickly]!	[Быстро] уходите отсюда!
camp	We'll set up [camp] here.	Мы разобьём здесь [лагерь].
bird	Go buy some [bird] food.	Пойди купи корма для [птиц].
opinion	Give me your [opinion], please.	Скажи, пожалуйста, своё [мнение].
manager	That's the new [manager].	Это новый [менеджер].
totally	That's [totally] my fault.	Это целиком и [полностью] моя вина.
accident	Many [accidents] happen every year.	Каждый год происходит множество [аварий].
itself	Good music speaks for [itself].	Хорошая музыка говорит сама за [себя].
political	I share his [political] position.	Я разделяю его [политические] взгляды.
beach	We live near the [beach].	Мы живем рядом с [пляжем].
generally	I [generally] agree with her.	В [целом] я с ней согласен.
contract	We need a [contract].	Нам нужен [контракт].
product	Choose one from among these [products].	Выберите один из этих [продуктов].
recognize	Tom didn't seem to [recognize] me.	Том, похоже, меня не [узнавал].
knock	Could you at least [knock]?	Ты можешь хотя бы [стучаться]?
football	We'll play [football] after school.	После школы мы будем играть в [футбол].
swear	She [swore] she'd do that.	Она поклялась, что сделает это.
flight	What time's your [flight]?	Во сколько у тебя [рейс]?
standard	This is [standard] procedure.	Это [стандартная] процедура.
grant	[Grant] was extremely popular.	[Грант] был чрезвычайно популярен.
professional	Is that your [professional] opinion?	Это твоё [профессиональное] мнение?
hill	This [hill] is high.	[Холм] высокий.
tear	Your [tears] tear my heart!	Твои [слезы] разрывают мне сердце!
travel	We can [travel] together.	Мы можем [путешествовать] вместе.
seriously	We take that very [seriously].	Мы очень [серьёзно] к этому относимся.
original	Your idea is very [original].	Твоя идея очень [оригинальна].
lovely	She's a [lovely] young girl.	Она [прелестная] девочка.
scared	They seem [scared].	Они кажутся [испуганными].
clothes	Take off your wet [clothes].	Снимите свою мокрую [одежду].
fault	That's your own [fault].	Ты сам [виноват].
bomb	What's that [bomb] for?	Для чего эта [бомба]?
deserve	We [deserve] better than that.	Мы [заслуживаем] большего.
gentleman	Show this [gentleman] the way.	Покажите этому [джентльмену] дорогу.
lunch	We can leave after [lunch].	Мы можем уйти после [обеда].
heavy	Nobody can move this [heavy] stone.	Никто не может сдвинуть этот [тяжёлый] камень.
direct	That's a [direct] order.	Это [прямой] приказ.
queen	She is your [queen].	Она ваша [королева].
load	The page won't [load].	Страница не [грузится].
rise	Yeast makes dough [rise].	Дрожжи заставляют тесто [подниматься].
Wednesday	[Wednesday] I am free.	В [среду] я свободен.
deliver	Who [delivers] the letter?	Кто [доставляет] письмо?
link	There is no [link] between these two.	Между этими двумя нет [связи].
spirit	Where's your [spirit] of adventure?	Где твой [дух] искателя приключений?
trial	There was a [trial].	Был [суд].
taste	This cake [tastes] too sweet.	У этого торта слишком сладкий [вкус].
belong	This must've [belonged] to them.	Это, должно быть, [принадлежало] им.
likely	She will [likely] change her mind.	Она, [вероятно], передумает.
perform	She [performed] her daily duties without any passion.	Свои повседневные обязанности она [выполняла] безо всякого энтузиазма.
grand	What is the [grand] total?	Каков общий итог?
weight	She will lose [weight].	Она сбросит [вес].
introduce	No need to [introduce] yourself.	[Представляться] нет необходимости.
driver	Where's my [driver]?	Где мой [водитель]?
February	[February] is over.	[Февраль] прошёл.
holy	This is [holy] ground.	Это [святая] земля.
soldier	Let's pretend that we're [soldiers].	Давай притворимся, что мы [солдаты].
proud	We're [proud] of our team.	Мы [гордимся] своей командой.
significant	There's no [significant] difference between them.	Между ними нет [значительной] разницы.
fund	We lost all of our [funding].	Мы лишились всего нашего финансирования.
produce	We [produce] palm wine.	Мы [производим] пальмовое вино.
flower	What's your favorite [flower]?	Какой твой любимый [цветок]?
invite	No one [invited] her.	Никто её не [приглашал].
Russian	[Russian] is my favorite language.	[Русский] - мой любимый язык.
range	What's the name of the mountain [range]?	Какое название носит горный хребет?
grab	[Grab] my hand.	[Хватай] меня за руку.
hole	Do black [holes] exist?	Существуют ли чёрные [дыры]?
afternoon	We were studying all [afternoon].	Мы занимались весь [день] с обеда до вечера.
victim	She's a [victim] of her own success.	Она [жертва] собственного успеха.
witness	We're both [witnesses].	Мы оба [свидетели].
mix	Never [mix] business with pleasure.	Никогда не [смешивайте] бизнес и удовольствие.
truck	Get out of that [truck].	Выйди из этого [грузовика].
rose	This [rose] is very beautiful.	Эта [роза] очень красива.
nine	Come any time after [nine].	Приходите в любое время после [девяти].
heat	We can't work in this [heat].	Мы не можем работать в такую [жару].
education	First [education], then marriage.	Сначала [образование], потом свадьба.
wood	Dry [wood] burns quickly.	Сухое [дерево] быстро горит.
enemy	Never trust your [enemy].	Никогда не доверяйте [врагу].
stone	Help me move this [stone].	Помогите мне передвинуть этот [камень].
material	We'll use other [material].	Мы используем другой [материал].
international	There is no [international] sign language.	[Международного] жестового языка не существует.
challenge	Do you accept this [challenge]?	Вы принимаете этот [вызов]?
statement	That's a pretty strong [statement].	Это довольно сильное [заявление].
beer	Let's drink wine or [beer].	Давай выпьем вина или [пива].
German	[German] is really difficult.	[Немецкий] очень сложный.
female	His movies often feature strong [female] characters.	В его фильмах часто показывают сильных [женских] персонажей.
tour	How much is the [tour]?	Во сколько обойдётся [тур]?
request	Consider my [request].	Рассмотрите мою [просьбу].
performance	His [performance] was amazing.	Его [выступление] было потрясающим.
staff	Almost all of the [staff] left.	Почти весь [персонал] ушёл.
interview	Can we [interview] them?	Мы можем взять у них [интервью]?
forever	Let's stay here [forever].	Давай останемся здесь [навсегда].
terrible	We're all in [terrible] danger.	Мы все в [ужасной] опасности.
worst	You're your own [worst] enemy.	Ты сам себе [худший] враг.
assume	I [assume] something good happened.	[Предполагаю], случилось что-то хорошее.
Chinese	[Chinese] is difficult.	[Китайский] - сложный язык.
legal	Is that even [legal]?	Это вообще [законно]?
nation	No [nation] can exist completely isolated from others.	Ни одна [нация] не может существовать абсолютно изолированно от других.
access	Do you have internet [access] at home?	У тебя дома есть [доступ] к Интернету?
juice	Yes, orange [juice], please.	Да, апельсиновый [сок], пожалуйста.
immediately	Get out of here [immediately]!	Убирайтесь отсюда [немедленно]!
supply	Our [supplies] won't last forever.	Наши [запасы] не вечны.
apartment	Get out of my [apartment].	Убирайся из моей [квартиры].
role	What's my [role]?	Какова моя [роль]?
British	[British] troops held that area.	[Британские] войска удерживали эту территорию.
effort	His [effort] will bear fruit.	Его [усилия] принесут плоды.
current	That's the [current] plan.	Это [текущий] план.
purpose	For what [purpose]?	С какой [целью]?
mountain	Look at that tall [mountain].	Посмотрите на ту высокую [гору].
nature	How can one protect [nature]?	Как защищать [природу]?
former	My [former] wife could at least cook.	Моя [бывшая] жена хотя бы умела готовить.
mission	That's my [mission].	Такова моя [миссия].
development	I think that's a positive [development].	Думаю, что это положительное [развитие].
prison	His son's in [prison].	Его сын в [тюрьме].
sad	What's your favorite [sad] song?	Какая твоя любимая [грустная] песня?
warm	Thanks for your [warm] welcome!	Спасибо вам за [тёплый] приём!
skin	This will protect your [skin].	Это защитит твою [кожу].
escape	There's no [escape] for her.	Для неё нет спасения.
title	What's the [title] of that book?	Какое [название] у этой книги?
demand	His boss is very [demanding].	У него очень [требовательный] начальник.
client	This is our [client].	Это наш [клиент].
apply	That rule doesn't [apply] here.	Это правило здесь не [применяется].
could	No one [could] buy anything.	Никто ничего не [мог] купить.
anywhere	Do you see them [anywhere]?	Ты их [где-нибудь] видишь?
hire	We didn't [hire] them.	Мы их не [нанимали].
degree	To what [degree] can we trust him?	В какой [степени] мы можем ему доверять?
fellow	Who's that [fellow] over there?	Кто этот человек вон там?
dangerous	She's pretty, but [dangerous].	Она красива, но [опасна].
cute	Who's that [cute] boy?	Что это за [милый] мальчик?
folk	[Folks] like the music.	[Людям] нравится музыка.
hall	This [hall] is very big.	Этот [зал] очень большой.
print	When was [printing] invented?	Когда было изобретено [печатание]?
seek	We will [seek] the truth.	Мы будем [искать] истину.
quit	We [quit] smoking.	Мы [бросали] курить.
artist	That [artist] is very popular.	Этот [художник] очень популярен.
thought	Finish that [thought].	Закончи [мысль].
careful	We're always very [careful].	Мы всегда очень [осторожны].
blame	We can't [blame] anyone else.	Нам больше некого [винить].
bother	That's exactly what's [bothering] me.	Именно это меня и [беспокоит].
bye	[Bye], see you tomorrow!	[Пока], до завтра!
plus	What's two [plus] three?	Сколько будет два [плюс] три?
girlfriend	Stay away from my [girlfriend].	Держись подальше от моей [девушки].
beyond	My house is [beyond] that bridge.	Мой дом [за] тем мостом.
angel	Yes, my [angel].	Да, мой [ангел]!
hero	We regard him as our [hero].	Мы смотрим на него как на [героя].
represent	What company do you [represent]?	Какую фирму вы [представляете]?
dry	That's [dry] information.	Это [сухая] информация.
fool	Shut up, [fool].	Заткнись, [дурак].
relax	I've learned how to [relax].	Я научилась [расслабляться].
operate	Who can [operate] this machine?	Кто может [управлять] этой машиной?
section	Skip that [section].	Пропустите этот [раздел].
depend	That'll [depend] entirely on them.	Это будет целиком [зависеть] от них.
scream	She [screamed] for help.	Она [кричала] о помощи.
discover	[Discover] the world!	[Открывай] мир!
conversation	Let's continue this [conversation] later.	Давай потом продолжим этот [разговор].
century	These trees are [centuries] old.	Эти деревья [вековые].
butter	We've run out of [butter].	У нас [масло] кончилось.
twice	I'd think [twice] about this.	Я бы [дважды] подумал об этом.
duty	That's one of my daily [duties].	Это одна из моих ежедневных [обязанностей].
relate	We're [related] by marriage.	Мы родственники по мужу.
feature	She has fine [features].	У неё хорошие [черты].
strange	There's something [strange] about this house.	Есть что-то [странное] в этом доме.
evil	Good always wins over [evil].	Добро всегда побеждает [зло].
worried	Everyone looks [worried].	Все выглядят [обеспокоенными].
wild	That's so [wild].	Это так [дико].
activity	This [activity] is incompatible with your position.	Данная [деятельность] несовместима с твоей должностью.
guest	What do our [guests] want?	Чего хотят наши [гости]?
engine	Turn off the [engine].	Выключи [двигатель].
corner	Put them in the [corner].	Поставь их в [угол].
quality	This article is high [quality].	Эта статья высокого [качества].
comment	Please leave your [comments] here.	Оставьте, пожалуйста, свои [комментарии] здесь.
settle	Let's all [settle] down.	Давайте все угомонимся.
stock	We're out of [stock] now.	У нас сейчас кончились [запасы].
command	Who's in [command] of this unit?	Кто [командует] этой частью?
benefit	Who will [benefit] from this?	Кому это принесёт [пользу]?
bottom	Read the [bottom] of the page.	Прочти [низ] страницы.
central	We have [central] heating.	У нас [центральное] отопление.
justice	There's no [justice] in this world.	В этом мире нет [справедливости].
calm	Just try to keep [calm].	Просто постарайся [успокоиться].
opening	Think before [opening] your mouth!	Думай, прежде чем [открыть] рот!
success	We all desire [success].	Мы все желаем [успеха].
award	Tom deserved the [award].	Том заслужил [награду].
neither	[Neither] of them like me.	Я никому [из] них не нравлюсь.
remind	This [reminds] me of home.	Это [напоминает] мне о доме.
nurse	My sister's a [nurse].	Моя сестра [медсестра].
union	Are you an active member of the [union]?	Вы активный член [союза]?
buddy	What's that, [buddy]?	Что это, [приятель]?
commit	Why do people [commit] suicide?	Почему люди [совершают] самоубийство?
map	Look at your [map].	Посмотри на свою [карту].
honest	She's stupid, but [honest].	Она глупая, но [честная].
schedule	Let me check my [schedule].	Дайте я посмотрю своё [расписание].
bridge	How long is this [bridge]?	Насколько длинный этот [мост]?
used	My father [used] to travel.	Мой отец [раньше] путешествовал.
necessary	Please do what's [necessary].	Сделайте, пожалуйста, всё [необходимое].
fresh	Let's get some [fresh] air.	Давайте немного подышим [свежим] воздухом.
potato	Buy four big [potatoes] for me.	Купи мне четыре большие [картофелины].
federal	Americans pay both [federal] taxes and state taxes.	Американцы платят как [федеральные] налоги, так и налоги штата.
self	You should learn [self]-defense.	Тебе нужно научиться [самозащите].
restaurant	What's your favorite [restaurant]?	Какой твой любимый [ресторан]?
obviously	She's [obviously] prettier than me.	Она [очевидно] симпатичнее меня.
upset	You look kind of [upset].	Ты выглядишь немного [расстроенным].
average	His work is below [average].	Качество его работы ниже [среднего].
customer	We value our [customers].	Мы ценим наших [клиентов].
advice	Bear his [advice] in mind.	Прислушайся к его [совету].
direction	From which [direction]?	С какого [направления]?
suspect	He's our only [suspect].	Он наш единственный [подозреваемый].
software	Update your [software].	Обновите ваше [программное] обеспечение.
wine	Let's start with this [wine].	Давай начнем с этого [вина].
avoid	She [avoided] him whenever possible.	Она [избегала] его как могла.
correct	There's only one [correct] answer.	[Правильный] ответ только один.
rice	We live on [rice].	Мы живём, питаясь [рисом].
league	We're not in their [league].	Мы не в их [лиге].
option	There's no other [option].	Другого [варианта] нет.
owner	Who's the [owner] of this property?	Кто [владелец] этого имущества?
besides	There was no one there [besides] me.	Там никого не было, [кроме] меня.
male	Tom is a [male] name.	Том — [мужское] имя.
super	Who's your favorite [super] hero?	Кто твой любимый [супергерой]?
gain	For everything you [gain], you lose something else.	За всё, что вы [получаете], вы теряете что-нибудь другое.
tip	Where's my [tip]?	Где мои [чаевые]?
wash	People should [wash] themselves.	Люди должны [мыться].
grade	My school [grades] were average.	Мои [оценки] в школе были средние.
separate	We'd like [separate] checks.	Посчитайте нам [отдельно].
shape	We're in good [shape].	Мы в хорошей [форме].
nearly	We're [nearly] out of time.	У нас [почти] не осталось времени.
towards	My attitude [towards] him changed.	Моё отношение [к] нему изменилось.
winner	We're all [winners].	Мы все [победители].
speech	Prepare your [speech] in advance.	Подготовь [речь] заранее.
crowd	Two's company, three's a [crowd].	Двое - это компания, трое - [толпа].
below	Thermometers often go [below] zero.	Столбики термометров нередко опускаются [ниже] нуля.
tape	This [tape] sticks well.	Это отличная клейкая [лента].
spread	Bad news [spread] quickly.	Плохие новости быстро [распространяются].
ruin	Television is [ruining] family life.	Телевидение [разрушает] семейную жизнь.
transfer	We will make the payment by bank [transfer].	Мы осуществим оплату банковским [переводом].
individual	Changes in society come from [individuals].	Общество изменяют [отдельные] личности.
responsible	You can't hold me [responsible].	Вы не можете возложить на меня [ответственность].
insurance	Why is [insurance] so important?	Почему [страхование] так важно?
shake	Sometimes my hands [shake].	Иногда у меня [трясутся] руки.
impossible	That's just [impossible].	Это просто [невозможно].
network	Check your [network] settings.	Проверьте настройки [сети].
trick	That's an old [trick].	Это старый [трюк].
compare	There's no point in [comparing] them.	Нет смысла [сравнивать] их.
positive	Do something [positive].	Сделай что-нибудь [положительное].
pleasure	With great [pleasure], my friend.	С большим [удовольствием], друг мой.
jail	She's in [jail].	Она в [тюрьме].
refuse	I shouldn't have [refused].	Я не должен был [отказываться].
conference	The [conference] will end tomorrow.	[Конференция] завтра кончится.
regular	My period is [regular].	У меня [регулярные] месячные.
secretary	We need a new [secretary].	Нам нужен новый [секретарь].
firm	The [firm] is under foreign management.	Эта [фирма] управляется из-за границы.
disease	How does this [disease] spread?	Как распространяется это [заболевание]?
survive	How do fish [survive] in water?	Как рыбы [выживают] в воде?
district	Do you live in this [district]?	Вы в этом [районе] живёте?
hunt	Do you know how to [hunt]?	Ты умеешь [охотиться]?
theory	Tell them your [theory].	Поделись с ними своей [теорией].
criminal	Two [criminals] escaped from prison.	Два [преступника] сбежали из тюрьмы.
publish	The newspapers didn't [publish] anything.	Газеты ничего не [публиковали].
wide	How [wide] is this road?	Насколько эта дорога [широкая]?
pair	What a [pair]!	Какая [пара]!
drunk	She's obviously [drunk].	Она явно [пьяная].
industry	Heavy [industry] always benefits from war.	Тяжёлая [промышленность] всегда выигрывает от войны.
launch	The [launch] will take place tomorrow.	Запуск состоится завтра.
safety	She's worried about your [safety].	Она волнуется за твою [безопасность].
breathe	All people [breathe] air.	Все люди [дышат] воздухом.
particular	We did nothing in [particular].	Мы ничего [особенного] не сделали.
screen	Click me to hide this [screen].	Кликни меня, чтобы скрыть этот [экран].
faith	We've lost [faith] in humanity.	Мы потеряли [веру] в человечество.
boyfriend	That's her [boyfriend].	Это её [парень].
minister	Bob became a [minister].	Боб стал [министром].
sky	What blue [sky]!	Какое голубое [небо]!
otherwise	People here think [otherwise].	Люди здесь думают [иначе].
paint	She's [painting] her house.	Она [красит] свой дом.
plenty	We'll bring [plenty] of food.	Мы принесём [много] еды.
lake	How deep is that [lake]?	Как глубоко это [озеро]?
download	Why are you [downloading] this music?	Почему ты [скачиваешь] эту музыку?
cheap	Everything's so [cheap].	Всё такое [дешёвое].
farm	We live on a [farm].	Мы живём на [ферме].
percent	I agree one hundred [percent].	Я на сто [процентов] согласен.
connect	The bridge [connects] the two cities.	Мост [соединяет] друг с другом два города.
grandfather	Take care of your [grandfather].	Позаботьтесь о [дедушке].
famous	Stop meeting [famous] people!	Хватит знакомиться со [знаменитостями]!
herself	She should pull [herself] together.	Ей надо взять [себя] в руки.
airport	We're building a new [airport].	Мы строим новый [аэропорт].
emergency	Press this button in case of [emergency].	В случае [чрезвычайной] ситуации нажмите эту кнопку.
location	Could you give me your [location]?	Вы не могли бы указать мне своё [местоположение]?
wave	Some [waves] can be dangerous.	Некоторые [волны] могут быть опасны.
lieutenant	She thanked the [lieutenants].	Она поблагодарила [лейтенантов].
pound	This shirt costs twelve [pounds].	Эта рубашка стоит двенадцать [фунтов].
glove	Here, put these [gloves] on.	Вот, надень эти [перчатки].
signal	Wait for my [signal].	Жди моего [сигнала].
switch	Where's the light [switch]?	Где [выключатель]?
channel	Turn on [channel] four.	Переключи на четвёртый [канал].
vehicle	Tom can drive almost any kind of [vehicle].	Том умеет управлять практически любым [транспортным] средством.
thirty	Call me at six-[thirty], please.	Позвоните мне в шесть [тридцать], пожалуйста.
meaning	There's another [meaning], too.	Есть и другое [значение].
shock	We're still in [shock].	Мы до сих пор в [шоке].
wound	Let me see your [wound].	Дай мне осмотреть твою [рану].
grandmother	My [grandmother] lost her memory.	Моя [бабушка] потеряла память.
magic	I believe in [magic].	Я верю в [волшебство].
digital	My cell phone has a built-in [digital] camera.	У меня в мобильном есть встроенная [цифровая] камера.
popular	She's very [popular].	Она очень [популярна].
election	Who will win the next [election]?	Кто победит на следующих [выборах]?
foreign	We encourage [foreign] investment.	Мы поощряем [иностранные] инвестиции.
apparently	[Apparently], he's still alive.	[По-видимому], он ещё жив.
affect	How does this [affect] me?	Как это на меня [влияет]?
quarter	It's [quarter] past one.	Сейчас [четверть] второго.
ability	I believe in my [abilities].	Я верю в свои [способности].
recently	She lost her job [recently].	Она [недавно] потеряла работу.
wing	She took me under her [wing].	Она взяла меня под своё [крыло].
collect	Do you [collect] anything?	Ты что-нибудь [собираешь]?
affair	That's my own [affair].	Это мое [дело].
village	She lives in this [village].	Она живет в этой [деревне].
heaven	Do [heaven] and hell actually exist?	[Рай] и ад на самом деле существуют?
version	Check for old [versions].	Проверьте на наличие старых [версий].
contain	Your veins [contain] water.	Ваши вены [содержат] воду.
identify	Who can [identify] them?	Кто может их идентифицировать?
cent	One hundred [cents] makes one dollar.	Сто [центов] — это доллар.
bone	All my [bones] hurt.	У меня все [кости] болят.
crew	How many people are in your [crew]?	Сколько человек в твоём [экипаже]?
responsibility	That's your [responsibility].	Это твоя [ответственность].
sock	Where's my other [sock]?	Где мой второй [носок]?
beauty	We love [beauty].	Мы любим [красоту].
hurry	We're in no [hurry].	Мы не [спешим].
magazine	Give me that [magazine], please.	Дайте мне тот [журнал], пожалуйста.
square	Six [squared] equals thirty-six.	Шесть в [квадрате] равно тридцати шести.
similar	We're very [similar].	Мы очень [похожи].
beef	Eat less [beef].	Ешьте меньше [говядины].
lift	She [lifts] her leg.	Она [поднимает] ногу.
technology	[Technology] can help.	[Технология] может помочь.
worker	We need more [workers].	Нам нужно больше [рабочих].
owe	What do we [owe] them?	Сколько мы им [должны]?
crash	My computer [crashed].	Мой компьютер [аварийно] завершил работу.
measure	Clocks [measure] time.	Часы [измеряют] время.
twelve	Ring me tomorrow at [twelve].	Позвоните мне завтра в [двенадцать].
chase	I stopped [chasing] fashion.	Я перестал [гнаться] за модой.
excellent	That restaurant serves [excellent] food.	В этом ресторане подаются [превосходные] блюда.
possibly	I cannot [possibly] help you.	Я, [возможно], не смогу вам помочь.
apart	They live [apart].	Они живут [отдельно].
lack	[Lack] of sleep makes people irritable.	От [нехватки] сна становишься раздражительным.
soup	Heat yourself up some [soup].	Разогрейте себе [суп].
committee	The [committee] are all present.	[Комитет] присутствует в полном составе.
earn	How much do you [earn]?	Сколько ты [зарабатываешь]?
bond	We have a special [bond].	У нас особая [связь].
fifty	This bus can hold [fifty] people.	Этот автобус может вместить [пятьдесят] человек.
weather	What's your favorite cold [weather] drink?	Какой у вас любимый напиток в холодную [погоду]?
connection	There is no [connection] between them.	Между ними нет [связи].
yard	Our [yard] is large.	Наш [двор] - большой.
pool	There's somebody in the [pool].	В [бассейне] кто-то есть.
killer	He's no [killer].	Он не [убийца].
screw	Tighten this [screw].	Затяни этот [винт].
senior	He's my [senior] by two years.	Он [старше] меня на два года.
moon	There's no [moon] tonight.	Сегодня нет [луны].
announce	Why [announce] such a measure?	Зачем [объявлять] такую меру?
crack	There's a [crack] in this wall.	В этой стене [трещина].
confirm	I [confirm] my presence.	Я [подтверждаю] моё присутствие.
kitchen	Get out of my [kitchen].	Выметайся из моей [кухни]!
garden	Bring that blue box in my [garden]!	Принесите эту синюю коробку в мой [сад]!
actor	Who's your favorite [actor]?	Кто твой любимый [актер]?
occur	When will that [occur]?	Когда это произойдет?
treatment	[Treatment] will begin tomorrow.	[Лечение] начнётся завтра.
angry	We're really [angry].	Мы очень [сердиты].
breakfast	Please wake me for [breakfast].	Пожалуйста, разбудите меня к [завтраку].
argue	There's no point in [arguing].	[Спорить] бессмысленно.
suddenly	Her face turned red [suddenly].	Ее лицо [внезапно] покраснело.
truly	His behavior [truly] surprised me.	Его поведение меня [по-настоящему] удивило.
prince	The [prince] must die.	[Принц] должен умереть.
reality	You can't escape from [reality].	От [реальности] не сбежать.
idiot	Shut up, [idiot]!	Заткнись, [идиот]!
strength	That's beyond my [strength].	Это выше моих [сил].
awesome	That's [awesome], right?	Ведь это [потрясающе], да?
agency	Anyone knows this travel [agency]?	Кто-нибудь знает это туристическое [агентство]?
goodbye	[Goodbye], my friend.	До [свидания], друг мой.
excited	Tom seems [excited].	Том кажется [взволнованным].
celebrate	Let's [celebrate] our victory.	Давайте [праздновать] нашу победу.
intend	We [intend] to change that.	Мы намерены это изменить.
prefer	We [prefer] tea or coffee.	Мы [предпочитаем] чай или кофе.
production	This is necessary for [production].	Это [производственная] необходимость.
attorney	She's an [attorney].	Она [адвокат].
object	This is my favorite [object].	Это мой любимый [предмет].
freedom	One must pay for [freedom].	За [свободу] надо платить.
adult	Only [adults] may watch that film.	Этот фильм могут смотреть только [взрослые].
campaign	Our sales [campaign] is successful in a big way.	Наша [кампания] по сбыту проходит весьма успешно.
surprised	None of them look [surprised].	Никто из них не выглядит [удивлённым].
response	Thanks for your [response].	Спасибо тебе за [ответ].
skill	This requires a special [skill].	Здесь нужен особый [навык].
swim	No one here can [swim].	Здесь никто не умеет [плавать].
mail	Please contact me by [mail].	Пожалуйста, свяжитесь со мной по [почте].
colonel	Respect the [colonels].	Уважайте [полковников].
culture	You can't separate language from [culture].	Невозможно отделить язык от [культуры].
regard	Nudists [regard] nudity as normal.	Нудисты [считают] наготу нормальной.
rent	When's your [rent] due?	Когда тебе платить [аренду]?
clearly	Please explain yourself more [clearly].	Извольте объясниться [яснее].
willing	I'm always [willing] to help.	Я всегда [готов] помочь.
repeat	Please [repeat] after me.	Пожалуйста, [повторяйте] за мной.
writer	Who's your favorite [writer]?	Кто твой любимый [писатель]?
council	I'm running for city [council].	Я баллотируюсь в городской [совет].
determine	Being [determines] consciousness.	Бытие [определяет] сознание.
dig	[Dig] until you find oil!	[Копай], пока не найдёшь нефть!
sight	No one's in [sight].	В поле [зрения] никого нет.
lesson	Keep this [lesson] in mind.	Запомни этот [урок].
bless	God [blesses] those who repent.	Бог [благословляет] тех, кто кается.
convince	His arguments don't [convince] me.	Его аргументы меня не [убеждают].
planet	Take care of our [planet].	Берегите нашу [планету].
theater	This [theater] will hold three thousand people.	Этот [театр] вмещает три тысячи человек.
whom	[Whom] do you expect?	[Кого] ты ждёшь?
powerful	My car isn't [powerful] enough.	Моей машине не хватает [мощности].
physical	She's in good [physical] condition.	Она в хорошей [физической] форме.
bathroom	There's only one bath towel in our [bathroom].	В нашей [ванной] только одно банное полотенце.
movement	Popular [movements] express popular displeasure.	Народные [движения] выражают народное недовольство.
engage	Finally, my sister got [engaged].	Наконец-то, моя сестра помолвлена.
tight	Please hold on [tight].	Держись [крепко], пожалуйста.
bell	In case of fire, ring the [bell].	В случае пожара позвони в [колокол].
indeed	It's very sad [indeed].	Это [действительно] очень грустно.
guilty	They found him [guilty].	Они признали его [виновным].
deny	No one could [deny] this.	Никто не может этого [отрицать].
forgive	[Forgive] your neighbor often, yourself never.	[Прощайте] ближнего часто, себя - никогда.
improve	We're [improving] over time.	Со временем мы [улучшаемся].
spell	Do you know any magic [spells]?	Ты знаешь какие-нибудь [заклинания]?
express	[Express] your idea clearly.	Чётко [выражай] свою мысль.
bright	In spring everything looks [bright].	Весной все выглядит [ярким].
knowledge	Why do we seek [knowledge]?	Почему мы стремимся к [знанию]?
dirty	My car's [dirty].	У меня машина [грязная].
associate	We often [associate] black with death.	Мы часто ассоциируем черный цвет со смертью.
refer	Please [refer] to page ten.	Пожалуйста, обратитесь к странице десять.
salad	There's no [salad] left.	[Салата] не осталось.
replace	Tom will [replace] me.	Том будет меня [заменять].
employee	Our [employees] can do that.	Наши [сотрудники] могут это сделать.
everywhere	There's blood [everywhere].	[Везде] кровь.
modern	Her house is very [modern].	У неё очень [современный] дом.
behavior	There's no excuse for his [behavior].	Его [поведению] нет оправдания.
specific	Do you want something [specific]?	Ты хочешь что-нибудь [конкретное]?
stadium	She's in the [stadium].	Она на [стадионе].
split	My head is [splitting] from the noise.	У меня голова [раскалывается] от шума.
pretend	There's no use in [pretending] anymore.	[Притворяться] уже не имеет смысла.
fake	Are they real or [fake]?	Они настоящие или [поддельные]?
gate	Who left the [gate] open?	Кто оставил [ворота] открытыми?
attend	Tom never [attended] school.	Том никогда не [посещал] школу.
cast	Coming events [cast] their shadows before them.	Надвигающиеся события [бросают] перед собой тени.
establish	You can't [establish] a company without people.	Вы не можете создать компанию без людей.
license	Can I see your [license], please?	Могу я увидеть вашу [лицензию], пожалуйста?
organization	That's an international [organization].	Это международная [организация].
host	The [host] cut the turkey for the guests.	[Хозяин] разрезал индейку для гостей.
investigation	We'll start an [investigation] immediately.	Мы немедленно начнём [расследование].
cream	Coffee, please, with [cream] and sugar.	Пожалуйста, кофе со [сливками] и сахаром.
disappear	Just don't [disappear].	Только не [исчезай].
monster	Every [monster] starts off as someone's baby.	Каждое [чудовище] когда-то было чьим-то дитём.
collection	Show me your stamp [collection].	Покажи мне свою [коллекцию] марок.
bunch	Tom found a [bunch] of money.	Том нашёл [кучу] денег.
rush	There's no [rush].	Нет [спешки].
towel	Hand me my [towel].	Подай моё [полотенце].
trap	We're all [trapped] here.	Мы все здесь в [ловушке].
painting	Please look at that [painting].	Взгляни на эту [картину], пожалуйста.
neighborhood	We all live in the same [neighborhood].	Мы все живём по [соседству].
wheel	Spin the [wheel] around.	Поверните [колесо].
distance	[Distance] creates beauty.	[Расстояние] создаёт красоту.
danger	Some people like [danger].	Некоторые люди любят [опасность].
reveal	I can't [reveal] my sources.	Я не могу [раскрывать] свои источники.
secure	Is this place [secure]?	Это место [надёжное]?
ourselves	How can we protect [ourselves]?	Как мы можем защитить [себя]?
sexual	There's nothing [sexual] about it.	Нет ничего [сексуального] в этом.
comfortable	We're [comfortable] in our new house.	Нам [удобно] в нашем новом доме.
hook	Hang your coat on the [hook].	Повешай своё пальто на [крючок].
empty	This one's [empty].	Этот [пустой].
exchange	What's today's [exchange] rate?	Какой сегодня [обменный] курс?
nor	Neither fear [nor] hope will save us.	[Ни] страх, ни надежда нас не спасут.
daily	They need [daily] care.	Им нужен [ежедневный] уход.
coast	We drove along the [coast].	Мы ехали вдоль [побережья].
hungry	Let him go [hungry].	Пусть он ходит [голодным].
aware	We're [aware] of that.	Мы в курсе этого.
potential	The [potential] market is huge.	[Потенциальный] рынок огромен.
onto	Climb [onto] the roof.	Заберись [на] крышу.
being	She loves him with all her [being].	Она любит его всем своим [существом].
television	You can watch [television].	Вы можете смотреть [телевидение].
blanket	I'd like one more [blanket].	Я бы хотел ещё одно [одеяло].
pray	We'll [pray] for them.	Мы будем [молиться] за них.
loan	I'll need a [loan].	Мне понадобится [заём].
blind	She's [blind] in one eye.	Она [слепая] на один глаз.
loud	Your voice is too [loud].	У тебя слишком [громкий] голос.
bowl	How many [bowls] do we have?	Сколько у нас [мисок]?
medicine	Please give me my [medicine].	Дай мне, пожалуйста, [лекарство].
library	There's no [library] in this town.	В этом городе нет [библиотеки].
financial	We can count on him for [financial] help.	Мы можем рассчитывать на его [финансовую] поддержку.
nut	May contain [nuts].	Может содержать [орехи].
cancer	Cookie's mother died of [cancer].	Мать Куки умерла от [рака].
pocket	Put this in your [pocket].	Положи это себе в [карман].
silver	[Silver] costs less than gold.	[Серебро] стоит меньше золота.
shift	What time's your [shift]?	В какое время твоя [смена]?
traffic	There's too much [traffic] here.	Здесь слишком оживлённое [движение].
threaten	We will [threaten] them.	Мы будем им [угрожать].
fantastic	What [fantastic] luck!	Какое [фантастическое] везение!
alright	Is everything [alright] here?	Здесь всё в [порядке]?
bury	Their job is to [bury] dead animals.	Их работа - [хоронить] мёртвых животных.
sentence	Let him finish his [sentence]!	Дайте ему закончить [предложение]!
freak	Don't call him a [freak].	Не называй его [чудиком].
expert	We need [experts].	Нам нужны [эксперты].
shower	My sister [showers] every morning.	Моя сестра принимает [душ] каждое утро.
newspaper	What's your favorite [newspaper]?	Какая твоя любимая [газета]?
dumb	In other words, she's [dumb].	Иными словами, она [тупая].
management	We're under new [management].	У нас новое [руководство].
guide	My friend will be our [guide].	Мой друг будет нашим [гидом].
weak	That's his [weak] spot.	Это его [слабое] место.
function	In this [function] we train the model.	В этой [функции] мы обучаем модель.
clock	How much is this [clock]?	Сколько стоят эти [часы]?
equipment	We've lost all our [equipment].	Мы потеряли всё своё [оборудование].
citizen	She's an active [citizen].	Она человек с активной [гражданской] позицией.
episode	I've just finished watching [episode] three.	Я только что закончил смотреть третий [эпизод].
slip	She walked slowly so she wouldn't [slip].	Она шла медленно, чтобы не [поскользнуться].
edge	Separate all of the [edge] pieces.	Отдели все [крайние] кусочки.
struggle	Life is [struggle].	Жизнь — это [борьба].
tank	Fill up the [tank].	Наполни [бак].
cultural	What is [cultural] appropriation?	Что такое [культурная] апроприация?
labor	Child [labor] is illegal.	Детский [труд] незаконен.
odd	There's something [odd] about him.	В нём есть что-то [странное].
competition	Which team will win the [competition]?	Какая команда победит на [соревнованиях]?
giant	There are [giant] snakes in this forest.	В этом лесу водятся [гигантские] змеи.
document	Please put this [document] somewhere safe.	Положи, пожалуйста, этот [документ] в надёжное место.
item	This unit cannot pick up [items].	Этот воин не может подбирать [предметы].
dare	No one [dares] order me around!	Никто не [смеет] мне приказывать!
wire	Cut the red [wire].	Перережь красный [провод].
assistant	You're my new [assistant].	Ты мой новый [помощник].
commercial	Tom is a [commercial] pilot.	Том пилот на [коммерческих] рейсах.
defend	Our football team [defended] well.	Наша футбольная команда хорошо [защищалась].
soap	We've run out of [soap].	У нас [мыло] кончилось.
chain	That set off a [chain] reaction.	Это запустило [цепную] реакцию.
cheat	Don't [cheat] him.	Не [обманывай] его.
champion	She's the world [champion].	Она [чемпионка] мира.
sake	For heaven's [sake].	[Ради] Бога.
bite	This dog [bites].	Эта собака [кусается].
device	What does this [device] do?	Что делает это [устройство]?
holiday	What's your favorite [holiday]?	Какой твой любимый [праздник]?
proof	There's no [proof] of that.	Этому нет [доказательств].
limit	Calculate this one [limit].	Посчитай-ка вот этот [предел].
afford	We can't [afford] another failure.	Мы не можем [позволить] себе ещё одну неудачу.
darling	Let's dance, my [darling].	Давай потанцуем, [дорогая].
ignore	We can't just [ignore] this.	Мы не можем просто [игнорировать] это.
healthy	People should eat [healthy].	Людям надо питаться [здоровой] пищей.
mate	Whatever you say, [mate].	Как скажешь, [приятель].
pregnant	My wife's [pregnant].	У меня жена [беременна].
flat	This stone is [flat].	Этот камень [плоский].
eventually	We'll all die [eventually].	В [конце] концов мы все умрём.
beg	Will you [beg] me?	Ты будешь меня [умолять]?
cheer	Maybe this'll [cheer] you up.	Может, это тебя развеселит.
purple	I like that [purple] shirt.	Мне нравится эта [фиолетовая] рубашка.
relevant	How is that [relevant] here?	Как это здесь [уместно]?
brand	That's my favorite [brand].	Это мой любимый [бренд].
desire	Burn with [desire].	Сгорайте от [желания].
rid	We should get [rid] of them.	Нам следует от них [избавиться].
solution	Let's find another [solution].	Давайте найдём другое [решение].
easily	That could [easily] happen.	Это [легко] могло случиться.
sixth	This is his [sixth] accident.	Это его [шестая] авария.
advantage	We have every [advantage] over them.	У нас перед ними все [преимущества].
division	What [division] of the company do you work in?	В каком [отделе] компании вы работаете?
apologize	There's no need to [apologize].	Не нужно [извиняться].
divorce	Nothing should prevent [divorce].	Ничто не должно помешать [разводу].
maintain	[Maintain] a healthy state of mind.	[Поддерживайте] здоровое состояние психики.
gather	We [gather] here once a week.	Мы [собираемся] здесь раз в неделю.
royal	He is of [royal] blood.	Он [королевских] кровей.
joint	It was a [joint] decision.	Это было [совместное] решение.
birth	Please state your date of [birth].	Назовите дату вашего [рождения].
senator	The [senator] avowed his devotion to his constituents.	[Сенатор] выразил свою преданность электорату.
successful	Beautiful people are more [successful].	Красивые люди более [успешны].
protection	This is for your [protection].	Это для твоей [защиты].
locate	Where's your restaurant [located]?	Где [находится] ваш ресторан?
album	What's your favorite song on this [album]?	Какая твоя самая любимая песня из этого [альбома]?
email	Please check your [email] address.	Пожалуйста, проверьте свой адрес [электронной] почты.
thumb	My [thumb] hurts.	У меня болит [большой] палец.
register	There's a long line at every cash [register].	У каждой [кассы] длинная очередь.
method	All these [methods] work.	Все эти [методы] работают.
mostly	Success depends [mostly] on effort.	Успех в [основном] зависит от усилий.
ocean	How many [oceans] are there?	Сколько всего [океанов]?
perfectly	I understand your position [perfectly].	Я [отлично] понимаю Вашу позицию.
circle	Please [circle] the right answer.	Пожалуйста, обведите [кружком] правильный ответ.
button	Never press this [button].	Никогда не нажимай на эту [кнопку].
ought	You [ought] to read this book.	Тебе [следует] прочитать эту книгу.
audience	What [audience] is this for?	На какую [аудиторию] это рассчитано?
prevent	Careful driving [prevents] accidents.	Аккуратное вождение [предотвращает] аварии.
recommend	Is surgery always [recommended]?	Всегда ли [рекомендована] операция?
awful	What's that [awful] sound?	Что это за [ужасный] звук?
soft	Please eat only [soft] foods.	Пожалуйста, ешьте только [мягкую] пищу.
ghost	Some people believe in [ghosts].	Некоторые люди верят в [призраков].
particularly	She doesn't [particularly] like him.	Он ей не [особенно] нравится.
path	Where does this [path] go?	Куда ведёт эта [тропа]?
negative	My response is still [negative].	Мой ответ по-прежнему [отрицательный].
neighbor	We should love our [neighbors].	Нам следует любить наших [соседей].
application	The company accepted his [application].	Компания приняла его [заявление] о приёме на работу.
ally	Our [allies] are weak.	Наши [союзники] слабы.
mass	Never believe the [mass] media.	Никогда не верьте [масс-медиа].
drag	She [dragged] herself out of bed.	Она вытащила себя из кровати.
hardly	This will [hardly] convince anyone.	[Едва] ли это кого-нибудь убедит.
influence	She's easily [influenced].	Она легко поддаётся [влиянию].
reduce	How can we [reduce] costs?	Как мы можем снизить расходы?
fifteen	Please wait [fifteen] minutes.	Подождите [пятнадцать] минут, пожалуйста.
noise	What's all this [noise] about?	Из-за чего весь этот [шум]?
shame	There's no [shame] in being poor.	Быть бедным не [стыдно].
guarantee	We can't [guarantee] that.	Мы не можем этого [гарантировать].
banana	Please buy some [bananas].	Купи [бананов], пожалуйста.
content	The [content] of his speech was interesting.	[Содержание] его речи было интересным.
nervous	We're very [nervous] about that.	Мы очень из-за этого [нервничаем].
stress	How do you handle [stress]?	Как ты справляешься со [стрессом]?
route	I've planned our [route].	Я спланировал наш [маршрут].
tool	Get my [tool] box.	Принеси мой ящик с [инструментами].
directly	I could ask him [directly].	Я мог бы спросить его [прямо].
pilot	How much do [pilots] earn?	Сколько [пилоты] зарабатывают?
meal	Take this medicine after each [meal].	[Принимайте] это лекарство после еды.
breath	Let me catch my [breath].	Дай перевести [дыхание].
Japanese	[Japanese] office workers work very hard.	[Японские] офисные работники очень усердные.
agreement	Tom read the license [agreement].	Том прочитал лицензионное [соглашение].
mainly	It's [mainly] clear today.	Сегодня малооблачно.
commission	How much is the [commission]?	Какая [комиссия]?
bath	Single with [bath], right?	Одноместный номер с [ванной], правильно?
lane	The rightmost [lane] is now under construction.	Крайняя правая [полоса] сейчас на ремонте.
highly	I think [highly] of him.	Я о нём [высокого] мнения.
estate	She's a real [estate] agent.	Она - агент по [недвижимости].
exercise	Lack of [exercise] may harm your health.	Недостаток [упражнений] может повредить твоему здоровью.
propose	What do you [propose] instead?	Что вы [предлагаете] взамен?
kinda	Tom is [kinda] weird.	Том [какой-то] странный.
surface	This table's [surface] is smooth.	[Поверхность] этого стола гладкая.
solve	How should we [solve] this problem?	Как нам [решать] эту проблему?
capture	They would [capture] as many people as possible.	Они [захватывали] как можно больше людей.
facility	Our university has excellent sports [facilities].	Наш университет располагает отличной спортивной базой.
governor	The [governor] invested him with full authority.	[Губернатор] наделил его всей полнотой власти.
talent	We appreciate his [talent].	Мы ценим его [талант].
recent	Are these [recent] pictures?	Это [недавние] фотографии?
progress	There cannot be [progress] without communication.	Не может быть [прогресса] без общения.
fashion	It's already out of [fashion].	Это уже не в [моде].
aim	What's your [aim] in life?	Какая у вас [цель] в жизни?
suicide	Why do people commit [suicide]?	Почему люди совершают [самоубийство]?
tall	What's that very [tall] building?	Что там за [высокое] здание?
incredible	That's so [incredible].	Это настолько [невероятно].
conduct	Why does water [conduct] electricity?	Почему вода [проводит] электричество?
innocent	Don't play [innocent] with me.	Не разыгрывай передо мной [невинность].
communication	[Communication] is important.	[Общение] важно.
flow	Time [flows] in one direction.	Время [течёт] в одном направлении.
threat	How serious are these [threats]?	Насколько серьёзны эти [угрозы]?
chip	This company manufactures computer [chips].	Эта компания производит компьютерные [чипы].
respond	Responsibility simply means your ability to [respond].	Ответственность обозначает всего лишь твою способность [отвечать].
western	[Western] civilization doesn't exist.	[Западной] цивилизации не существует.
appeal	She is very [appealing].	Она очень [привлекательна].
zoo	What's wrong with [zoos]?	Что не так с [зоопарками]?
balance	What's my bank [balance] this month?	Каков мой [баланс] на счету в банке в этом месяце?
latest	This is my [latest] project.	Это мой [последний] проект.
generation	I don't understand your [generation].	Я не понимаю вашего [поколения].
sample	How many [samples]?	Сколько [образцов]?
capital	I live in the [capital].	Я живу в [столице].
lazy	This guy is so [lazy]!	Этот парень такой [ленивый]!
vision	Please check my [vision].	Проверьте моё [зрение], пожалуйста.
usual	Life will go on as [usual].	Жизнь будет продолжаться, как [обычно].
punch	She [punched] me in the face.	Она [ударила] меня по лицу.
ridiculous	That's so [ridiculous].	Это так [нелепо].
prisoner	That [prisoner] is very dangerous.	Этот [заключённый] очень опасен.
nephew	His [nephew] is my friend.	Его [племянник] - мой друг.
pepper	[Pepper] or salt?	[Перец] или соль?
roof	There's snow on the [roof].	На [крыше] снег.
metal	This [metal] burnishes well.	Этот [металл] хорошо полируется.
therefore	I'm busy, [therefore] I can't go.	Я занят и [поэтому] не могу пойти.
lip	My [lip] split.	Мне разбило [губу].
online	We do everything [online] now.	Теперь мы всё делаем [онлайн].
somehow	We'll manage [somehow].	[Как-нибудь] да справимся.
surgery	[Surgery] was required.	Требовалось [хирургическое] вмешательство.
basic	You need some knowledge of [basic] science.	Вам нужны некоторые [базовые] научные знания.
wet	Why's everyone [wet]?	Почему все [мокрые]?
bullet	We've dodged another [bullet].	Мы увернулись ещё от одной [пули].
studio	Mary opened her own dance [studio].	Мэри открыла собственную танцевальную [студию].
warning	Thank you for your [warning].	Спасибо тебе за [предупреждение].
row	Let's sit in the front [row].	Давайте сядем в первом [ряду].
graduate	He [graduated] from law school.	Он [окончил] юридическую школу.
whenever	Stop by [whenever] you can.	Заходи, [когда] сможешь.
session	Parliament is now in [session].	Парламент сейчас на [сессии].
chest	She put her head against his [chest].	Она положила голову ему на [грудь].
valley	How green was my [valley]!	Как зелена была моя [долина]!
border	We're [bordering] on failure.	Мы на [грани] провала.
princess	Where's my little [princess]?	Где моя маленькая [принцесса]?
commander	Soldiers must obey their [commanders].	Солдаты должны подчиняться своим [командирам].
injury	The driver sustained multiple [injuries].	Водитель получил множественные [травмы].
ad	Your [ad] could be here.	Здесь могла бы быть ваша [реклама].
structure	The [structure] isn't safe.	[Структуру] нельзя назвать безопасной.
freeze	At what temperature does water [freeze]?	При какой температуре вода [замерзает]?
package	Where's my [package]?	Где моя [посылка]?
extremely	She's [extremely] proud of her son.	Она [чрезвычайно] гордится сыном.
lemon	Bring me [lemon] tea, please.	Мне [лимонный] чай, пожалуйста.
author	Who [authored] this article?	Кто [автор] этой статьи?
indicate	Tone of voice can [indicate] feelings.	Тон голоса может [указывать] на чувства.
purchase	Thank you for your [purchase]!	Спасибо за [покупку].
zone	It's like a war [zone] there.	Похоже, там [зона] боевых действий.
possibility	There's also another [possibility].	Есть и ещё одна [возможность].
despite	The show must go on [despite] everything.	Шоу должно продолжаться [несмотря] ни на что.
tiny	My apartment is [tiny].	У меня [крошечная] квартирка.
construction	My uncle works in [construction].	Мой дядя работает в [строительстве].
cookie	[Cookie] is my favorite cat.	[Печенюх] – мой любимый кот.
rescue	Don't [rescue] me.	Не [спасайте] меня.
dump	My girlfriend [dumped] me.	Моя девушка меня [бросила].
jury	Who will the [jury] believe?	Кому поверят [присяжные]?
familiar	I'm [familiar] with this subject.	Я хорошо [знаком] с этой темой.
silly	How [silly] of me!	Как [глупо] с моей стороны!
mayor	He will run for [mayor].	Он будет баллотироваться в [мэры].
argument	Let's stop this fruitless [argument].	Давайте закончим этот бесполезный [спор].
civil	Can we avoid a [civil] war?	Можем ли мы избежать [гражданской] войны?
forty	[Forty] people can't fit in here.	[Сорок] человек здесь не поместится.
detective	I read only [detective] novels.	Я читаю только [детективные] романы.
diamond	Is this [diamond] real?	Это настоящий [алмаз]?
expensive	What's your most [expensive] wine?	Какое у вас самое [дорогое] вино?
inch	She's three [inches] taller than me.	Она на три [дюйма] выше меня.
rarely	We [rarely] go out.	Мы [редко] выходим из дома.
aid	We [aided] him in his business.	Мы [помогали] ему в его работе.
personally	Do you know him [personally]?	Ты знаешь его [лично]?
wrist	She broke her left [wrist].	Она сломала левое [запястье].
bay	The bridge crosses the [bay].	Мост перекинут через [залив].
stranger	Never trust a [stranger].	Никогда не доверяй [незнакомцу].
frame	We need a [frame] for this picture.	Нам нужна [рамка] для этой фотографии.
authority	That's an abuse of [authority].	Это злоупотребление [властью].
organize	Who [organized] that meeting?	Кто организовал эту встречу?
rare	That's very [rare].	Это большая [редкость].
swing	Who broke the [swing]?	Кто сломал [качели]?
population	Earth's [population] will soon double.	[Население] Земли скоро удвоится.
victory	[Victory], or death!	[Победа] или смерть!
inform	You're not very well [informed].	Ты не очень хорошо [информирован].
appointment	Cancel all my [appointments].	Отмени все мои [встречи].
shadow	Fear your own [shadow].	Бойся собственной [тени].
honestly	[Honestly], I can't trust him.	[Честно] говоря, я не могу ему доверять.
attitude	I like his [attitude].	Мне нравится его [отношение].
fully	I'm [fully] aware of that.	Я [полностью] отдаю себе в этом отчёт.
bedroom	There's no one in your [bedroom].	В твоей [спальне] никого нет.
unfortunately	[Unfortunately], that's true.	К [сожалению], это правда.
European	[European] hedgehogs mostly eat insects.	[Европейский] ёж питается преимущественно насекомыми.
skirt	Which [skirt] do you like?	Какая [юбка] тебе нравится?
prize	Choose one from among these [prizes].	Выбери один из этих [призов].
loose	This tooth is [loose].	Этот зуб шатается.
yell	Please stop [yelling].	Пожалуйста, хватит [вопить].
failure	That plan resulted with [failure].	Этот план окончился [неудачей].
resource	That country has natural [resources].	В этой стране есть природные [ресурсы].
limited	His vocabulary is rather [limited].	У него довольно [ограниченный] словарный запас.
proper	It's a [proper] interesting book.	Это жутко интересная книга.
mental	You should take account of his [mental] condition.	Ты должен принять во внимание его психическое состояние.
pillow	There's only one [pillow].	Есть только одна [подушка].
climb	[Climbing] this mountain is very difficult.	На эту гору очень трудно [взбираться].
reaction	We understand his [reaction].	Нам понятна его [реакция].
bike	Hey, get off my [bike].	Эй, слезь с моего [велосипеда].
calendar	Let me check the [calendar].	Позвольте мне свериться с [календарём].
gang	I'm in a [gang].	Я в [банде].
surround	Enemies [surround] me.	Меня [окружают] враги.
desk	Help me move this [desk].	Помоги мне этот [стол] передвинуть.
prime	Dan was the [prime] suspect.	Дэн был [главным] подозреваемым.
wrap	Don't [wrap] fish in newspaper.	Не [заворачивайте] рыбу в газету.
rat	I think that's [rat] poison.	Кажется, это [крысиный] яд.
tower	How high is that [tower]?	Какой высоты та [башня]?
iron	[Iron] transmits heat well.	[Железо] хорошо передаёт тепло.
advance	Get ready in [advance].	Готовьтесь [заранее].
nail	Give me another [nail].	Дай мне ещё [гвоздь].
harm	Some medicine does us [harm].	Некоторые медикаменты нам [вредят].
brilliant	Who wrote that [brilliant] article?	Кто написал эту [блестящую] статью?
rough	This paper is [rough].	Эта бумага [грубая].
profit	What was your net [profit] last year?	Сколько у вас было чистой [прибыли] в прошлом году?
monitor	My first [monitor] was monochrome.	Мой первый [монитор] был монохромным.
eleven	Come at [eleven] without fail.	Непременно придите в [одиннадцать] часов.
violence	There's no need for [violence].	Нет необходимости в [насилии].
obvious	That's more than [obvious].	Это более чем [очевидно].
friendly	I found her very [friendly].	Мне она показалась очень [дружелюбной].
pattern	These [patterns] are identical.	Эти [узоры] идентичны.
warn	No one [warned] me.	Меня никто не [предупреждал].
fork	Bring me another [fork], please.	Принесите мне другую [вилку], пожалуйста.
bind	Friendship [bound] them together.	Их [связывала] дружба.
complain	There's nothing to [complain] about.	[Жаловаться] не на что.
forest	Tell me about this [forest].	Расскажи мне об этом [лесе].
rank	Do you understand military [ranks]?	Ты разбираешься в воинских [званиях]?
toy	Please fix my [toy].	Пожалуйста, почините мою [игрушку].
ugly	Hide that [ugly] cable somewhere already!	Спрячь уже этот [уродливый] кабель куда-нибудь!
region	This video is not available in your [region].	Это видео недоступно для просмотра в вашем [регионе].
seal	How can this magic [seal] be removed?	Как снять эту магическую [печать]?
pig	What do [pigs] eat?	Что едят [свиньи]?
troop	Our [troops] are ready.	Наши [войска] готовы.
politics	We never talk about [politics].	Мы никогда не говорим о [политике].
actual	What's the [actual] cost?	Какова реальная стоимость?
reference	I understood that [reference].	Я понял эту отсылку.
fruit	What's your favorite [fruit]?	Какой твой любимый [фрукт]?
lately	[Lately], we see crows everywhere.	В [последнее] время мы видим ворон повсюду.
click	[Click] on that button.	Нажмите на эту кнопку.
junior	He's two years my [junior].	Он [младше] меня на два года.
devil	You little [devil]!	Ах ты [дьяволёнок]!
literally	That could [literally] ruin my life.	Это могло бы [буквально] разрушить мою жизнь.
previously	[Previously], I was like him.	[Раньше] я был таким же, как он.
pure	That water is very [pure].	Эта вода очень [чистая].
profile	Change your [profile] picture.	Поменяй фотографию в [профиле].
lover	My [lover] doesn't love me.	Мой [любовник] меня не любит.
bug	We hate [bugs].	Мы ненавидим [жуков].
net	He left his [net] in his house.	Он оставил свою [сеть] в своём доме.
background	The [background] color is black.	Цвет [фона] — чёрный.
impact	How did that decision [impact] your career?	Как это решение повлияло на твою карьеру?
exciting	What an [exciting] game!	Какая [захватывающая] игра!
museum	You should visit this [museum].	Тебе стоит посетить этот [музей].
sink	Can you fix my [sink]?	Можешь починить мне [раковину]?
environment	Protect the [environment]!	Берегите [окружающую] среду!
toward	Let's walk [toward] town.	Пойдёмте по [направлению] к городу.
illegal	We didn't do anything [illegal].	Мы не сделали ничего [незаконного].
Spanish	[Spanish] is easy.	[Испанский] лёгкий.
squad	The bomb was defused by the bomb [squad].	Бомба была обезврежена бригадой взрывотехников.
throughout	His name is known [throughout] this country.	Его имя известно [повсюду] в этой стране.
association	Let's play word [associations].	Давайте поиграем в [ассоциации].
executive	I got acquainted with the chief [executive].	Я познакомился с [исполнительным] директором.
retire	My grandfather [retired] early.	Мой дед рано вышел на [пенсию].
foundation	This house has a solid [foundation].	У этого дома прочный [фундамент].
extend	Can I [extend] my stay?	Можно ли продлить моё пребывание?
debt	She's deep in [debt].	Она увязла в [долгах].
mirror	Just look in the [mirror].	Просто взгляни в [зеркало].
ankle	She showed him her [ankle].	Она показала ему свою [лодыжку].
arrange	Tom is [arranging] a ball.	Том [устраивает] бал.
experiment	We must stop this [experiment].	Нам нужно остановить этот [эксперимент].
flag	Keep sight of the [flag].	Не теряй [флаг] из виду.
payment	What's your mortgage [payment]?	Сколько вы [платите] за ипотеку?
sue	Let's [sue] them.	Давай подадим на них в [суд].
wise	She's very [wise].	Она очень [мудра].
tomato	This [tomato] is still green.	Этот [помидор] ещё зелёный.
pet	You must register your [pet].	Вы должны зарегистрировать своё [домашнее] животное.
horrible	What's that [horrible] noise?	Что это за [ужасный] шум?
regret	We [regret] his death.	Мы [сожалеем] о его смерти.
reward	Here is your [reward].	Вот твоя [награда].
investment	This [investment] won't pay off.	Эта [инвестиция] не окупится.
joy	She's my [joy].	Она моя [радость].
lost	Money cannot make up for [lost] time.	Деньгами [потерянного] времени не наверстаешь.
asleep	We found the boy fast [asleep].	Мы обнаружили мальчика крепко [спящим].
approve	I [approve] of your plan.	Я [одобряю] твой план.
root	Money is the [root] of all evil.	Деньги — [корень] зла.
whoever	[Whoever] agrees, raise your hand.	[Кто] согласен, пусть поднимет руку.
shout	No one [shouted].	Никто не [кричал].
basically	I [basically] like your plan.	[В] принципе, мне Ваш план нравится.
photograph	Look at this [photograph].	Посмотри на эту [фотографию].
presence	Never say that word in my [presence].	Никогда не произноси этого слова в моём [присутствии].
delete	Do not [delete] this example sentence.	Не [удаляйте] это предложение-пример.
frequently	We talk [frequently].	Мы [часто] разговариваем.
status	What's our [status]?	Каков наш [статус]?
pencil	Write your name in [pencil].	Напишите своё имя [карандашом].
element	This [element] is rare on earth.	Этот [элемент] редко встречается на Земле.
desert	There's no water at all in this [desert].	В этой [пустыне] нет ни капли воды.
fox	See that [fox]?	[Лису] видишь?
solid	Ice is water in [solid] form.	Лёд - это [твёрдое] состояние воды.
port	Their ship is still in [port].	Их корабль всё ещё в [порту].
circumstance	These are special [circumstances].	Это особенные [обстоятельства].
scale	What's the [scale] of this map?	Каков [масштаб] этой карты?
classic	He had a [classic] education.	Он получил [классическое] образование.
golden	What's the [golden] rule?	Каково [золотое] правило?
ancient	Do you like [ancient] history?	Тебе нравится [древняя] история?
previous	Refer to my [previous] article.	Сошлитесь на мою [предыдущую] статью.
fuel	We're almost out of [fuel].	У нас почти кончилось [топливо].
shine	Your hair [shines] like gold.	Твои волосы [сияют] как золото.
journey	Tell me all about your [journey].	Расскажи мне всё о своём [путешествии].
achieve	Nothing is [achieved] without struggle.	Ничего не [достигается] без борьбы.
mood	She's in a bad [mood].	У неё плохое [настроение].
bat	[Bats] hunt at night.	[Летучие] мыши охотятся по ночам.
candidate	That [candidate] deserves our support.	Этот [кандидат] заслуживает нашей поддержки.
alarm	What was that [alarm] for?	Из-за чего была эта [тревога]?
dozen	She bought two [dozen] eggs.	Она купила две [дюжины] яиц.
engineer	[Engineering] puts theory into practice.	[Инженерия] претворяет теорию в жизнь.
slowly	Please speak as [slowly] as possible.	Пожалуйста, говорите как можно [медленнее].
procedure	It's standard [procedure].	Это стандартная [процедура].
update	Thanks for the [update].	Спасибо за [обновление].
complex	That's too [complex].	Это слишком [сложно].
abuse	It's an [abuse] of power.	Это [злоупотребление] полномочиями.
analysis	Objective [analysis] when?	Объективный [анализ] когда будет?
investigate	We're still [investigating].	Мы всё ещё проводим [расследование].
knight	Who is that tall [knight]?	Кто этот высокий [рыцарь]?
active	She's very [active] for her age.	Она очень [активна] для своего возраста.
zero	[Zero] comes before one.	[Ноль] стоит перед единицей.
spin	What makes the earth [spin]?	Что заставляет Землю [вращаться]?
password	Enter your [password], please.	Пожалуйста, введите свой [пароль].
passenger	This bus can carry fifty [passengers].	Этот автобус может перевезти пятьдесят [пассажиров].
naked	Never trust a [naked] woman.	Никогда не верь [голой] женщине.
cigarette	Please put out your [cigarette].	Потуши [сигарету], пожалуйста.
thus	[Thus] we shall win.	[Так] победим.
addition	In [addition], I can fly.	К тому же я умею летать.
borrow	I can't [borrow] any more money.	Я не могу больше [занимать] деньги.
onion	Where's my [onion]?	Где мой [лук]?
entirely	That'll depend [entirely] on him.	Это будет [целиком] зависеть от него.
quote	You may [quote] me.	Вы можете [цитировать] меня.
scientist	How many [scientists] work in this organization?	Сколько [учёных] работает в этой организации?
proceed	We can [proceed].	Мы можем продолжить.
universe	We live in different [universes].	Мы живём в разных [вселенных].
cloud	There's more [cloud] today than yesterday.	Сегодня больше [облаков], чем вчера.
reserve	Please [reserve] this table for us.	Забронируйте этот столик для нас, пожалуйста.
inspire	My dad [inspired] me.	Меня [вдохновлял] отец.
cable	Connect the two [cables] together.	Соедините вместе два [кабеля].
pizza	How about we order [pizza]?	Может, [пиццу] закажем?
stare	Everybody was [staring] at me.	Все [пристально] смотрели на меня.
youth	We must consider his [youth].	Мы должны учитывать его [молодость].
drama	How does this [drama] end?	Чем заканчивается эта [драма]?
manner	Mind your [manners].	Следи за своими [манерами].
temperature	Let me take your [temperature].	Давайте я измерю Вам [температуру].
defeat	First, admit your [defeat].	Сначала признай [поражение].
accuse	Why do you [accuse] my son?	Почему вы [обвиняете] моего сына?
creature	Without water, no [creature] could live.	Без воды ни одно [существо] не смогло бы жить.
slave	That's your [slave], right?	Это твой [раб], да?
vacation	Why can't [vacation] last forever?	Почему [каникулы] не могут длиться вечно?
telephone	Let me know by [telephone].	Сообщите мне по [телефону].
nuclear	We're against [nuclear] weapons.	Мы против [ядерного] оружия.
prayer	God, hear my [prayer].	Боже, услышь мою [молитву].
sin	God will forgive your [sins].	Бог простит тебе твои [грехи].
religious	She's very [religious].	Она очень [религиозна].
permission	Do we need [permission]?	Нам нужно [разрешение]?
text	Please read the [text] below.	Пожалуйста, прочтите нижеследующий [текст].
trace	Cash leaves no [trace].	Наличные не оставляют [следов].
visible	There was no [visible] danger.	Не было [видимой] опасности.
bull	Today we need to brand this [bull].	Сегодня нам нужно клеймить этого [быка].
billion	Investors lost [billions] of dollars.	Инвесторы потеряли [миллиарды] долларов.
concept	Do you understand the [concept]?	Общая идея тебе [понятна]?
means	She lives beyond her [means].	Она живёт не по [средствам].
marine	[Marine] iguanas are expert swimmers.	[Морские] игуаны — профессиональные пловцы.
expose	Time [exposes] the villain.	Время [разоблачает] злодея.
sheriff	There's a new [sheriff] in town.	В городе новый [шериф].
discussion	Let's continue this [discussion] tomorrow.	Давайте продолжим это [обсуждение] завтра.
species	There are several [species] of them.	Их насчитывается несколько [видов].
multiple	There are [multiple] correct answers.	Правильных ответов [несколько].
slide	The children were [sliding] on the ice.	Дети [скользили] на льду.
vice	One [vice] leads to another.	Один [порок] ведёт к другому.
surely	Tom would [surely] agree.	Том бы [конечно] согласился.
navy	My father was in the [navy].	Мой отец служил во [флоте].
crush	We [crushed] our enemies.	Мы сокрушили своих врагов.
internet	My [internet] connection is slow.	У меня слабое соединение с [Интернетом].
pitch	Is that a football [pitch]?	Это футбольное [поле]?
sweater	She put on her [sweater].	Она надела [свитер].
sheet	We need new [sheets].	Нам нужны новые [простыни].
promote	He [promoted] the idea of world government.	Он [продвигал] идею мирового правительства.
nowhere	She was [nowhere] in sight.	Её [нигде] не было видно.
volunteer	We need some [volunteers].	Нам нужны [добровольцы].
task	That's no easy [task].	Это непростая [задача].
demon	[Demons] run everything.	Всем заправляют [демоны].
delay	We apologize for the [delay].	Мы извиняемся за [задержку].
incident	Tell me about the [incident].	Расскажите мне об [инциденте].
brave	She's very [brave].	Она очень [храбрая].
emotional	She's very [emotional].	Она очень [эмоциональна].
suitable	Can you think of anyone more [suitable]?	Ты можешь придумать кого-нибудь более [подходящего]?
intelligence	Sometimes I doubt your [intelligence].	Иногда я сомневаюсь в твоём [интеллекте].
priest	Like [priest], like people.	Каков [священник], такова и паства.
tend	History [tends] to repeat itself.	История [имеет] свойство повторяться.
romantic	That's very [romantic]!	Как [романтично]!
insane	What an [insane] world we live in.	В каком [безумном] мире мы живём.
impress	Your skill [impresses] me.	Твоё мастерство меня [впечатляет].
factor	There are many [factors].	Есть много [факторов].
chat	We [chatted] all day.	Мы весь день [болтали].
trail	Where does this [trail] lead?	Куда ведёт эта [тропа]?
delivery	We offer free [delivery].	[Доставка] у нас бесплатная.
steel	Taste cold [steel]!	Отведай холодной [стали]!
mask	Put your [mask] on.	Надень [маску].
oven	There's bread in the [oven].	В [духовке] хлеб.
transport	We use public [transport].	Мы используем общественный [транспорт].
encourage	Nobody [encouraged] her.	Никто её не [поощрял].
poison	[Poison] can kill you.	[Яд] может тебя убить.
insist	She [insists] on her son being innocent.	Она [настаивает] на невиновности своего сына.
religion	We must separate politics from [religion].	Мы должны отделять политику от [религии].
contest	What time does that [contest] start?	Во сколько начинается [конкурс]?
twin	She's pregnant with [twins].	Она беременна [близнецами].
aside	Please step [aside].	Отойди в [сторону], пожалуйста.
pump	I need a bike [pump].	Мне нужен велосипедный [насос].
tail	Why do you [tail] me?	Ну что ты ходишь за мной, как [хвостик]?
relation	What's your [relation] with him?	Какие у вас с ним [отношения]?
rainbow	What a beautiful [rainbow]!	Какая красивая [радуга]!
tune	Do you know this [tune]?	Ты знаешь эту [мелодию]?
independent	We need an [independent] investigation.	Нам нужно [независимое] расследование.
fancy	She [fancied] herself beautiful.	Она считала себя красивой.
recover	Tom is [recovering].	Том [выздоравливает].
golf	Why do people like [golf]?	Почему люди любят [гольф]?
reporter	That [reporter] has a nose for news.	У того [репортёра] нюх на новости.
duck	Do [ducks] eat fish?	[Утки] едят рыбу?
uniform	Take off your school [uniform].	Снимайте школьную [форму].
display	She [displayed] her talents.	Она [показала] свои таланты.
mount	She [mounted] the horse.	Она села на коня.
sexy	She's young and [sexy].	Она молода и [сексуальна].
scare	People like that [scare] me.	Такие люди меня [пугают].
abandon	She doesn't [abandon] her children.	Она не [бросает] своих детей.
cancel	Death [cancels] everything.	Смерть [отменяет] всё.
fry	Who's [frying] meat?	Кто [жарит] мясо?
recall	I [recall] feeling so good at that time.	Я [вспоминаю], как мне тогда было хорошо.
polite	Maybe she's just being [polite].	Может, она это просто из [вежливости].
funeral	Many people attended his [funeral].	На его [похороны] пришло много людей.
bleed	His nose [bled].	Его нос [кровоточил].
brief	Please be as [brief] as possible.	Пожалуйста, будьте максимально [краткими].
dragon	What do [dragons] eat?	Что едят [драконы]?
declare	I [declare] this supermarket open.	Я [объявляю] этот супермаркет открытым.
turkey	When do you eat [turkey]?	Когда вы едите [индейку]?
terrorist	We're not afraid of [terrorists].	Мы не боимся [террористов].
baseball	We cannot play [baseball] here.	Мы не можем играть здесь в [бейсбол].
ending	This lesson is never-[ending]!	Этот урок нескончаемый!
string	This [string] is strong.	Эта [струна] крепкая.
electric	The [electric] light went out.	[Электрический] свет потух.
equal	We're all [equal] here.	Мы здесь все [равны].
grave	We visited our father's [grave].	Мы посетили [могилу] нашего отца.
pride	She's her father's [pride].	Она — [гордость] своего отца.
dentist	You must see your [dentist].	Ты должен посетить [стоматолога].
growth	We must prevent rapid population [growth].	Мы должны предотвратить быстрый [рост] населения.
battery	How long will this [battery] last?	На сколько времени работы хватит этой [батареи]?
appearance	Never judge by [appearance].	Никогда не суди по [внешности].
barely	She can [barely] read.	Она [едва] умеет читать.
income	What's your main source of [income]?	Какой у вас основной источник [дохода]?
strip	Cut into long thin [strips].	Нарежьте на длинные тонкие [полоски].
sergeant	Hold up there, [sergeant].	Отставить, [сержант].
false	Her statement was [false].	Её заявление было [ложным].
attract	She likes to [attract] attention.	Она любит [привлекать] к себе внимание.
muscle	My [muscles] have become soft.	Мои [мышцы] размякли.
silence	We sat in total [silence].	Мы сидели в полной [тишине].
assault	Tom was arrested for [assault].	Том был арестован за [нападение].
hobby	What's your [hobby]?	Какое у тебя [хобби]?
resident	How many [residents] are in this town?	Сколько в этом городе [жителей]?
armed	You're under arrest for [armed] robbery.	Вы находитесь под арестом за [вооружённое] ограбление.
cure	This medicine may [cure] him.	Возможно, это лекарство его вылечит.
pork	How can one live without [pork]?	Как можно жить без [свинины]?
sacrifice	Nobody appreciated his [sacrifice].	Его [жертву] никто не оценил.
estimate	This [estimate] should be pretty accurate.	Эта [оценка] должна быть довольно точна.
motion	Our solar system is always in [motion].	Наша Солнечная система всегда находится в [движении].
sword	Give me my [sword].	Дай мне мой [меч].
tongue	Watch out for your [tongue].	Будь осторожнее со своим [языком].
mystery	That will remain a [mystery].	Это останется [тайной].
flash	She screamed at the [flash] of lightning.	Она вскрикнула при [вспышке] молнии.
throat	Stick your finger through your [throat]!	Просунь палец сквозь [горло]!
confidence	Never lose [confidence].	Никогда не теряй [уверенности].
spare	Death [spares] no one.	Смерть никого не [щадит].
ex	That's her [ex]-husband.	Это её [бывший] муж.
pal	Whatever you say, [pal].	Как скажешь, [дружище].
chemical	This [chemical] is extremely dangerous.	Этот [химический] продукт чрезвычайно опасен.
instance	Take, for [instance], your family problems.	Возьми, [например], свои семейные проблемы.
description	I like that [description].	Мне нравится это [описание].
sharp	This knife is very [sharp].	Этот нож очень [острый].
critical	Our situation has become [critical].	Наше положение стало [критическим].
concert	His [concert] attracted many people.	Его [концерт] привлек много людей.
select	[Select] the correct answer!	Выберите правильный ответ.
occasion	We see them on [occasion].	Мы видимся с ними от [случая] к случаю.
fee	What's the daily [fee]?	Сколько составляет ежедневный [платёж]?
tag	Your [tag] is sticking out.	У тебя [бирка] торчит.
nerve	Calm your [nerves] down.	Успокой свои [нервы].
broad	The main street is very [broad].	Главная улица очень [широкая].
jeans	[Jeans] go with everything.	[Джинсы] подходят ко всему.
fridge	What's in your [fridge]?	Что у тебя в [холодильнике]?
budget	We must balance our [budget].	Мы должны сбалансировать наш [бюджет].
wolf	We're as hungry as [wolves].	Мы голодные как [волки].
pot	Cover the [pot] while you cook.	Накройте [кастрюлю], пока вы готовите.
theme	Is there a dark [theme]?	А тёмная [тема] есть?
twist	I like it when you [twist] my conkers.	Люблю, когда ты [крутишь] мои каштаны.
spy	Stop [spying] on us.	Хватит за нами [шпионить].
stretch	I'm not [stretching] them.	Я их не [растягиваю].
writing	We learn by [writing].	Мы учимся на [письме].
sail	[Sail] along the coast.	[Плыви] вдоль берега.
stream	Immigrants [streamed] into the land.	Иммигранты текли в страну сплошным [потоком].
heal	Some wounds never [heal].	Некоторые раны никогда не [заживают].
deck	Morning found them on [deck].	Утро застало их на [палубе].
tire	Check your [tire] pressure.	Проверь давление в [шинах].
factory	We work in a [factory].	Мы работаем на [заводе].
genius	That's pure [genius].	Это просто [гениально].
southern	Our restaurant is near the [southern] bus station.	Наш ресторан находится около [южной] автобусной остановки.
capable	She's [capable] of anything.	Она [способна] на всё.
thin	This [thin] book is mine.	Эта [тонкая] книга моя.
strategy	What's your [strategy]?	Какая у тебя [стратегия]?
pipe	These [pipes] screw together.	Эти [трубы] свинчиваются вместе.
mouse	That cat's scared of [mice].	Эта кошка боится [мышей].
attractive	Do you think her [attractive]?	Ты считаешь её [привлекательной]?
missing	She found the [missing] money.	Она нашла [пропавшие] деньги.
tap	We don't drink [tap] water.	Мы не пьём воду из-под [крана].
plain	Explain it in [plain] language.	Объясни это [простыми] словами.
pin	He pricked himself with a [pin].	Он укололся [булавкой].
sudden	Your [sudden] appearance surprised me.	Ваше [внезапное] появление меня удивило.
dive	Seagulls [dive] into the sea.	Чайки [ныряют] в море.
relative	We're his only [relatives].	Мы его единственные [родственники].
qualify	Our teachers are highly [qualified].	Наши преподаватели имеют высокую [квалификацию].
permit	Smoking is [permitted].	Курить [разрешается].
adopt	He [adopted] orphans.	Он [усыновлял] сирот.
personality	She has a strong [personality].	Она сильная [личность].
alien	Let's pretend we're [aliens].	Представим, что мы [инопланетяне].
basis	What's your [basis] for saying this?	На каком [основании] вы это говорите?
ton	This stone weighs five [tons].	Этот камень весит пять [тонн].
legend	[Legends] never die.	[Легенды] никогда не умирают.
bloody	Shut that [bloody] door!	Закрой эту [чёртову] дверь!
duke	The [duke] holds a lot of land.	[Герцог] владеет многими землями.
chick	The [chick] is hatching.	[Цыплёнок] вылупляется.
snake	She's very afraid of [snakes].	Она очень боится [змей].
branch	This tree has many [branches].	У этого дерева много [веток].
chairman	We elected him [chairman].	Мы избрали его [председателем].
snap	Can you [snap] your fingers?	Вы умеете [щёлкать] пальцами?
offense	I take this as a personal [offense].	Я расцениваю это как личное [оскорбление].
pill	Take your [pill].	Возьми [таблетку].
spoon	We need one more [spoon].	Нам нужна ещё одна [ложка].
territory	We're in enemy [territory].	Мы на вражеской [территории].
entry	[Entry] is free.	[Вход] свободный.
complicated	What's so [complicated] about that?	Что в этом такого [сложного]?
chapter	Start with [chapter] five.	Начните с пятой [главы].
technique	His [technique] was the best.	Его [техника] была лучшей.
candy	Just buy them some [candy].	Просто купи им [конфет].
plot	Your story has no [plot].	В вашей истории нет [сюжета].
monkey	Why can't [monkeys] speak?	Почему [обезьяны] не могут говорить?
administration	The university [administration] lowered tuition.	[Администрация] университета снизила плату за обучение.
toilet	There's no [toilet] paper left.	[Туалетная] бумага закончилась.
primary	This is our [primary] target.	Это наша основная цель.
comfort	I live in [comfort].	Я живу в [комфорте].
fantasy	Can't you divorce [fantasy] from reality?	Ты не можешь отличить [фантазию] от реальности?
bend	Snow can [bend] the roof.	Снег может погнуть кровлю.
height	Line up by [height], please.	Постройтесь по [росту], пожалуйста.
crown	What [crown] do you see?	Какую [корону] ты видишь?
basketball	Let's play [basketball] after school.	Давай поиграем в [баскетбол] после занятий.
lonely	She's very [lonely].	Она очень [одинока].
disgust	I personally find this [disgusting].	У меня лично это вызывает [отвращение].
sand	Let's lie on the [sand].	Давай приляжем на [песок].
pleased	She's [pleased] at his success.	Она [рада] его успеху.
cow	[Cows] provide us with milk.	[Коровы] дают нам молоко.
broken	She found a [broken] camera.	Она нашла [сломанный] фотоаппарат.
producer	I'm a music [producer].	Я музыкальный [продюсер].
unique	We're all [unique].	Мы все [уникальны].
skip	We frequently [skip] class.	Мы часто [пропускаем] занятия.
crisis	How can we get past this [crisis]?	Как мы можем преодолеть этот [кризис]?
define	How do you [define] success?	Как ты [определяешь] успех?
conflict	Class [conflict] is good, actually.	Классовый [конфликт] - это хорошо, вообще-то.
exact	Give me an [exact] answer.	Дай мне [точный] ответ.
fortune	[Fortune] smiled on him.	[Удача] улыбнулась ему.
debate	When will the [debate] take place?	Когда пройдут [дебаты]?
chart	What's this [chart]?	Что это за график?
tone	Watch your [tone].	Следи за своим [тоном].
hop	What's that furry thing [hopping] around the garden?	Что это за пушистый зверёк по саду [прыгает]?
peach	[Peaches] taste sweet.	[Персики] сладкие.
tiger	What do [tigers] eat?	Что едят [тигры]?
journal	Some people keep dream [journals].	Некоторые ведут [журналы] снов.
bid	He [bade] us welcome.	Он поприветствовал нас.
identity	Prepare your [identity] card.	Приготовьте удостоверение [личности].
visitor	Do you get many [visitors]?	Много у вас [посетителей]?
hip	My [hip] hurts.	У меня [бедро] болит.
repair	The car isn't worth [repairing].	Эту машину не имеет смысла [ремонтировать].
pour	I'm [pouring] a cup of tea.	Я [наливаю] чашку чая.
chamber	Each patient is located in a separate [chamber].	Каждый пациент находится в отдельном боксе.
annual	What's your [annual] income?	Какой ваш годовой доход?
dust	There's so much [dust] here.	Сколько здесь [пыли]!
editor	What text [editor] do you use?	Каким текстовым [редактором] вы пользуетесь?
prior	No [prior] experience is required.	[Предыдущий] опыт не требуется.
curious	She's very [curious].	Она очень [любопытная].
sunny	Today it's [sunny] but cold.	Сегодня [солнечно], но холодно.
shell	She sells sea [shells].	Она продаёт морские [раковины].
novel	What's your favorite [novel]?	Какой твой любимый [роман]?
fate	We let [fate] decide.	Мы оставили решать [судьбе].
boring	This movie's [boring].	Это кино [скучное].
emotion	She can't control her [emotions].	Она не может контролировать свои [эмоции].
congress	[Congress] asked for more information.	[Конгресс] запросил больше информации.
motor	Yanni needs good [motor] oil.	Янни нуждается в хорошем [моторном] масле.
singer	Who's your favorite [singer]?	Кто ваш любимый [певец]?
log	Where's the [log] house?	Где этот [бревенчатый] домик?
bicycle	Give me my [bicycle] back.	Верни мне мой [велосипед].
trash	Pick up your [trash].	Подбери свой [мусор].
finance	Keep track of your [finances].	Держи свои [финансы] на контроле.
highway	Life is like a big [highway].	Жизнь похожа на большое [шоссе].
outfit	What a darling [outfit]!	Какой прелестный [наряд]!
scary	That's really [scary].	Это действительно [страшно].
naturally	Just act [naturally].	Просто веди себя [естественно].
phase	What are the [phases] of the moon called?	Как называются лунные [фазы]?
adventure	Young people love [adventure].	Молодёжь любит [приключения].
fighter	Bill is a great [fighter].	Билл - отличный [боец].
kingdom	Our army attacked the [kingdom].	Наша армия атаковала [королевство].
observe	We [observe] him.	Мы за ним [наблюдаем].
trigger	Don't pull the [trigger].	Не нажимай на [спусковой] крючок.
hunter	Who's the better [hunter]?	Кто лучший [охотник]?
badly	This could end very [badly].	Это могло очень [плохо] кончиться.
alternative	There's no [alternative].	[Альтернативы] нет.
tube	We still have an old [tube] television.	У нас и поныне имеется старый [трубковый] телевизионный приёмник.
dish	What's your favorite [dish]?	Какое у тебя любимое [блюдо]?
gear	Get your [gear].	Возьми свое [снаряжение].
deputy	I'm your [deputy].	Я ваш [заместитель].
shooting	We didn't start [shooting].	Мы не начинали [стрельбу].
reasonable	We're both [reasonable] people.	Мы оба [разумные] люди.
explanation	My [explanation] may sound strange.	Моё [объяснение] может показаться странным.
additional	Visit our website for [additional] information.	Посетите наш сайт для получения [дополнительной] информации.
plastic	This [plastic] chair is cheap.	Этот [пластмассовый] стул - дешёвый.
assure	I [assure] you, everything's fine.	[Уверяю] тебя, всё прекрасно.
elbow	Somebody's [elbow] touched my back.	Чей-то [локоть] коснулся моей спины.
diet	Above all, watch your [diet].	Прежде всего, соблюдай [диету].
scratch	Has your cat ever [scratched] anyone?	Твоя кошка когда-нибудь кого-нибудь [царапала]?
blast	The [blast] destroyed everything.	[Взрыв] уничтожил всё.
decent	Put on some [decent] clothes.	Надень что-нибудь [приличное].
sausage	I like [sausage].	Я люблю [колбасу].
useful	Thanks for this [useful] information.	Спасибо за эту [полезную] информацию.
native	What's your [native] language?	Какой твой [родной] язык?
protest	We left in [protest].	Мы ушли в знак [протеста].
friendship	Only death can end our [friendship].	[Дружбу] мою с тобою одна только смерть возьмёт.
lion	That's a [lion].	Это [лев].
laptop	Where's my [laptop]?	Где мой [ноутбук]?
beast	The most dangerous [beast] is the beast within.	Самый опасный [зверь] - это зверь внутри.
tradition	We must have respect for [tradition].	Мы должны уважать [традиции].
upper	My [upper] right wisdom tooth hurts.	У меня болит [верхний] правый зуб мудрости.
opposite	My opinion is the [opposite].	У меня [противоположное] мнение.
script	That wasn't in the [script].	Этого не было в [сценарии].
decade	Ten [decades] make up a century.	Десять [десятилетий] составляют столетие.
jealous	My girlfriend is very [jealous].	Моя подруга очень [ревнива].
grape	This is [grape] juice.	Это [виноградный] сок.
global	Think [global], act local.	Мысли [глобально], действуй локально.
oppose	Democrats [oppose] that idea.	Демократы выступают против этой идеи.
strawberry	We like [strawberries] so much!	Мы так любим [клубнику]!
fishing	Can we go [fishing]?	Мы можем пойти на [рыбалку]?
gut	He has [guts].	У него [кишка] не тонка.
castle	What's your favorite [castle]?	Какой твой любимый [замок]?
examine	The doctor [examines] the patient.	Врач [осматривает] больного.
habit	Can people change their [habits]?	Могут ли люди поменять свои [привычки]?
principle	Such is my [principle].	Таков мой [принцип].
length	What's the [length] of this bridge?	Какова [длина] этого моста?
alcohol	She can't drink [alcohol].	Ей нельзя [алкоголь].
therapy	[Therapy] didn't work.	[Терапия] не подействовала.
witch	She's a powerful [witch].	Она — сильная [ведьма].
minor	It's a [minor] problem.	Это [незначительная] проблема.
bush	There aren't enough [bushes].	[Кустов] недостаточно.
breast	Smoking can cause [breast] cancer.	Курение может вызвать рак [груди].
disturb	Nothing [disturbs] her.	Ничто её не [беспокоит].
panic	There's no reason for [panic].	Нет причин для [паники].
happiness	We all wish for [happiness].	Мы все желаем [счастья].
kidnap	Why would anybody [kidnap] us?	Зачем кому-то [похищать] нас?
carefully	Please drive [carefully].	Ведите [осторожно], пожалуйста.
fog	We could see nothing but [fog].	Мы ничего не видели, кроме [тумана].
cafe	We'll meet tomorrow night at the [cafe].	Встретимся завтра вечером в [кафе].
farmer	We need more [farmers].	Нам нужно больше [фермеров].
assist	Tom will [assist] us.	Том будет [помогать] нам.
arrangement	Make any [arrangements] you like.	Договаривайтесь, как вам угодно.
slightly	This one is [slightly] different.	Этот [слегка] другой.
festival	The [festival] will start tomorrow.	[Фестиваль] начнется завтра.
attach	I'm [attaching] three files.	Я [прикрепляю] три файла.
appropriate	Next time, you should wear something more [appropriate].	В следующий раз тебе лучше надеть что-нибудь более [подходящее].
niece	My [niece] is my sister's daughter.	Моя [племянница] - дочь моей сестры.
passion	My work is my [passion].	Работа - моя [страсть].
unusual	There's nothing [unusual] about that.	В этом нет ничего [необычного].
volume	Turn down the [volume], please.	Убавьте [громкость], пожалуйста.
steam	Heat turns water into [steam].	Тепло превращает воду в [пар].
sweat	Her hair is wet with [sweat].	Её волосы мокрые от [пота].
instruction	We must follow their [instructions].	Мы должны следовать их [инструкциям].
pardon	[Pardon] my being late.	[Простите] за опоздание.
grandma	Take care of [grandma].	Позаботься о [бабушке].
counter	Tom leaned on the [counter].	Том опёрся о [прилавок].
anniversary	Happy wedding [anniversary].	С [годовщиной] свадьбы!
miracle	[Miracles] do happen every day.	[Чудеса] действительно случаются каждый день.
angle	A right [angle] has ninety degrees.	Прямой [угол] составляет девяносто градусов.
combine	Hydrogen and oxygen [combine] to form water.	Водород и кислород [объединяются], чтобы создать воду.
sandwich	What's your favorite [sandwich]?	Какой твой любимый [бутерброд]?
umbrella	Somebody left his [umbrella] behind.	Кто-то оставил свой [зонтик].
wipe	She [wipes] the bar after every customer.	Она [вытирает] бар после каждого клиента.
institution	The library is a public [institution] for everyone.	Библиотека — общественное заведение для всех.
operator	This is an [operator].	Это [оператор].
combination	How do you like this color [combination]?	Как вам нравится это [сочетание] цветов?
autumn	When will [autumn] arrive?	Когда придёт [осень]?
loser	Our university doesn't graduate [losers].	Наш университет не выпускает [неудачников].
draft	Here's a rough [draft] of my speech.	Вот [черновой] набросок моей речи.
bow	Give me your [bow].	Дай мне свой [лук].
initial	What are your [initials]?	Какие у Вас инициалы?
advise	I would've [advised] against that.	Я бы не [советовал].
complaint	I'm tired of your [complaints].	Я устал от твоих [жалоб].
mill	That's water to his [mill].	Это вода на его [мельницу].
sensitive	She's very [sensitive] to cold.	Она очень [чувствительна] к холоду.
pie	What's your favorite kind of [pie]?	Какой у тебя любимый [пирог]?
gene	My son has my [genes].	У сына мои [гены].
silent	My father is a [silent] person.	Мой отец - [молчаливый] человек.
divide	Why can't we [divide] by zero?	Почему нельзя [делить] на ноль?
torture	We [tortured] them.	Мы [пытали] их.
comic	Do you know this [comic]?	Вы знаете этот [комикс]?
curse	She often spoke about our [curse].	Она часто говорила о нашем [проклятии].
core	Earth has a [core] of molten iron-nickel.	[Ядро] Земли состоит из расплавленного железа и никеля.
babe	Who's this hot [babe]?	Что это за горячая штучка?
traditional	We bake [traditional] bread.	Мы печём [традиционный] хлеб.
nightmare	Will this [nightmare] ever end?	Этот [кошмар] когда-нибудь закончится?
mobile	Where's my [mobile]?	Где мой [мобильный]?
stake	The [stakes] are too high.	[Ставки] слишком высоки.
exit	There's no [exit].	[Выхода] нет.
virus	Let's talk about [viruses].	Поговорим о [вирусах].
temple	Let's visit some [temples] tomorrow.	Давайте завтра съездим в [храмы].
sixteen	Four plus [sixteen] equals twenty.	К четырём прибавить [шестнадцать] равняется двадцати.
expression	That's my favorite [expression].	Это моё любимое [выражение].
seed	Bad [seed] must produce bad corn.	От плохого [семени] будет плохое зерно.
error	How can we fix this [error]?	Как мы можем исправить эту [ошибку]?
compete	I can't [compete] with that.	Я не могу конкурировать с этим.
radar	The [radar] broke.	[Радар] сломался.
economy	Our whole [economy] depends on this.	От этого зависит вся наша [экономика].
charity	[Charity] begins at home.	[Благотворительность] начинается дома.
intention	That wasn't my [intention].	Это не было моим [намерением].
jerk	Stop being a [jerk].	Перестань вести себя как [придурок].
Catholic	[Catholic] priests practice celibacy.	[Католические] священники практикуют целибат.
luggage	How much [luggage] can we take?	Сколько [багажа] мы можем взять?
succeed	Those who work hard will [succeed].	Кто много работает, у того всё получится.
sixty	She's almost [sixty].	Ей почти [шестьдесят].
leak	There's a gas [leak].	Есть [утечка] газа.
shore	How far from [shore] are we?	Как далеко мы от [берега]?
rumor	Nobody will believe that [rumor].	Никто не поверит этим [слухам].
grateful	We're [grateful] for your help.	Мы [благодарны] вам за помощь.
normally	What do you [normally] do?	Что ты [обычно] делаешь?
insult	Nobody [insulted] my country.	Никто не [оскорблял] мою страну.
reputation	That incident harmed his [reputation].	Этот инцидент нанёс вред его [репутации].
horn	Buffaloes have big [horns].	У бизонов большие [рога].
kit	I need a first aid [kit].	Мне нужен [набор] первой помощи.
midnight	Meet me there at [midnight].	Встретимся там в [полночь].
suggestion	We will consider your [suggestion].	Мы рассмотрим ваше [предложение].
representative	We appointed him as our [representative].	Мы назначили его нашим [представителем].
upstairs	We should get back [upstairs].	Нам надо вернуться [наверх].
tale	What's your favorite fairy [tale]?	Какая у тебя любимая [сказка]?
hug	It's [hug] time!	Время [объятий]!
flip	The train [flipped] over.	Поезд перевернулся.
reject	We [reject] violence.	Мы [отвергаем] насилие.
label	Read what's on the [label].	Прочитай, что написано на [этикетке].
personnel	Authorized [personnel] only.	Только для [персонала], имеющего разрешение.
impression	What's your [impression] of them?	Какое они произвели на тебя [впечатление]?
palace	Where's the [palace]?	Где находится [дворец]?
anger	We understand your [anger].	Мы понимаем ваш [гнев].
expense	Let's cut down our [expenses].	Давайте сократим наши [расходы].
warrant	We've got a search [warrant].	У нас есть [ордер] на обыск.
handsome	She found him [handsome].	Она находила его [красивым].
dawn	Stay with me till [dawn].	Останься со мной до [рассвета].
properly	Certain poisons, [properly] used, are useful.	Некоторые яды полезны, если использовать их [должным] образом.
web	Spiders spin [webs].	Пауки прядут [паутину].
jet	Her son is a [jet] pilot.	Её сын - пилот [реактивного] самолёта.
float	There's something [floating] in my water.	У меня в стакане что-то [плавает].
ban	You came despite my [ban].	Ты пришёл, несмотря на мой [запрет].
doll	That's my [doll].	Это моя [кукла].
northern	The [northern] wind blew all day.	[Северный] ветер дул целый день.
boom	Our business is [booming].	Наш бизнес процветает.
consequence	There will be serious [consequences].	Будут серьёзные [последствия].
smooth	Her skin is perfectly [smooth].	Кожа у неё совершенно [гладкая].
disappointed	She came home [disappointed].	Она пришла домой [разочарованной].
guitar	Let him play your [guitar].	Дай ему поиграть на твоей [гитаре].
majority	The [majority] is often wrong.	[Большинство] часто ошибается.
belief	That goes against my [beliefs].	Это против моих [убеждений].
authorities	We turned him over to the [authorities].	Мы сдали его [властям].
carrot	[Carrots] grow extremely well here.	[Морковь] очень хорошо здесь растёт.
invest	Algeria should [invest] more in infrastructure.	Алжир должен больше [инвестировать] в инфраструктуру.
warrior	I'm a [warrior].	Я [воин].
wherever	[Wherever] we live, that's our country.	[Где] бы мы ни жили, это наша страна.
scientific	Let's do a [scientific] experiment.	Давайте проведем [научный] эксперимент.
crystal	The answer is [crystal] clear.	Ответ [кристально] ясен.
disaster	We're heading for [disaster].	Мы движемся к [катастрофе].
forehead	Come feel my [forehead].	Иди пощупай мой [лоб].
embarrass	Don't [embarrass] me.	Не [смущай] меня.
actress	Who's your favorite actor or [actress]?	Кто твой любимый актёр или [актриса]?
corporation	[Corporations] aren't people.	[Корпорации] — это не люди.
massive	[Massive] stars are extremely hot.	[Массивные] звезды очень горячие.
custom	When did this [custom] start?	Когда возник этот [обычай]?
valuable	Thanks for your [valuable] advice.	Спасибо за [ценный] совет.
elect	Tom was [elected] three times.	Тома [избирали] три раза.
Roman	[Roman] statues are often naked.	[Римские] статуи часто бывают обнажёнными.
poem	Learn this [poem] by heart.	Выучи это [стихотворение] наизусть.
combat	He was sent into [combat].	Он был отправлен в [бой].
piano	She can play [piano] very well.	Она может играть на [пианино] очень хорошо.
toe	She can't touch her [toes].	Она не может дотронуться до [пальцев] ног.
ceremony	Let's not stand on [ceremony].	Давайте без [церемоний].
patch	My mother had to [patch] my pants.	Матери пришлось поставить [заплатку] на мои штаны.
liar	[Liar] today, thief tomorrow.	Сегодня [лжец] — завтра вор!
routine	What is your daily [routine]?	Каков ваш [распорядок] дня?
brush	Where's my [brush]?	Где моя [щётка]?
championship	We won the [championship].	Мы выиграли [чемпионат].
garage	Where's your [garage]?	Где твой [гараж]?
math	Take out your [math] book.	Достань учебник по [математике].
penny	I smell [pennies].	Чую [пенсы].
desperate	She's in [desperate] need of money.	Она [отчаянно] нуждается в деньгах.
coin	Let's decide by [coin] toss.	Бросим [монетку].
dealer	He is a fish [dealer].	Он [торговец] рыбой.
downtown	Come [downtown] with us.	Поехали с нами в [центр]!
eastern	They lost the war on the [eastern] front.	Они проиграли войну на [восточном] фронте.
unknown	Her name was [unknown].	Её имя было [неизвестно].
moral	We will give them [moral] support.	Мы окажем им [моральную] поддержку.
gorgeous	What a [gorgeous] flower!	Какой [великолепный] цветок!
relief	His mother sighed with [relief].	Его мать вздохнула с [облегчением].
instrument	What kind of [instrument] is that?	Что это за [инструмент]?
via	The virus can be transmitted [via] saliva.	Вирус может передаваться [через] слюну.
ours	That's one of [ours].	Это один из [наших].
entertainment	What's the most popular [entertainment]?	Какое самое популярное [развлечение]?
Olympic	It's an [olympic] record.	Это [олимпийский] рекорд.
rope	How long will this [rope] hold?	Как долго выдержит эта [верёвка]?
Greek	[Greek] is difficult.	[Греческий] трудный.
ease	I found his house with [ease].	Я с [лёгкостью] нашёл его дом.
principal	Our school's [principal] is very old.	[Директор] нашей школы очень старый.
scheme	Do you get this [scheme]?	Ты понимаешь эту [схему]?
regulation	This [regulation] will take effect next year.	Это предписание вступит в силу в следующем году.
convention	The [convention] voted.	[Съезд] проголосовал.
tunnel	There's somebody in the [tunnel].	В [туннеле] кто-то есть.
gamble	Don't [gamble] with other people's money.	Не [играйте] на чужие деньги.
clue	At least give me a [clue].	Хотя бы дай мне [подсказку].
medal	Who will win the gold [medal]?	Кто выиграет золотую [медаль]?
cycle	It's a never ending [cycle].	Это нескончаемый [цикл].
chill	The autumn [chill] has set in.	Стало по-осеннему [холодно].
obtain	You [obtained] more than me.	Вы получили больше, чем я.
thick	This book is very [thick].	Эта книга очень [толстая].
republican	[Republicans] were furious.	Республиканцы были в ярости.
electronic	Please turn off your [electronic] devices.	Пожалуйста, выключите ваши [электронные] приборы.
extreme	It's an [extreme] case.	Это [крайний] случай.
reflect	Language [reflects] daily experience.	Язык [отражает] повседневный опыт.
bishop	This [bishop] cannot stand on a black square.	Этот слон не может находиться в черном поле.
punish	My mother never [punished] me.	Мама меня никогда не [наказывала].
stable	Our relationship is [stable].	Наши отношения [стабильные].
asset	In my opinion, we need to diversify our [assets].	На мой взгляд, нам нужно диверсифицировать наши [активы].
revolution	We need a political [revolution].	Нам нужна политическая [революция].
academy	I studied at a military [academy].	Я учился в военном училище.
flood	We lost everything in the [flood].	Мы всё потеряли во время [наводнения].
gross	Rat whiskers are [gross].	Крысиные усы [отвратительны].
jam	Please pass me the [jam].	Передайте мне [джем], пожалуйста.
hearing	She lost her [hearing].	Она потеряла [слух].
sweep	She's [sweeping] her room.	Она [подметает] свою комнату.
officially	My summer is [officially] over.	Моё лето [официально] закончилось.
priority	That's our number one [priority].	Это наш первейший [приоритет].
empire	No [empire] lasts forever.	Ни одна [империя] не вечна.
taxi	Let's go by [taxi], shall we?	Давай возьмём [такси], хорошо?
glory	Our [glory] will be eternal.	Наша [слава] будет вечной.
goods	The [goods] arrive by sea.	[Товары] доставляются морским путём.
reverse	The [reverse] seems true.	[Обратное] кажется верным.
contribute	Do we want to [contribute]?	Хотим ли мы сделать [вклад]?
broadcast	Is this a live [broadcast]?	Это прямая [трансляция]?
assign	I'm [assigning] this work to you.	Я [поручаю] эту работу тебе.
avenue	Our neighborhood has three [avenues].	В нашем районе три [проспекта].
technical	We just found a [technical] problem.	Мы только что обнаружили [техническую] проблему.
typical	That's pretty [typical].	Это довольно [типично].
gym	I'm at the [gym].	Я в [спортзале].
satellite	Earth's moon is a natural [satellite].	Луна, вращающаяся вокруг Земли, - её естественный [спутник].
concentrate	What should we [concentrate] on?	На чём нам [сосредоточиться]?
praise	Every fox [praises] its tail.	Каждая лиса свой хвост [хвалит].
drill	Is this a [drill]?	Это [дрель]?
conclusion	What [conclusions] can we draw?	Какие [выводы] мы можем сделать?
capacity	This elevator's [capacity] is ten people.	Этот лифт вмещает десять человек.
sometime	We should play golf [sometime].	Нам надо [как-нибудь] поиграть в гольф.
inspector	Tom is a tax [inspector].	Том — налоговый [инспектор].
courage	Everyone marvelled at her [courage].	Все были восхищены её [смелостью].
advanced	Your reading is very [advanced].	У вас очень [продвинутое] чтение.
possession	[Possession] of firearms is a misdemeanor.	[Владение] огнестрельным оружием является правонарушением.
precious	We're wasting [precious] time.	Мы теряем [драгоценное] время.
fence	She'll paint the [fence] tomorrow.	Она покрасит [забор] завтра.
platform	At eleven thirty from [platform] number one.	В одиннадцать тридцать с [платформы] номер один.
thief	Stop that [thief]!	Остановите этого [вора]!
musical	Can you play any [musical] instruments?	Вы умеете играть на каких-нибудь [музыкальных] инструментах?
dedicate	[Dedicated] to my late father.	[Посвящается] моему покойному отцу.
depth	We measure the [depth] of the river.	Мы измеряем [глубину] реки.
sector	The public [sector] dominates economic activity.	В экономике преобладает государственный [сектор].
proposal	We will consider your [proposal].	Мы рассмотрим ваше [предложение].
ordinary	Contact me by [ordinary] mail.	Свяжись со мной по [обычной] почте.
variety	Most men need [variety].	Большинству мужчин требуется [разнообразие].
internal	This is for [internal] use.	Это для [внутреннего] пользования.
user	How many [users] are currently online?	Сколько [пользователей] сейчас в сети?
explore	Children like to [explore].	Дети любят всё [исследовать].
reply	Sorry for being slow to [reply].	Простите, что не сразу [отвечаю].
rub	[Rub] salt in the wound.	Сыпать соль на рану.
bean	Who likes [beans]?	Кто любит [бобы]?
rocket	Our [rocket] is being built.	Наша [ракета] строится.
specifically	I didn't mean anyone [specifically].	Я никого [конкретно] не имел в виду.
edition	It's a very rare [edition].	Это очень редкое [издание].
impressive	That's pretty [impressive].	Это весьма [впечатляюще].
clever	She's more wise than [clever].	Она скорее мудрая, чем [умная].
nonsense	That's all such [nonsense].	Это всё такая [ерунда].
superior	The enemy's [superior] forces have encircled our army.	[Превосходящие] силы противника заключили нашу армию в кольцо.
shark	[Sharks] can sense blood.	[Акулы] могут чувствовать кровь.
humor	She never lost her sense of [humor].	Она никогда не теряла чувства [юмора].
lifetime	Never in a [lifetime]!	Никогда в [жизни]!
breed	What's your favorite [breed] of dog?	Какая ваша любимая [порода] собак?
thrill	I'm [thrilled] with my purchase.	Я в [восторге] от своей покупки.
engineering	[Engineering] puts theory into practice.	Инженерия претворяет теорию в жизнь.
awake	She lay [awake] all night.	Она всю ночь пролежала без сна.
corporate	We provide individual, group, and [corporate] courses.	Мы организуем индивидуальное, групповое и [корпоративное] обучение.
expand	Our business is [expanding].	Наш бизнес [расширяется].
mercy	God shows [mercy].	Бог [милосерден].
ensure	Careful preparations [ensure] success.	Внимательная подготовка гарантирует успех.
sweetheart	Good morning, [sweetheart].	Доброе утро, [милая].
flame	Turn the [flame] down low.	Приглуши [пламя].
senate	The [senate] disapproved of the minister.	[Сенат] осудил министра.
liberty	We must respect individual [liberty].	Мы должны уважать личную [свободу].
assignment	What's my [assignment]?	Каково моё [задание]?
privilege	Every [privilege] carries responsibility with it.	Любая [привилегия] влечёт за собой ответственность.
dismiss	First of all, we must [dismiss] him.	Для начала мы должны его уволить.
charm	Use your [charm].	Используй своё [обаяние].
meanwhile	[Meanwhile], a new year began.	А между [тем], начался новый год.
waist	What's your [waist] size?	Какой у тебя размер [талии]?
interrupt	Don't [interrupt] our conversation.	Не [прерывай] нашу беседу.
missile	How many [missiles] can this aircraft carry?	Сколько [ракет] может нести этот самолёт?
permanent	Please give me your [permanent] address.	Прошу назвать ваш адрес места [постоянного] жительства.
smash	Have you ever [smashed] a mirror?	Ты когда-нибудь [разбивал] зеркало?
politician	Who's your favorite [politician]?	Кто твой любимый [политик]?
speaker	No one interrupted the [speaker].	[Оратора] никто не перебивал.
supreme	Knowledge is the [supreme] goal.	Знание - высшая цель.
childhood	Let's talk about your [childhood].	Давай поговорим о твоём [детстве].
steady	This bridge looks [steady].	Этот мост выглядит [устойчивым].
invent	Who [invented] this strange machine?	Кто изобрёл эту странную машину?
swell	My little finger is [swollen].	Мой мизинец опух.
treasure	Nobody will find that [treasure].	Это [сокровище] никто не найдёт.
dirt	Soap helps remove the [dirt].	Мыло помогает удалить [грязь].
deposit	This [deposit] bears three percent interest.	[Депозит] приносит три процента прибыли.
delicious	How [delicious] your dinner was!	Твой ужин был таким [вкусным]!
violent	Humans are [violent] by nature.	Люди [жестоки] от природы.
costume	I like your [costume].	Мне нравится твой [костюм].
toast	Who wants french [toast]?	Кому французский [тост]?
injure	Was anyone [injured]?	Кого-нибудь [ранило]?
drown	Help! I'm [drowning]!	На помощь! [Тону]!
apology	Please accept my [apology].	Примите, пожалуйста, мои [извинения].
closet	Please clear out this [closet].	Пожалуйста, освободите этот [шкаф].
lean	[Lean] your head forward.	Наклони голову вперёд.
garlic	There's too much [garlic].	Слишком много [чеснока].
panel	Open the [panel].	Открой [панель].
goodness	Thank [goodness] that's over.	Слава богу, всё закончилось.
whip	They made a [whip] out of cords.	Из верёвок они сделали [кнут].
reader	Let the [reader] judge.	Пусть судит [читатель].
behave	No one [behaves] that way.	Никто так [себя] не ведёт.
creative	Television can dull our [creative] power.	Телевидение может снизить наш [творческий] потенциал.
fourteen	[Fourteen] people live here.	Здесь живут [четырнадцать] человек.
punk	Do you like [punk] rock?	Тебе нравится [панк-рок]?
rabbit	What do [rabbits] eat?	Чем питаются [кролики]?
manufacture	This company [manufactures] computer chips.	Эта компания [производит] компьютерные чипы.
aircraft	We shot down enemy [aircraft].	Мы сбивали вражеские самолёты.
encounter	That was our first [encounter].	Это была наша первая [встреча].
entrance	[Entrance] is free of charge.	[Вход] бесплатный.
delight	They were shrieking with [delight].	Они визжали от [восторга].
peak	This [peak] is covered with snow year round.	Эта [вершина] круглый год покрыта снегом.
eagle	The [eagle] is white.	[Орёл] белый.
participate	Anybody can [participate].	Любой может [участвовать].
rifle	Put down the [rifle].	Опусти [винтовку].
civilian	We should defend the [civilian] population.	Мы должны защитить [мирное] население.
assistance	We need [assistance] immediately.	Нам немедленно нужна [помощь].
tournament	Tom dropped out of the [tournament].	Том выбыл из [турнира].
bump	He [bumped] his head against the ceiling.	Он [ударился] головой о потолок.
spoil	Honey can't [spoil].	Мёд не [портится].
pursue	The police [pursued] the murderer.	Полиция [преследовала] убийцу.
shield	Give me the [shield].	Дай мне [щит].
exam	Good luck with your [exam].	Удачи на [экзамене].
chop	We [chop] wood every day.	Мы [рубим] дрова каждый день.
execute	They [executed] him.	Они [казнили] его.
minimum	That's the bare [minimum].	Это допустимый [минимум].
melt	Salt makes ice [melt] faster.	Соль заставляет лёд [таять] быстрее.
visual	I have a good [visual] memory.	У меня хорошая [зрительная] память.
hopefully	[Hopefully], that'll change.	[Надеюсь], это изменится.
mushroom	Look at this cool [mushroom].	Посмотри на этот прикольный [гриб].
survey	Thanks for taking part in this [survey]!	Спасибо, что приняли участие в этом [опросе]!
robot	The [robot] will do everything else itself.	Всё остальное [робот] сделает сам.
mall	Let's go to the [mall].	Пойдём в [торговый] центр.
unable	We were [unable] to follow his logic.	Мы были [неспособны] понять его логику.
overall	Where can I buy [overalls]?	Где я могу купить спецодежду?
sum	She had only a small [sum] of money.	У неё была только небольшая [сумма] денег.
comedy	That [comedy] really made me laugh.	Эта [комедия] действительно меня рассмешила.
vessel	Blood flows through blood [vessels].	Кровь течёт по кровеносным [сосудам].
resist	I must [resist].	Я должен [сопротивляться].
weigh	How much do you [weigh]?	Сколько ты [весишь]?
cage	We felt all [caged] in.	Мы себя чувствовали, как в [клетке].
existence	Nothing justifies their [existence].	Их [существование] ничем не оправдано.
pan	The [pan] is too hot.	[Сковорода] слишком горячая.
pit	She's [pitting] him against me.	Она настраивает его против меня.
aspect	We must consider every [aspect] of the problem.	Мы должны рассмотреть все [аспекты] проблемы.
shave	I cut myself while [shaving].	Я порезался во время [бритья].
discovery	What a great [discovery]!	Какое великое [открытие]!
cave	Let's hide in this [cave].	Давай спрячемся в этой [пещере].
servant	His very [servants] despised him.	Его собственные [слуги] презирали.
Canadian	[Canadian] cuisine is horrible.	[Канадская] кухня ужасна.
tattoo	Show me your [tattoo].	Покажите мне свою [татуировку].
penalty	He missed the [penalty].	Он не забил [пенальти].
con	She's a [con] artist.	Она [мошенница].
absolute	That's the [absolute] truth.	Это [абсолютная] правда.
pose	Everyone [posed] for a picture.	Все [позировали] для фотографии.
stroke	My grandmother had a [stroke].	У моей бабушки был [инсульт].
grass	Go touch [grass].	Иди потрогай [траву].
entitle	You're [entitled] to your opinion.	Вы имеете [право] на ваше мнение.
annoy	This [annoys] me very much.	Это меня очень [раздражает].
hack	Someone [hacked] my account.	Кто-то взломал мой аккаунт.
acquire	Experience is [acquired] with time.	Опыт [приобретается] со временем.
cowboy	Tom put on his [cowboy] hat.	Том надел свою [ковбойскую] шляпу.
commissioner	It wasn't me, [commissioner]!	Это был не я, товарищ [комиссар]!
employ	They [employ] temporary workers.	Они [нанимают] временных работников.
column	[Columns] provide a solid foundation.	[Колонны] дают прочную основу.
toss	[Toss] your gun over here.	Брось своё оружие сюда.
ward	She is my [ward].	Она моя [подопечная].
Mexican	[Mexicans] drink tequila.	Мексиканцы пьют текилу.
install	The update is being [installed].	Обновление [устанавливается].
wage	What's the minimum [wage] in your country?	Какова минимальная [заработная] плата в вашей стране?
cliff	They scaled the [cliff] with difficulty.	Они с трудом взобрались на [утёс].
solo	Tom blew his nose loudly during the oboe [solo].	Во время [соло] гобоя Том громко высморкался.
appoint	Who [appointed] them?	Кто их назначил?
casino	Tom lost money at the [casino].	Том проиграл деньги в [казино].
bake	My mother often [bakes] bread.	Моя мама часто [печёт] хлеб.
explosion	There's just been another [explosion].	Только что был ещё один [взрыв].
Korean	[Korean] is easy.	[Корейский] язык простой.
notebook	Please show me your [notebook].	Покажи мне свою [тетрадь], пожалуйста.
rely	[Relying] on strength alone cannot guarantee victory.	Если [полагаться] лишь на силу, это не может гарантировать победу.
wallet	Let me check my [wallet].	Дайте мне проверить [бумажник].
following	Please correct the [following] sentence.	Исправь, пожалуйста, [следующее] предложение.
garbage	Crows often fish through [garbage].	Вороны часто роются в [мусоре].
sofa	This [sofa] can seat three people easily.	На этом [диване] легко поместятся три человека.
sneak	She [sneaked] up behind me.	Она подкралась ко мне сзади.
random	This is a [random] sentence.	Это [случайное] предложение.
nasty	He is [nasty].	Он [противный].
lend	Tom wouldn't [lend] me any money.	Том не стал бы [одалживать] мне деньги.
sponsor	And now a word from our [sponsor].	А теперь слово от нашего [спонсора].
vampire	Do [vampires] really exist?	[Вампиры] действительно существуют?
pace	We'll never get there at this [pace].	Такими [темпами] мы никогда туда не доедем.
unlike	[Unlike] my brother, I cannot swim.	В [отличие] от своего брата, я не умею плавать.
lung	My uncle died of [lung] cancer.	Мой дядя умер от рака [лёгких].
perspective	Tom has no [perspective].	У Тома нет никаких [перспектив].
seventeen	She will be [seventeen] next year.	В следующем году ей исполнится [семнадцать].
someday	We will meet again [someday].	[Когда-нибудь] мы встретимся вновь.
rude	Please excuse me for being [rude].	Пожалуйста, простите меня за мою [грубость].
commitment	Tom is afraid of [commitment].	Том боится связывать себя [обязательствами].
surgeon	We need a [surgeon].	Нам нужен [хирург].
temporary	Our bad luck was [temporary].	Наша неудача была [временной].
submit	[Submit] your resume there.	Подай туда своё резюме.
meter	In five hundred [meters] turn left.	Через пятьсот [метров] поверните налево.
acid	There is [acid] in lemon.	В лимоне есть [кислота].
rear	Look in the [rear]-view mirror.	Посмотри в зеркало [заднего] вида.
Muslim	[Muslims] bury their dead in graves.	[Мусульмане] хоронят мёртвых в могилах.
couch	Help me move this [couch].	Помоги мне передвинуть этот [диван].
deeply	Breathe [deeply] through your mouth.	[Глубоко] дыши́те ртом.
anytime	Ask me anything [anytime].	Спрашивай меня всё что угодно в [любое] время.
tech	Tom isn't very [tech]-savvy.	Том не очень разбирается в [технике].
pulse	Let me check your [pulse].	Дай-ка я проверю твой [пульс].
stab	She [stabbed] him in the back.	Она ударила его в спину [ножом].
destiny	Take control of your [destiny].	Управляй своей [судьбой].
demonstrate	Allow me to [demonstrate].	Позволь мне продемонстрировать.
institute	What did the committee of the [institute] say?	Что сказала комиссия [института]?
powder	That's [powdered] medicine.	Это лекарство идёт в [порошке].
drum	She can play the [drum].	Она умеет играть на [барабане].
domestic	I'd rather not do [domestic] work.	Я предпочел бы не заниматься [домашней] работой.
promotion	Let's go celebrate your [promotion].	Пойдём отметим твоё [повышение].
aboard	May I come [aboard]?	Можно мне подняться на [борт]?
recovery	[Recovery] was almost impossible.	[Выздоровление] было почти невозможно.
originally	The room [originally] had no furniture.	[Изначально] в комнате не было мебели.
accomplish	We've [accomplished] that goal.	Мы достигли этой цели.
tenth	I'm in the [tenth] grade.	Я учусь в [десятом] классе.
dancer	We're able [dancers].	Мы талантливые [танцоры].
colleague	I'm your father's [colleague].	Я [коллега] твоего отца.
forth	And so on and so [forth].	И так [далее] и тому подобное.
journalist	We need more [journalists].	Нам нужно больше [журналистов].
pile	That cost us a [pile] of money.	Это стоило нам [кучу] денег.
gallery	Where's the nearest art [gallery]?	Где ближайшая художественная [галерея]?
soccer	What's your favorite [soccer] team?	Какая твоя любимая [футбольная] команда?
mighty	This engine is small but [mighty].	Этот двигатель небольшой, но мощный.
wreck	Who needs this old [wreck]?	Кому нужна эта старая [развалина]?
thirteen	She left home at age [thirteen].	Она ушла из дома в [тринадцать] лет.
judgment	Don't pass [judgment] too quickly.	Не судите опрометчиво.
scout	The captain decided to send out a [scout].	Капитан решил послать [разведчика].
collapse	Our project [collapsed].	Наш проект провалился.
immediate	He demands [immediate] payment.	Он требует [немедленной] оплаты.
slight	There's another [slight] problem.	Есть ещё одна [небольшая] проблема.
constant	They live in [constant] fear.	Они живут в [постоянном] страхе.
eliminate	Does a uniform [eliminate] class difference?	Уничтожает ли униформа классовые различия?
unbelievable	This story is very [unbelievable].	Эта история совершенно [невероятная].
Dutch	[Dutch] people can speak many languages.	Голландцы знают много языков.
blade	How often do you change your razor [blade]?	Как часто ты меняешь [лезвие] бритвы?
clip	Do we have paper [clips]?	У нас скрепки есть?
shelter	We found [shelter] under a tree.	Мы нашли [убежище] под деревом.
admire	Let me [admire] you.	Разрешите вами [восхищаться].
romance	I love [romance] novels.	Я люблю любовные [романы].
edit	Click to [edit]!	Нажмите для [редактирования].
makeup	Even without [makeup], she's very cute.	Даже без [косметики] она очень мила.
eighteen	We graduate from high school at [eighteen].	Мы заканчиваем школу в [восемнадцать] лет.
terrific	You look [terrific].	Ты [потрясающе] выглядишь.
restore	Justice will be [restored].	Справедливость будет восстановлена.
bride	You may kiss your [bride].	Можете поцеловать [невесту].
lecture	What's this [lecture] about?	О чём эта [лекция]?
fold	She's [folding] her clothes.	Она [складывает] свою одежду.
occupy	This giant table [occupies] the entire room.	Этот огромный стол [занимает] всю комнату.
afterwards	She regretted it [afterwards].	[Впоследствии] она об этом пожалела.
severe	His criticisms were very [severe].	Его критика была очень [суровой].
flesh	You're my [flesh] and blood.	Вы моя [плоть] и кровь.
ambassador	The [ambassador] died suddenly.	[Посол] вдруг умер.
starve	In rich countries, few people [starve].	В богатых странах немногие [голодают].
approximately	This tree is [approximately] three hundred years old.	Этому дереву [приблизительно] триста лет.
salary	I'm content with my [salary].	Я доволен своей [зарплатой].
headquarters	We have a secret [headquarters].	У нас есть секретный [штаб].
difficulty	We must get over many [difficulties].	Мы должны преодолеть множество [трудностей].
pearl	These [pearls] look real.	Эти [жемчужины] выглядят как настоящие.
polish	What's your favorite nail [polish]?	Какой ваш любимый лак для ногтей?
remote	How does this [remote] work?	Как этот пульт работает?
revenge	We want [revenge].	Мы хотим [мести].
spit	[Spitting] is prohibited.	Запрещено [плевать].
harbor	The island has a fine [harbor].	На острове есть хорошая [гавань].
enterprise	The [enterprise] was doomed to failure.	[Предприятие] было обречено на провал.
fascinate	Cats [fascinate] me.	Кошки [очаровывают] меня.
scan	Could you [scan] this for me?	Можешь это для меня отсканировать?
pole	The car hit a telephone [pole].	Автомобиль врезался в телефонный [столб].
cruise	I'd like to go on another [cruise].	Я бы еще раз отправился в [круиз].
possess	He [possessed] a good memory.	Он [обладал] хорошей памятью.
helicopter	How do [helicopters] fly?	Как летают [вертолеты]?
eyebrow	Your [eyebrows] look weird.	Ваши [брови] странно выглядят.
narrow	This road is very [narrow].	Эта дорога очень [узкая].
household	How many people are there in this [household]?	Сколько людей в этом [хозяйстве]?
practically	We're [practically] family.	Мы [практически] семья.
keyboard	My cat likes my [keyboard].	Моему коту нравится [клавиатура].
urge	I have an [urge] to buy something.	У меня острое [желание] что-то купить.
raw	We often eat fish [raw].	Мы часто едим рыбу [сырой].
merely	It's [merely] a joke.	Это всего [лишь] шутка.
swallow	Don't [swallow] these chemical products.	Не [глотайте] эти химикаты.
patrol	Tom was [patrolling] the area.	Том [патрулировал] окрестности.
symbol	What do these [symbols] mean?	Что означают эти [символы]?
topic	That's not my favorite [topic].	Эта [тема] не относится к моим любимым.
Asian	[Asians] eat a lot of rice.	Жители [азиатских] стран едят много риса.
storage	I have [storage] space.	У меня есть место для [хранения].
slap	She [slapped] his face.	Она дала ему [пощёчину].
tissue	Give me a [tissue].	Дай мне [салфетку].
confess	It's time to [confess].	Пора [признаваться].
pleasant	Nothing is [pleasant] in life.	Нет ничего [приятного] в жизни.
campus	I love living on [campus].	Мне нравится жить в [кампусе].
phrase	What does this [phrase] mean?	Что означает эта [фраза]?
charming	What a [charming] young girl!	Какая [очаровательная] девушка!
symptom	That's a bad [symptom].	Это плохой [симптом].
surrender	Asking for help doesn't mean [surrendering].	Просить о помощи не значит [сдаваться].
maximum	That's the [maximum].	Это [максимум].
bonus	I got a [bonus].	Я получил [бонус].
exception	This rule has no [exception].	Это правило не имеет [исключения].
lad	He's a good [lad].	Он хороший [парень].
circuit	In her job, she designs electrical [circuits].	На своей работе она проектирует электрические [цепи].
lap	Come, sit on my [lap].	Иди сядь ко мне на [колени].
entertain	She's being [entertained].	Её [развлекают].
fever	Mom has a [fever].	У мамы [жар].
murderer	Kill all [murderers]!	Убей всех [убийц]!
medium	A large or [medium]-sized one?	Большого или [среднего] размера?
category	This doesn't fit into any [category].	Это не вписывается ни в какую [категорию].
celebrity	Who's your favorite [celebrity]?	Кто ваша любимая [знаменитость]?
whisper	One of the professors [whispered].	Один из профессоров [шептал].
stamp	Please show me your [stamp] album.	Покажи мне, пожалуйста, свой альбом [марок].
basement	Can we hide in your [basement]?	Мы можем спрятаться в твоём [подвале]?
hammer	Hand me that [hammer].	Подай мне тот [молоток].
brick	Where can I buy [bricks]?	Где я могу купить [кирпичи]?
signature	We need your [signature].	Нам нужна Ваша [подпись].
practical	His idea is [practical].	Его идея [практична].
darkness	She is afraid of [darkness].	Она боится [темноты].
necessarily	That doesn't [necessarily] change anything.	Это не [обязательно] всё меняет.
marketing	I don't know anything about [marketing].	Я ничего не знаю о [маркетинге].
defendant	Who represents the [defendant]?	Кто защищает [обвиняемого]?
palm	Show me your [palms].	Покажи [ладони].
era	We live in the [era] of procrastination.	Мы живём в [эпоху] прокрастинации.
somewhat	We were [somewhat] surprised at his strange question.	Мы были [несколько] удивлены его странным вопросом.
crawl	Our kid can't even [crawl] yet.	Наш ребёнок ещё даже [ползать] не умеет.
leadership	You must act under the [leadership] of your supervisor.	Вы должны работать под [руководством] своего начальника.
compromise	Finally, my father [compromised].	В конце концов мой отец пошел на [компромисс].
horror	What's your favorite [horror] movie?	Какой твой любимый фильм [ужасов]?
convict	I was [convicted].	Я был [осуждённым].
raid	The bandits made a [raid] on the village.	Бандиты совершили [рейд] на деревню.
Latin	[Latin] is a dead language.	[Латинский] язык - мёртвый.
sauce	We could make [sauce] tomorrow.	Мы могли бы сделать [соус] завтра.
preserve	We must [preserve] birds.	Мы должны охранять птиц.
privacy	I value my [privacy].	Я ценю неприкосновенность моей [частной] жизни.
extraordinary	Make your life [extraordinary].	Сделайте свою жизнь необыкновенной.
ideal	Describe your [ideal] breakfast.	Опишите свой [идеальный] завтрак.
noble	He is [noble] of heart.	У него [благородное] сердце.
stairs	Go up these [stairs].	Поднимись по этой [лестнице].
acknowledge	She [acknowledged] her mistake.	Она признала свою ошибку.
explode	I thought my head would [explode].	Я думал, у меня голова взорвётся.
spider	Keep that [spider] away from me.	Убери от меня этого [паука].
bubble	Life is like a soap [bubble].	Жизнь похожа на мыльный [пузырь].
ashamed	She's [ashamed] of her body.	Она [стыдится] своего тела.
testify	She [testified] against him.	Она дала против него [показания].
elevator	There's no [elevator] in this building.	В этом здании нет [лифта].
jungle	What's a [jungle]?	Что такое [джунгли]?
cabinet	Why is this [cabinet] locked?	Почему этот [шкафчик] заперт?
mode	Tom put his computer into sleep [mode].	Том поставил компьютер на спящий [режим].
heel	Time wounds all [heels].	Время ранит все [пятки].
bounce	The ball [bounces] well.	Мяч хорошо [отскакивает].
useless	There's nothing [useless] in nature.	В природе нет ничего [бесполезного].
liberal	He's had a [liberal] upbringing.	Он воспитывался в [либеральных] традициях.
bee	These chemicals may affect [bees].	Эти химические вещества могут повлиять на [пчел].
poetry	We both love [poetry].	Мы оба любим [поэзию].
merry	He laughed a [merry] laugh.	Он залился [весёлым] смехом.
helpful	This should prove most [helpful].	Это должно оказаться весьма [полезным].
cabin	Tom gave me his [cabin].	Том оставил мне свою [хижину].
punishment	What's my [punishment]?	Какое моё [наказание]?
closely	Please watch [closely].	Пожалуйста, смотри [внимательно].
definition	What do you think of this word's [definition]?	Что ты думаешь об [определении] этого слова?
resistance	We expect heavy [resistance].	Мы ожидаем ожесточенное [сопротивление].
everyday	Tell me about your [everyday] life.	Расскажи мне о своей [повседневной] жизни.
engagement	[Engagement] isn't marriage.	[Помолвка] - это не брак.
clinic	Do you work in this [clinic]?	Вы работаете в этой [клинике]?
depression	[Depression] can lead to suicide.	[Депрессия] может привести к самоубийству.
sustain	I [sustain] my family.	Я [поддерживаю] мою семью.
communist	We've all become [communists].	Мы все стали [коммунистами].
decline	Tom [declined] our job offer.	Том отклонил наше предложение о работе.
pathetic	That's a [pathetic] excuse.	Это [жалкое] оправдание.
sequence	Nobody could remember the [sequence] of events.	Никто не мог вспомнить [последовательность] событий.
communicate	It's difficult to [communicate] with him.	С ним трудно [общаться].
behalf	Speak in my [behalf].	Говори от моего [имени].
inner	My [inner] voice guides me.	Меня ведёт [внутренний] голос.
fleet	Life is [fleeting].	Жизнь мимолётна.
custody	Tom lost [custody] of his children.	Том лишился [опеки] над своими детьми.
exhibit	Do not touch the [exhibits].	Не трогайте [экспонаты].
scarf	Use your [scarf].	Используй свой [шарф].
accurate	We need [accurate] information.	Нам нужна [точная] информация.
ultimate	It's my [ultimate] goal.	Это моя конечная цель.
generate	Trust [generates] trust.	Доверие рождает доверие.
layer	A thick [layer] of dust lay everywhere.	Повсюду лежал толстый [слой] пыли.
drain	That's money down the [drain].	Это выбрасывание денег на ветер.
bored	These cows look [bored].	Эти коровы выглядят [скучающими].
imagination	Let your [imagination] run wild.	Дай волю своему [воображению].
conclude	What did you [conclude] from that?	Какой [вывод] вы из этого сделали?
reform	Health [reform] can't wait anymore.	[Реформы] здравоохранения не могут больше ждать.
contribution	Many thanks for your [contribution].	Большое спасибо за ваш [вклад].
nearby	Do you live [nearby]?	Ты живёшь [поблизости]?
exclusive	We have the [exclusive] right to sell them.	У нас есть [эксклюзивное] право продавать их.
disorder	I suffer from post-traumatic stress [disorder].	У меня посттравматическое стрессовое [расстройство].
react	We have to [react] faster.	Надо [реагировать] быстрее.
constantly	His wife nags him [constantly].	Его жена [постоянно] его пилит.
frozen	The pond was [frozen] hard.	Пруд был сильно [замёрзшим].
cotton	I like [cotton] clothes.	Мне нравится [хлопковая] одежда.
objective	That's my [objective].	Это моя [цель].
plug	[Plug] this in.	Подключи это.
booth	Where's the nearest telephone [booth]?	Где ближайшая телефонная [будка]?
adjust	Let me [adjust] your tie.	Дай я тебе галстук поправлю.
scissors	These [scissors] cut well.	Эти [ножницы] хорошо режут.
whistle	Please stop [whistling].	Пожалуйста, прекрати [свистеть]!
electricity	We can't work without [electricity].	Мы не можем работать без [электричества].
translate	Who will [translate] my sentence?	Кто будет [переводить] моё предложение?
withdraw	When was the last time you [withdrew] money?	Когда ты в последний раз [снимал] деньги?
hostage	You're our [hostage].	Ты наш [заложник].
painful	Let's talk about something less [painful].	Давай поговорим о чем-то менее [болезненном].
leather	[Leather] shoes cost much more.	[Кожаные] ботинки стоят гораздо дороже.
retirement	His revenue doubled after [retirement].	После выхода на [пенсию] его доход увеличился вдвое.
ambulance	Let's call for the [ambulance].	Давай вызовем [скорую].
creep	Get away from me, you [creep]!	Отвали от меня, урод!
incredibly	We're [incredibly] lucky.	Нам [невероятно] везёт.
organ	Can you play the [organ]?	Вы умеете играть на [органе]?
Australian	[Australian] women are very beautiful.	Австралийки очень красивые.
forbid	I [forbid] that.	Я это [запрещаю].
literature	German [literature] is very rich.	Немецкая [литература] очень богата.
escort	I'll [escort] you.	Я буду [сопровождать] тебя.
hockey	Who's your favorite [hockey] player?	Кто твой любимый игрок в [хоккей]?
bench	Let's sit on that [bench].	Давай посидим на той [скамейке].
convert	The body [converts] extra calories into fat.	Тело [превращает] лишние калории в жир.
whale	[Whales] feed on small fish.	[Киты] питаются мелкой рыбой.
creation	Is this one of your [creations]?	Это одно из твоих [творений]?
historical	What's your favorite [historical] movie?	Какой твой любимый [исторический] фильм?
spill	Someone [spilled] something here.	Тут кто-то что-то [разлил].
importance	That's a matter of prime [importance].	Это дело первоочередной [важности].
infection	There's no sign of [infection].	Нет признака [инфекции].
origin	This word's [origin] is unknown.	[Происхождение] этого слова неизвестно.
bureau	The [bureau] drawer has several compartments.	У ящика письменного стола есть несколько отделений.
rage	He broke out into [rage].	Он взбесился от [ярости].
robbery	When did the [robbery] happen?	Когда произошло [ограбление]?
trunk	What's in your [trunk]?	Что у вас в [багажнике]?
bail	The judge denied me [bail] for no reason.	Судья без причины отказал мне в [залоге].
dine	We [dined] at a restaurant.	Мы [обедали] в ресторане.
fairly	This book is [fairly] interesting.	Эта книга [довольно] интересная.
shortly	She arrived [shortly] after him.	Она приехала [вскоре] после него.
backup	Call for [backup].	Вызывай [подкрепление].
trailer	I'll be in my [trailer].	Я буду в своем [трейлере].
recruit	They're all new [recruits].	Все они [новобранцы].
sack	What's in the [sack]?	Что в [мешке]?
squeeze	She [squeezed] his hand.	Она сжала его руку.
housing	The [housing] market is stagnant.	Рынок [жилой] недвижимости находится в состоянии стагнации.
protein	Eat more [protein].	Ешь больше [белка].
tennis	Let's play [tennis] this afternoon.	Давай сыграем в [теннис] после обеда.
philosophy	Your [philosophy] of life varies from mine.	Твоя жизненная [философия] отличается от моей.
tent	Let's pitch our [tent] here.	Давайте поставим нашу [палатку] здесь.
suspend	My license is still [suspended].	Моя лицензия всё ещё приостановлена.
photographer	Who's your favorite [photographer]?	Кто твой любимый [фотограф]?
objection	She had no [objection].	У неё не было [возражений].
invitation	Thanks for your [invitation].	Спасибо тебе за [приглашение].
atmosphere	The moon has no [atmosphere].	У Луны нет [атмосферы].
improvement	There's still room for [improvement].	Потенциал для [улучшения] ещё есть.
announcement	Here's an important [announcement].	Вот важное [объявление].
approval	That will require congressional [approval].	Это потребует [одобрения] конгресса.
clown	[Clowns] also cry.	[Клоуны] тоже плачут.
ski	We often go [skiing] together.	Мы часто ходим вместе на [лыжах].
relieve	What [relieves] the pain?	Что [облегчает] боль?
boil	We're [boiling] water.	Мы [кипятим] воду.
soil	What'll grow in this [soil]?	Что может расти на этой [почве]?
satisfied	She's never [satisfied].	Она никогда не бывает довольна.
hood	Open the [hood].	Откройте [капот].
sigh	Don't [sigh] like that.	Не [вздыхай] так.
furniture	We need some new [furniture].	Нам нужна новая [мебель].
resolve	Why is it necessary to [resolve] conflicts?	Почему надо [разрешать] конфликты?
thread	Please [thread] the needle for me.	Вдень мне [нитку] в иголку, пожалуйста.
confident	She's not [confident] about the future.	У неё нет [уверенности] в завтрашнем дне.
athlete	An [athlete] must keep in good condition.	[Спортсмен] должен оставаться в форме.
essential	Only buy what is absolutely [essential].	Покупайте только то, что абсолютно необходимо.
barrel	Roll the [barrel] over here.	Катите-ка [бочку] сюда.
arrival	What is the [arrival] time?	Каково время [прибытия]?
elephant	Unfortunately, [elephants] can't sing well.	К сожалению, [слоны] не очень хорошо поют.
bully	His classmates [bullied] him.	Его [задирали] одноклассники.
spray	Does bear [spray] work?	Спрей против медведей работает?
pirate	Let's make believe that we're [pirates].	Давай притворимся, что мы [пираты].
ace	Tom had three [aces].	У Тома было три [туза].
discipline	Faith, unity, [discipline].	Вера, единство, [дисциплина].
beam	It's an infrared [beam].	Это инфракрасный [луч].
embrace	She [embraced] her father.	Она обняла отца.
industrial	Many people work in [industrial] towns.	Многие люди работают в [промышленных] городах.
advertising	[Advertising] is everywhere.	[Реклама] повсюду.
alter	We've [altered] course.	Мы сменили путь.
medication	Where's your [medication]?	Где твоё [лекарство]?
celebration	No special [celebration] is planned.	Особого [празднования] не планируется.
dock	There was no one on the [dock].	У [причала] никого не было.
shy	She's kind of [shy].	Она слегка [застенчива].
alliance	Where's my [alliance]?	Где моё обручальное кольцо?
detect	How do scientists [detect] exoplanets?	Как ученые [обнаруживают] экзопланеты?
vegetable	What's your favorite [vegetable]?	Какой ваш любимый [овощ]?
awkward	I feel [awkward] in his presence.	Я чувствую себя [неловко] в его присутствии.
worship	She [worships] him.	Она его боготворит.
accompany	Her mother always [accompanies] her.	Её всегда [сопровождает] мама.
tourist	Many [tourists] visit this city.	В этот город приезжает много [туристов].
poet	Who's your favorite [poet]?	Кто твой любимый [поэт]?
pope	Who will be the next [pope]?	Кто будет следующим Папой [Римским]?
expectation	This job fulfils my [expectations].	Эта работа оправдывает мои [ожидания].
carrier	Rats are [carriers] of disease.	Крысы — переносчики заразы.
republic	Germany is a federal [republic].	Германия является федеративной [республикой].
genetic	Diabetes is partially [genetic].	Диабет частично обусловлен [генетически].
vital	Water is [vital] for humans.	Вода [жизненно] важна для человека.
formula	This is his [formula].	Это его [формула].
rebel	I'm no [rebel].	Я не [бунтарь].
champagne	Orange juice or [champagne]?	Апельсинового сока или [шампанского]?
predict	She can [predict] the future.	Она умеет [предсказывать] будущее.
analyze	We [analyzed] the results.	Мы [анализировали] результаты.
airline	The [airline] lost my bags.	[Авиакомпания] потеряла мой багаж.
educate	How should we [educate] our sons?	Как нам воспитывать наших сыновей?
headache	This medicine will take care of your [headache].	Это лекарство поможет вам от [головной] боли.
chef	Our [chef] just quit.	Наш [шеф-повар] только что уволился.
terrify	Spiders [terrify] me.	Пауки [ужасают] меня.
homework	Do your [homework] right away.	Немедленно делай свое [домашнее] задание.
craft	Do you like [craft] beer?	Ты любишь крафтовое пиво?
compliment	Thanks for the [compliment].	Спасибо за [комплимент].
surveillance	We had him under [surveillance].	Мы держали его под [наблюдением].
slam	She [slammed] the door shut.	Она [захлопнула] дверь.
imply	Silence often [implies] resistance.	Молчание часто [подразумевает] сопротивление.
emperor	Down with the [emperor]!	Долой [императора]!
selection	I'm confirming my [selection].	Свой [выбор] подтверждаю.
conservative	She's quite [conservative], isn't she?	Она довольно [консервативна], не так ли?
hint	Give me a [hint].	[Намекни] мне.
counsel	You should listen to your father's wise [counsel].	Вам следует прислушаться к мудрому [совету] отца.
resort	Klava went to a [resort].	Клава уехала на [курорт].
fairy	Look, a [fairy]!	Смотри, [фея]!
shade	Let's sit in the [shade].	Давайте сядем в [тени].
maintenance	The bridge is under [maintenance].	Мост на техническом [обслуживании].
rally	There were at most twenty people at the [rally].	На [митинге] было от силы человек двадцать.
critic	[Critics] thought little of the play.	[Критики] невысоко оценили пьесу.
portion	A large [portion] of rice, please.	Большую [порцию] риса, пожалуйста.
academic	His [academic] achievements are impressive.	Его научные достижения впечатляют.
poll	My refusal to explain exempts me from the [poll].	Мой отказ дать объяснение исключает меня из [опроса].
coordinate	Give me the [coordinates].	Дайте мне [координаты].
turtle	We ate some [turtle] soup.	Мы поели [черепахового] супа.
designer	I wear [designer] clothes myself.	Я сама ношу [дизайнерскую] одежду.
fluid	Drink plenty of [fluids].	Пейте побольше [жидкости].
recipe	What's your [recipe] for success?	Каков твой [рецепт] успеха?
rubber	My son's [rubber] duck is yellow.	[Резиновый] утёнок моего сына жёлтый.
rail	Trains run on [rails].	Поезда ходят по [рельсам].
wander	She [wandered] from town to town.	Она [бродила] от города к городу.
shed	Snakes [shed] their skin every year.	Змеи каждый год [сбрасывают] кожу.
certificate	Where's my birth [certificate]?	Где моё свидетельство о рождении?
pity	Never confuse [pity] with love.	Никогда не путай [жалость] с любовью.
destruction	The [destruction] of the environment is big.	[Разрушение] окружающей среды велико.
parade	There was a big [parade] today.	Сегодня был большой [парад].
requirement	This offer does not meet our [requirements].	Это предложение не отвечает нашим [требованиям].
gentle	She has a [gentle] voice.	У неё [нежный] голос.
stun	His answer [stunned] me.	Его ответ меня ошеломил.
fraud	Clearly, it's a [fraud].	Очевидно, что это [мошенничество].
dramatic	Nothing [dramatic] will happen.	Ничего драматичного не случится.
intelligent	My sister is very [intelligent].	Моя сестра очень [умна].
flee	They [fled] the country.	Они [бежали] из страны.
cherry	This [cherry] is dark red.	Эта [вишня] темно-красная.
slice	[Slice] the bread very thinly.	Нарежьте хлеб тонкими [ломтиками].
betray	I never [betrayed] you.	Я никогда тебя не [предавал].
replacement	We need to find a [replacement] for him.	Нам придётся искать ему [замену].
jewelry	The [jewelry] store is open.	[Ювелирный] магазин открыт.
candle	Give me that [candle].	Дайте мне эту [свечу].
generous	That's very [generous] of you.	Это очень [щедро] с вашей стороны.
server	The [server] is down again.	[Сервер] снова упал.
auto	Tom was an [auto] mechanic.	Том был [автомехаником].
stink	Something [stinks] in here.	Тут чем-то [воняет].
Italian	[Italian] politicians make me mad.	[Итальянские] политики меня бесят.
pad	Write your telephone number down on this [pad].	Запишите ваш телефон в этот [блокнот].
burger	Imagine a [burger].	Представь себе [бургер].
coal	We've run out of [coal].	У нас кончился [уголь].
assembly	I took part in the [assembly].	Я участвовал в [собрании].
miserable	She's rich but [miserable].	Она богата, но [несчастна].
democracy	We stand for [democracy].	Мы отстаиваем [демократию].
illness	His [illness] may be cancer.	Его [болезнь] может быть раком.
strain	I don't think this chain will stand the [strain].	Цепь, пожалуй, не выдержит этого [напряжения].
brake	You can't [brake] on snow.	На снегу нельзя [тормозить].
trauma	She also writes about loss and [trauma].	Она также пишет об утрате и [травме].
outstanding	Tom is an [outstanding] actor.	Том — [выдающийся] актёр.
soda	You drink too much [soda].	Ты пьёшь слишком много [газировки].
eighty	That lady is over [eighty].	Той женщине за [восемьдесят].
ninety	Please read page [ninety]-four.	Прочтите, пожалуйста, страницу [девяносто] четыре.
seventy	My grandfather will turn [seventy] this year.	В этом году моему дедушке исполняется [семьдесят] лет.
nineteen	He's [nineteen] years old.	Ему [девятнадцать] лет.
kettle	Go put the [kettle] on.	Пойди поставь [чайник].
pear	Eat some [pears].	Поешьте [груш].
windy	It's pretty [windy] today, no?	Довольно [ветрено] сегодня, да?
cloudy	[Cloudy] with occasional rain.	[Облачно], местами дожди.
damn	Shut that [damn] dog up.	Заткни эту [чёртову] собаку.
further	I can't walk any [further].	Я не могу идти [дальше].
pop	Young people all like [pop] music.	Всей молодёжи нравится попса.
lower	Mary bit her [lower] lip.	Мэри прикусила [нижнюю] губу.
gay	So what if I'm [gay]?	И что с того, что я [гей]?
van	We'll load the [van].	Мы загрузим [фургон].
buck	You owe me thirty [bucks].	Ты должен мне тридцать [долларов].
pro	We need to hire a [pro].	Нам нужно нанять [профессионала].
rip	[Ripped] jeans are back in fashion.	[Рваные] джинсы снова в моде.
rob	We didn't [rob] the bank.	Мы не [грабили] банк.
lab	Tom, put on your [lab] coat!	Том, наденьте [лабораторный] халат!
ill	It's too bad she's [ill].	Жаль, что она [больна].
bang	He [banged] his head.	Он [ударился] головой.
alert	The entire military unit was put on [alert].	По [тревоге] была поднята вся воинская часть.
sub	Let's keep this conversation [sub] rosa.	Давайте оставим этот разговор в тайне.
cab	I'll probably come by [cab].	Я, наверное, на [такси] приеду.
opera	What's your favorite soap [opera]?	Какая твоя любимая мыльная [опера]?
railroad	This [railroad] ends here.	Эта [железная] дорога кончается здесь.
rating	[Ratings] are dropping.	[Рейтинги] падают.
clothing	We sell [clothing] in our store.	В нашем магазине мы продаём [одежду].
hawk	The [hawk] caught a rat.	[Ястреб] поймал крысу.
sweetie	You're my [sweetie].	Ты мой сладкий.
underground	We can get there by [underground].	Мы можем доехать туда на метро.
fade	His star is [fading].	Его звезда [угасает].
menu	What's today's [menu]?	Что сегодня в [меню]?
frequency	We can finetune the [frequency].	Мы можем подстроить [частоту].
consult	[Consult] with him.	Проконсультируйся с ним.
carpet	Please beat this [carpet].	Пожалуйста, выбейте этот [ковёр].
corn	I don't like [corn].	Я не люблю [кукурузу].
fabulous	You look [fabulous] in black.	Ты [потрясающе] выглядишь в черном.
intense	She is [intense] in her study.	Она упорна в своём исследовании.
spark	The fire shot out [sparks].	Огонь отбрасывал [искры].
emerge	A plane [emerged] from nowhere.	Невесть откуда вынырнул самолет.
needle	I pricked my thumb with a [needle].	Я уколол себе большой палец [иглой].
teenager	[Teenagers] often wear strange clothes.	[Подростки] часто носят странную одежду.
drawing	Look at that [drawing].	Посмотри на этот [рисунок].
maid	The [maid] didn't see anything.	[Горничная] ничего не видела.
cruel	Stop being [cruel].	Перестаньте быть [жестокими].
remarkable	His life was [remarkable].	У него была [замечательная] жизнь.
climate	What's your favorite [climate]?	Какой твой любимый [климат]?
skull	That's a [skull].	Это [череп].
regional	There are too many [regional] differences.	Слишком много [региональных] различий.
rap	Do you like [rap]?	Ты любишь [рэп]?
reservation	Confirm your [reservation] in advance.	Подтвердите ваше [бронирование] заблаговременно.
urban	Most people live in [urban] areas.	Большинство людей живёт в [городской] местности.
liquid	Drink this blue [liquid]!	Выпей эту голубую [жидкость]!
oxygen	We can't live without [oxygen].	Мы не можем жить без [кислорода].
confuse	Never [confuse] art with life.	Никогда не [путайте] искусство с жизнью.
negotiate	We don't [negotiate].	Мы не ведём [переговоров].
foul	What is that [foul] odor?	Что это за [мерзкий] запах?
humanity	[Humanity] will eventually destroy itself.	[Человечество] когда-нибудь уничтожит само себя.
accent	Her [accent] gave her away.	[Акцент] её выдал.
embarrassed	He looked [embarrassed].	Он выглядел [смущённым].
consent	Tom will never [consent].	Том никогда не [согласится].
justify	The end [justifies] the means.	Цель [оправдывает] средства.
formal	He had almost no [formal] education.	У него не было почти никакого [формального] образования.
burst	My wife [burst] into tears.	Моя жена разрыдалась.
survivor	How many [survivors] were there?	Сколько было [выживших]?
lamp	We need a new [lamp].	Нам нужна новая [лампа].
jazz	We like [jazz].	Нам нравится [джаз].
clay	Bricks consist mostly of [clay].	Кирпичи в основном состоят из [глины].
bargain	You'll find many [bargains] there.	Вы можете сделать там много [выгодных] покупок.
veteran	I'm a [veteran].	Я - [ветеран].
puppy	Can I hold your [puppy]?	Можно подержать вашего [щенка]?
teen	[Teens] do a lot of dumb stuff.	[Подростки] делают много глупостей.
democratic	We live in a [democratic] society.	Мы живём в [демократическом] обществе.
sacred	Human life is [sacred].	Человеческая жизнь [священна].
wrestle	Let's arm [wrestle].	Давай на локотки.
testimony	He contradicted himself several times in his [testimony].	Он несколько раз запутался в своих [показаниях].
distract	Nothing will [distract] us.	Ничто не будет нас [отвлекать].
downstairs	She left her coat [downstairs].	Она оставила пальто [внизу].
employer	His [employer] dismissed him yesterday.	[Работодатель] вчера его уволил.
distinguish	I can't [distinguish] between them.	Я их не [различаю].
interior	Mary is an [interior] designer.	Мэри — дизайнер [интерьеров].
compound	Lipids are organic [compounds].	Липиды — это органические [соединения].
weakness	Take advantage of her [weakness].	Воспользуйся её [слабостью].
patience	God, give us [patience]!	Господи, дай нам [терпения]!
transmission	The [transmission] quality was satisfactory.	Качество [передачи] было удовлетворительным.
execution	The idea was excellent, but the [execution] was terrible.	Идея была отличная, но [исполнение] ужасное.
constitution	Read the [constitution].	Почитай [Конституцию].
triple	Tom saw a [triple] rainbow.	Том видел [тройную] радугу.
uncomfortable	This pillow is very [uncomfortable].	Эта подушка очень [неудобная].
ultimately	Good will [ultimately] triumph over evil.	Добро [в] конце концов победит зло.
belly	I hit him in the [belly].	Я ударил его в [живот].
consumer	We [consumers] must buy more domestic products.	Мы, [потребители], должны покупать больше отечественной продукции.
lick	My cat loves [licking] people.	Мой кот обожает [лизать] людей.
instant	The medicine gave [instant] relief.	Лекарство дало [мгновенное] облегчение.
survival	Fear is essential for [survival].	Страх необходим для [выживания].
noon	We had lunch at [noon].	Мы пообедали в [полдень].
extension	What's the file [extension]?	Какое у файла [расширение]?
heavily	Don't smoke so [heavily].	Не кури так [сильно].
highlight	Read the [highlighted] line out loud.	Прочти вслух выделенную строку.
crop	These fields produce fine [crops].	Эти поля дают прекрасный [урожай].
tragedy	[Tragedies] happen every day.	[Трагедии] случаются каждый день.
offend	I [offend] her.	Она на меня [обижается].
transportation	We use public [transportation].	Мы пользуемся общественным [транспортом].
badge	What's that [badge]?	Что это за [значок]?
lightning	She's as fast as [lightning].	Она быстрая, как [молния].
beside	Sit [beside] me.	Сядь [рядом] со мной.
electrical	Lightning is an [electrical] phenomenon.	Молния — [электрическое] явление.
cough	Your [cough] worries me.	Меня беспокоит твой [кашель].
physics	I know nothing about [physics].	Я ничего не понимаю в [физике].
grandpa	Good morning, [grandpa]!	Доброе утро, [дедушка]!
partnership	What kind of [partnership] are they proposing?	Какого рода [партнёрство] они предлагают?
dip	Tom likes [dipping] cookies in milk.	Том любит [окунать] печенья в молоко.
steak	This [steak] is too tough.	Этот [стейк] слишком жёсткий.
grip	I'm losing my [grip].	Я теряю [хватку].
donate	I [donated] blood this afternoon.	Сегодня днём я сдавал кровь.
opponent	Who is my [opponent]?	Кто мой [противник]?
burden	Life is a [burden].	Жизнь - это [бремя].
poster	What does that [poster] mean?	Что означает этот [плакат]?
wagon	My father is on the [wagon].	Мой отец в [фургоне].
ministry	He's some high-up in the [ministry].	Он какая-то шишка в [министерстве].
isolate	No nation can exist completely [isolated] from others.	Ни одна нация не может существовать абсолютно [изолированно] от других.
liver	This can cause [liver] damage.	Это может вызвать поражение [печени].
anxiety	She could not cope with [anxiety].	Она не могла справиться с [тревогой].
auction	Tom bought this horse at an [auction].	Том купил эту лошадь на [аукционе].
skate	She can [skate].	Она умеет [кататься] на коньках.
talented	We need more [talented] people.	Нам нужно больше [талантливых] людей.
loop	Keep me in the [loop].	Держи меня в курсе.
creek	The [creek] had red water.	Вода в [ручье] была красная.
recommendation	What is today's [recommendation]?	Какая на сегодня [рекомендация]?
spike	A [spike] in demand caused prices to rise.	Резкий скачок спроса спровоцировал рост цен.
spiritual	Not material, but [spiritual] things determine our life.	Не материальные, а [духовные] вещи определяют нашу жизнь.
retreat	We must not [retreat].	Мы не должны [отступать].
violation	That's a [violation] of the rules.	Это [нарушение] правил.
peanut	Do you like [peanut] butter?	Тебе нравится [арахисовое] масло?
motive	What's his [motive] for committing murder?	Какой у него был [мотив] для совершения убийства?
haunt	That still [haunts] me.	Меня это до сих пор преследует.
stack	Tom made a big [stack] of pancakes.	Том испёк большую [стопку] блинов.
widow	My sister is a [widow].	Моя сестра — [вдова].
lobby	We'll wait in the [lobby].	Мы подождем в [вестибюле].
introduction	Read the [introduction].	Прочти [введение].
wisdom	We gain [wisdom] with age.	С возрастом мы обретаем [мудрость].
arrow	Give me your [arrow].	Дай мне свою [стрелу].
wealth	Health over [wealth].	Здоровье важнее, чем [богатство].
rod	He has a nice [rod].	У него хорошая [удочка].
essay	This [essay] is my own.	Это [эссе] принадлежит мне.
employment	I'm looking for full-time [employment].	Я ищу работу на полный рабочий день.
mortgage	What's your [mortgage] payment?	Сколько вы платите за [ипотеку]?
residence	Tom has no fixed [residence].	У Тома нет постоянного места [жительства].
thunder	There's [thunder], but no rain.	[Гром] есть, а дождя нет.
substance	This [substance] is in solid state.	Это [вещество] находится в твердом состоянии.
rig	The game is [rigged].	Игра сфальсифицирована.
depressed	I feel [depressed] often.	Я часто чувствую себя [подавленным].
maker	Tom is a bell [maker].	Том — колокольных дел мастер.
passage	There's a secret [passage].	Есть секретный [проход].
laundry	We're out of [laundry] detergent.	У нас закончился [стиральный] порошок.
welfare	I work for public [welfare].	Я работаю на благо общества.
ranch	What kind of [ranch] did you grow up on?	На каком [ранчо] ты вырос?
frankly	Tell me [frankly].	Скажи мне [откровенно].
rider	The horse is often smarter than its [rider].	Лошадь часто умнее своего [наездника].
musician	Who's your favorite [musician]?	Кто твой любимый [музыкант]?
echo	The room [echoes] with his voice.	Комната [эхом] отозвалась на его голос.
nest	Birds build [nests].	Птицы вьют [гнезда].
boost	Give me a [boost].	Поддержи меня.
scholarship	He applied for the [scholarship].	Он подал заявку на получение [стипендии].
carbon	Coal consists mostly of [carbon].	Уголь в основном состоит из [углерода].
mysterious	Who is this [mysterious] man?	Кто этот [таинственный] мужчина?
scar	What's that [scar] from?	Откуда этот [шрам]?
violate	I'll never [violate] a law again.	Я больше никогда не буду [нарушать] закон.
lease	Tom [leased] an office.	Том [арендовал] офис.
mature	I prefer [mature] cheese.	Мне больше нравится [зрелый] сыр.
cease	Pray without [ceasing].	Молись, не переставая.
concrete	My house is [concrete].	У меня дом [бетонный].
purse	I left my [purse] behind.	Я оставил свой [кошелек].
elder	She adores her [elder] brother.	Она обожает своего [старшего] брата.
import	This paper is [imported].	Эта бумага [импортная].
observation	Science rests upon [observation].	Наука основывается на [наблюдении].
peaceful	We want a [peaceful] solution.	Мы хотим [мирного] решения.
tension	Cold-war [tension] has mounted.	[Напряженность] холодной войны повысилась.
basket	Put everything in my [basket].	Положите всё ко мне в [корзину].
devote	He [devoted] himself to music in those days.	В то время он [посвящал] всего себя музыке.
bark	Our parrot can [bark] too.	Наш попугай тоже умеет [лаять].
remark	His [remark] was really out of line.	Его [замечание] было действительно неуместно.
dot	Off with the [dots]!	К чёрту [точки]!
trend	This is a new [trend].	Это новая [тенденция].
reception	See you at the [reception].	Увидимся на [приёме].
madam	Please, [madam], help yourself!	Пожалуйста, [мадам], угощайтесь!
resign	Tom should [resign].	Том должен уйти в [отставку].
statue	Can we get rid of that old [statue]?	Мы можем избавиться от этой старой [статуи]?
strongly	My heart beat [strongly].	Моё сердце [сильно] билось.
overwhelm	The feeling of powerlessness [overwhelms] me.	Меня [переполняет] чувство беспомощности.
blank	Leave this sheet [blank].	Оставьте этот лист [пустым].
conspiracy	This is all a [conspiracy].	Это всё [заговор].
divine	What [divine] weather!	Какая [божественная] погода!
environmental	It's an [environmental] disaster.	Это [экологическая] катастрофа.
gap	There's a [gap] in my memory.	У меня провал в памяти.
stir	I'm [stirring] my tea.	Я [помешиваю] свой чай.
serial	Every [serial] killer was somebody's baby once.	Каждый [серийный] убийца когда-то был чьим-то ребёнком.
dope	What a [dope]!	Вот [болван]!
weekly	I'm a subscriber for a [weekly] journal.	Я подписан на [еженедельный] журнал.
guardian	I regard myself as your [guardian].	Я считаю себя твоим [опекуном].
riot	The [riot] was put down.	[Бунт] был подавлен.
sheep	[Sheep] provide us with wool.	[Овцы] дают нам шерсть.
worthy	This book is [worthy] of attention.	Эта книга [достойна] внимания.
goat	We drink [goat] milk.	Мы пьём [козье] молоко.
urgent	This matter is very [urgent].	Этот вопрос очень [срочный].
curve	The mortality [curve] is climbing upwards.	[Кривая] смертности ползёт вверх.
await	We're [awaiting] your answer.	Мы в [ожидании] твоего ответа.
inspiration	People need [inspiration].	Людям нужно [вдохновение].
revenue	His [revenue] doubled after retirement.	После выхода на пенсию его [доход] увеличился вдвое.
snack	Time for a [snack].	Время [перекусить].
beneath	The ice will crack [beneath] our weight.	Лед треснет [под] нашим весом.
choke	Tom started [choking] me.	Том начал меня [душить].
enable	Money [enables] you to buy anything.	Деньги дают вам [возможность] купить что угодно.
deed	His brave [deed] earned him respect.	Его храбрый [поступок] снискал ему уважение.
hail	It's [hailing] today.	Сегодня идёт [град].
vast	He has a [vast] knowledge of music theory.	У него [обширные] знания по теории музыки.
underwear	Change [underwear] daily.	Меняйте [нижнее] бельё ежедневно.
manual	Sewing is [manual] work.	Шитьё - это [ручная] работа.
presidential	The [presidential] election is not a beauty contest.	[Президентские] выборы — это не конкурс красоты.
physician	[Physician], heal thyself.	[Врач], исцели себя сам.
selfish	Some people are very [selfish].	Некоторые люди очень [эгоистичны].
terminal	Where is the south [terminal]?	Где находится южный [терминал]?
democrat	I'm a [democrat].	Я [демократ].
terribly	The news upset her [terribly].	Новости её [ужасно] расстроили.
interfere	No one will [interfere].	Никто не будет [вмешиваться].
tribe	The [tribe] foraged for berries.	[Племя] занималось поиском ягод.
shrink	My sweater [shrank] in the wash.	Мой свитер сел после стирки.
discount	There's no student [discount].	[Скидка] для студентов отсутствует.
obligation	We fulfill our [obligations].	Мы выполняем наши [обязательства].
protocol	How can I draw up the [protocol] correctly?	Как мне правильно оформить [протокол]?
stall	He's [stalling] for time.	Он тянет время.
roast	How about some more [roast] beef?	Как насчёт добавки ростбифа?
offensive	I find that [offensive].	Я нахожу это [оскорбительным].
component	Thread is the basic [component] of fabric.	Нить - это основной [компонент] ткани.
guilt	None of them would admit their [guilt].	Ни один из них не признал бы свою [вину].
coincidence	That's pure [coincidence].	Это чистое [совпадение].
statistic	The [statistics] say otherwise.	[Статистика] говорит другое.
overcome	They can [overcome] their fear.	Они могут преодолеть свой страх.
loyalty	Can I count on your [loyalty]?	Могу ли я рассчитывать на вашу [верность]?
numerous	Freedom of speech benefits society in [numerous] ways.	Свобода слова приносит обществу [многочисленные] выгоды.
specialist	Two [specialists] are quite enough.	Двух [специалистов] вполне достаточно.
chemistry	[Chemistry] can be very complex.	[Химия] может быть очень сложной.
buyer	You'll find another [buyer].	Вы найдёте другого [покупателя].
mud	We like playing in [mud].	Мы любим играть в [грязи].
universal	Human rights are [universal].	Права человека [всеобщи].
confession	Is that a [confession]?	Это [признание]?
shove	[Shove] off! I'm busy!	Отвали! Я занят!
preparation	Winter [preparations] are all complete.	[Подготовка] к зиме закончена.
activate	She [activated] the account.	Она [активировала] аккаунт.
ram	How many [rams] are there in the flock?	Сколько [баранов] в стаде?
genuine	I think these are [genuine].	Я думаю, они [подлинные].
worm	I use [worms] as bait.	Я использую [червей] как наживку.
audition	How did the [audition] go?	Как прошло [прослушивание]?
chew	What's your favorite kind of [chewing] gum?	Какая у тебя любимая [жевательная] резинка?
bum	I'm a good-for-nothing [bum].	Я никчёмный [бродяга].
bitter	This coffee is too [bitter].	Этот кофе слишком [горький].
filter	Did you change the [filter]?	Ты менял [фильтр]?
terror	My university friend is against [terror].	Мой приятель из университета — противник [терроризма].
homeless	These people are [homeless].	Эти люди [бездомные].
retain	Goose down [retains] the heat.	Гусиный пух хорошо [сохраняет] тепло.
suspicious	Both of them seem [suspicious].	Они оба выглядят [подозрительно].
buzz	Why do bumblebees [buzz]?	Почему шмели жужжат?
flavor	What's your favorite [flavor]?	Какой твой любимый [вкус]?
curtain	We need new [curtains].	Нам нужны новые [шторы].
bolt	This [bolt] fits this nut.	Этот [болт] подходит к этой гайке.
lodge	I would [lodge] a complaint.	Я бы подал жалобу.
laboratory	Welcome to our research [laboratory].	Добро пожаловать в нашу исследовательскую [лабораторию].
hike	Let's go [hiking] this weekend.	Давай пойдём в [поход] в эти выходные.
amateur	These people are [amateurs].	Эти люди - [любители].
fame	Don't chase after [fame].	Не гоняйся за [славой].
sailor	Many [sailors] can't swim.	Многие [моряки] не умеют плавать.
trophy	That's a huge [trophy].	Это огромный [трофей].
excitement	My body shivered with [excitement].	Мое тело содрогалось от [волнения].
bunny	Oh, a chocolate [bunny]!	Ой, шоколадный [зайчик]!
presentation	How did the [presentation] go?	Как прошла [презентация]?
disappoint	Education in this world [disappoints] me.	Образование в этом мире меня [разочаровывает].
underneath	We are all naked [underneath] our clothes.	[Под] одеждой все мы голые.
bucket	Please fill this [bucket] with water.	Набери, пожалуйста, воды в это [ведро].
consideration	That requires careful [consideration].	Это требует тщательного [рассмотрения].
champ	A small boy stood [champing] gum.	Маленький мальчик стоял, жуя резинку.
elsewhere	Maybe we should talk about this [elsewhere].	Может быть, нам стоит поговорить об этом в [другом] месте.
laser	This is a powerful [laser].	Это мощный [лазер].
paradise	[Paradise] is other people.	[Рай] - это другие.
heck	What the [heck]?	Какого черта?
discharge	The patient was [discharged] from hospital.	Пациент был [выписан] из больницы.
province	That's my [province].	Это моя [провинция].
context	No [context], no text.	Нет [контекста] - нет текста.
consist	What should a healthy breakfast [consist] of?	Из чего должен [состоять] здоровый завтрак?
loyal	Tom is [loyal].	Том [верный].
beloved	He lost his [beloved] son.	Он потерял [любимого] сына.
Halloween	[Halloween] is finally here!	Наконец-то пришёл [Хэллоуин]!
consistent	He isn't [consistent] with himself.	Он не последователен.
kidney	This can cause [kidney] failure.	Это может вызвать [почечную] недостаточность.
precisely	Try to describe him as [precisely] as possible.	Постарайтесь как можно [точнее] его описать.
consume	This device [consumes] little energy.	Этот прибор [потребляет] мало энергии.
puzzle	No one could solve the [puzzle].	Никто не смог решить [головоломку].
unhappy	She's [unhappy], isn't she?	Она [несчастлива], не так ли?
physically	That's [physically] impossible.	Это [физически] невозможно.
relatively	That's [relatively] easy to do.	Это [относительно] легко сделать.
subtitle	[Subtitles] won't turn on.	[Субтитры] не включаются.
cheek	My [cheeks] burn.	Мои [щеки] горят.
liquor	My father doesn't drink hard [liquor].	Мой отец не пьёт крепкий [алкоголь].
comparison	There's no [comparison].	Нет никакого [сравнения].
distribution	Cleaning is the uneven [distribution] of garbage.	Уборка — это неравномерное [распределение] мусора.
steer	It's best to [steer] clear of him.	Лучше всего держаться от него подальше.
passport	Show me your [passport], please.	Покажи мне свой [паспорт], пожалуйста.
competitive	What is the company's [competitive] advantage?	В чем [конкурентные] преимущества компании?
scenario	What's the worst-case [scenario]?	Каков наихудший [сценарий]?
cattle	Their [cattle] are all fat.	Весь их [скот] жирный.
shooter	I hope they catch the [shooter].	Надеюсь, они поймают [стрелка].
safely	How can I lose weight [safely]?	Как я могу [безопасно] сбросить вес?
enormous	That is [enormous].	Оно [огромное].
exposure	Avoid [exposure] to direct sunlight.	Избегать [воздействия] прямых солнечных лучей.
grocery	Let's go buy some [groceries].	Давай сходим за [продуктами].
stain	What's this purple [stain]?	Что это за фиолетовое [пятно]?
instinct	Follow your [instincts].	Следуйте своим [инстинктам].
blonde	She dyed her hair [blonde].	Она покрасилась в [блондинку].
fiction	Who's your favorite science [fiction] writer?	Кто ваш любимый автор научной фантастики?
resolution	The [resolution] on this phone isn't very good.	На этом телефоне не очень хорошее [разрешение].
frustrate	It's very [frustrating].	Это очень [расстраивает].
explosive	No [explosives] were found.	[Взрывчатки] обнаружено не было.
beard	Can I touch your [beard]?	Можно потрогать твою [бороду]?
occasionally	That only happens [occasionally].	Это происходит только [иногда].
independence	Our people thirst for [independence].	Наш народ жаждет [независимости].
resume	Your [resume] is very impressive.	У Вас очень впечатляющее [резюме].
audio	You can record [audio] files.	Вы можете записать [аудиофайлы].
deadly	She was [deadly] tired.	Она [смертельно] устала.
technically	This is [technically] impossible.	Это [технически] невозможно.
achievement	We're proud of our [achievement].	Мы гордимся нашим [достижением].
admiral	The [admiral] is never satisfied.	[Адмирал] никогда не бывает доволен.
humble	Welcome to our [humble] home.	Добро пожаловать в наш [скромный] дом.
info	Thanks for the [info].	Спасибо за [информацию].
throne	Who will succeed the [throne]?	Кто станет преемником на [троне]?
infect	We're all [infected].	Мы все заражены.
satisfy	That doesn't [satisfy] me.	Меня это не [удовлетворяет].
runner	She's a [runner].	Она [бегунья].
outcome	This is the [outcome] of our research.	Это [результат] наших исследований.
balloon	We'll get you another [balloon].	Мы достанем тебе ещё один [воздушный] шарик.
galaxy	I come from another [galaxy].	Я из другой [галактики].
chaos	Long live [chaos]!	Да здравствует [хаос]!
dose	Double the [dose].	Удвой [дозу].
solar	Let's talk about [solar] energy.	Давайте поговорим о [солнечной] энергии.
misunderstand	Please don't [misunderstand] me.	Пожалуйста, не поймите меня [неправильно].
vary	Results can [vary].	Результаты могут [варьироваться].
parliament	[Parliament] is currently in session.	[Парламент] сейчас заседает.
clerk	He became a bank [clerk].	Он стал банковским [клерком].
lyric	I can't remember the [lyrics].	Я не могу вспомнить [текст] песни.
ritual	It's a special [ritual].	Это особый [ритуал].
mob	The angry [mob] attacked the building.	Разгневанная [толпа] атаковала здание.
locker	Where's your [locker]?	Где твой [шкафчик]?
tick	The clock [ticked].	Часы [тикали].
classify	We can't reveal [classified] information.	Мы не можем разглашать секретную информацию.
boundary	Nature knows no [boundaries].	Природа не знает [границ].
addict	Your daughter is a drug [addict].	Твоя дочь - [наркоманка].
companion	Chess is a good [companion] for life.	Шахматы - хороший [спутник] на всю жизнь.
pregnancy	Let's do a [pregnancy] test.	Давай сделаем тест на [беременность].
gig	We have a [gig] at the club tomorrow night.	Завтра ночью у нас в клубе будет [выступление].
cocktail	Do you want a [cocktail]?	Ты хочешь [коктейль]?
sore	I have a [sore] back.	У меня [больная] спина.
seventh	She's in her [seventh] month.	Она на [седьмом] месяце.
circus	Life is one big [circus].	Жизнь - один большой [цирк].
pronounce	How do you [pronounce] this?	Как это [произносится]?
upgrade	The program gets [upgraded] regularly.	Программа регулярно [обновляется].
colony	England established many [colonies].	Англия основала множество [колоний].
agenda	Now we come to the first [agenda] item.	Итак, перейдём к первому пункту [повестки] дня.
quietly	Please close the door [quietly].	Пожалуйста, закрой дверь [тихо].
anxious	We're [anxious] about your health.	Мы беспокоимся о вашем здоровье.
moron	Who is this [moron]?	Кто этот [придурок]?
pledge	Have you forgotten our [pledge]?	Ты забыл нашу [клятву]?
obsess	She's [obsessed] with books.	Она [одержима] книгами.
transform	This will [transform] your life.	Это изменит твою жизнь.
frog	Who will kiss the [frog]?	Кто поцелует [лягушку]?
venture	It was a dangerous [venture].	Это было опасное [предприятие].
seize	Suddenly my back [seized] up.	У меня вдруг защемило спину.
laughter	[Laughter] can kill.	[Смех] может убить.
automatic	Please use [automatic] speech recognition!	Пожалуйста, используйте [автоматическое] распознавание речи!
prospect	The [prospects] aren't very bright.	[Перспективы] не очень радужные.
junk	What's this [junk]?	Что это за [хлам]?
aggressive	Her behavior will become more [aggressive].	Её поведение станет более [агрессивным].
brook	Is the [brook] deep?	[Ручей] глубокий?
sunshine	This room gets little [sunshine].	Эта комната получает мало [солнечного] света.
breach	These actions constitute a [breach] of privacy.	Эти действия являются [нарушением] конфиденциальности.
ham	Is there any [ham] left?	[Ветчина] осталась?
ceiling	Paint the [ceiling] first.	Сначала покрась [потолок].
impose	He always [imposes] his opinion on me.	Он всегда [навязывает] мне своё мнение.
doom	We're all [doomed]!	Мы все обречены!
regardless	He came [regardless] of my instructions.	Он пришёл, невзирая [на] мои указания.
database	This [database] contains many errors.	Эта база [данных] содержит много ошибок.
unlock	I didn't [unlock] that door.	Я не [отпирал] эту дверь.
portrait	That's a beautiful family [portrait].	Это прекрасный семейный [портрет].
abortion	This woman had three [abortions].	Эта женщина три раза делала [аборт].
differently	People today think [differently].	Сегодня люди думают [по-другому].
bacon	Who wants more [bacon]?	Кому еще [бекона]?
hatch	Close the [hatch].	Закрой [люк].
rib	I broke three [ribs].	Я сломал три [ребра].
verse	In everyday life no one speaks in [verse].	В обычной жизни никто не говорит [стихами].
dispute	He will reconcile their [dispute].	Он разрешит их [спор].
evolve	Languages [evolve] over time.	Языки эволюционируют со временем.
translation	Compare your [translation] with his.	Сравни свой [перевод] с его.
rapid	The current of this river is [rapid].	В этой реке [быстрое] течение.
drift	Do you get my [drift]?	Ты понимаешь, к чему я веду?
helmet	Put your [helmet] on.	Надень свой [шлем].
secondary	This problem is only of [secondary] importance.	Эта проблема не такая уж и важная.
publication	Congratulations on the [publication].	Поздравляю с [публикацией]!
cooperation	Can we expect your [cooperation]?	Мы можем рассчитывать на ваше [сотрудничество]?
meantime	What's happened in the [meantime]?	Что тем [временем] произошло?
outer	The bag has two [outer] pockets.	Сумка снабжена двумя [внешними] карманами.
rhythm	[Rhythm] is important.	[Ритм] - это важно.
invasion	It is an [invasion].	Это [вторжение].
bold	We marveled at his [bold] attempt.	Мы восхищались его [смелым] порывом.
yield	The land [yields] heavy crops.	Земля приносит обильный [урожай].
notify	We'll [notify] them.	Мы им сообщим.
guidance	Thank you for your [guidance].	Спасибо за ваше [руководство].
logic	I cannot follow your [logic].	Я не могу проследить за вашей [логикой].
massage	She [massaged] his back.	Она сделала ему [массаж] спины.
racist	She's the real [racist].	Она настоящая [расистка].
authorize	Who [authorized] this?	Кто это разрешил?
airplane	With [airplanes], we can fly.	На [самолёте] летают.
documentary	I often watch [documentaries].	Я часто смотрю [документальные] фильмы.
slim	She's [slim], but short.	Она [стройная], но невысокая.
attraction	Describe a tourist [attraction] you would like to visit.	Опишите [достопримечательность], которую вы хотели бы посетить.
scandal	Tell me about the [scandal].	Расскажи мне про этот [скандал].
luxury	Tom can't afford that [luxury].	Том не может позволить себе такую [роскошь].
plead	She [pleaded] with him to stay.	Она [умоляла] его остаться.
feather	Those [feathers] are mine.	Те [перья] мои.
educational	Our goal is primarily [educational].	Наша цель прежде всего [образовательная].
conviction	That is my sincere [conviction].	Это моё искреннее [убеждение].
diary	She found his [diary].	Она нашла его [дневник].
amuse	That [amuses] me very much.	Это меня очень [забавляет].
halt	The snow brought public transport to a [halt].	Из-за снега общественный транспорт [остановился].
statistics	Do the [statistics] speak for themselves?	[Статистика] говорит сама за себя?
hurricane	We're afraid of the [hurricane].	Мы боимся [урагана].
profession	What is her [profession]?	Кто она по [профессии]?
sketch	Make a [sketch] of your house.	Сделай [набросок] своего дома.
unfortunate	That was an [unfortunate] choice.	Это был [неудачный] выбор.
gum	Give me your [gum].	Дай сюда [жвачку].
faint	She almost [fainted].	Она чуть не упала в [обморок].
overnight	Tom became famous [overnight].	За одну [ночь] Том стал знаменитостью.
flush	The toilet doesn't [flush].	Унитаз не [смывает].
absence	Behave yourself during my [absence].	Веди себя хорошо в моё [отсутствие].
dial	She [dialed] the wrong number.	Она ошиблась [номером].
architect	How many [architects] work in this office?	Сколько [архитекторов] работает в этом офисе?
destination	We can make our [destination] by evening.	Мы можем добраться до места [назначения] к вечеру.
wealthy	She's quite [wealthy].	Она достаточно [состоятельна].
automatically	The door will open [automatically].	Дверь откроется [автоматически].
wooden	[Wooden] houses catch fire easily.	[Деревянные] дома легко воспламеняются.
shelf	I've read every book on this [shelf].	Я прочёл все книги на этой [полке].
construct	New roads were [constructed] one after another.	Новые дороги [строились] одна за другой.
corrupt	Down with this [corrupt] government!	Долой это [коррумпированное] правительство!
radiation	Is there any danger of [radiation]?	Есть ли опасность [радиации]?
investor	They need [investors].	Им нужны [инвесторы].
acre	That pasture is ten [acres].	Это пастбище десять [акров].
boo	Tom got [booed] off the stage.	Тома прогнали со сцены улюлюканьем.
registration	Fill out the [registration] form.	Заполните [регистрационную] форму.
anchor	Let's drop [anchor] here.	Давай бросим [якорь] здесь.
tackle	This is my [tackle] box.	Это моя коробка для рыболовных [снастей].
vow	I [vowed] I'd never do that.	Я поклялся, что никогда этого не сделаю.
dimension	Tom comes from another [dimension].	Том пришёл из другого [измерения].
gender	Some animals change [gender].	Некоторые животные меняют [пол].
leap	She [leaped] from her chair.	Она вскочила со стула.
ant	[Ants] work hard all summer.	[Муравьи] усердно трудятся всё лето.
collar	There's lipstick on your [collar].	У тебя помада на [воротнике].
headline	That [headline] was extremely misleading.	Этот [заголовок] был чрезвычайно вводящим в заблуждение.
stitch	A [stitch] in time saves nine.	Один [стежок], но вовремя, стоит девяти.
strict	My father was very [strict].	Мой отец был очень [строгим].
warehouse	Tom is in the [warehouse].	Том на [складе].
glow	Her face [glowed] with health.	Её лицо лучилось здоровьем.
bare	She can do that with her [bare] hands.	Она может сделать это [голыми] руками.
percentage	What [percentage] of marriages end in divorce?	Какой [процент] браков заканчивается разводом?
barn	The [barn] is on fire!	[Амбар] горит.
condemn	Tom [condemns] you.	Том [осуждает] тебя.
strictly	Our relationship is [strictly] professional.	У нас [строго] профессиональные отношения.
calculate	[Calculate] how much money we'll need next year.	Посчитайте, сколько денег нам понадобится в следующем году.
magical	It was a [magical] moment.	Это был [волшебный] момент.
alike	We think [alike].	Мы думаем [одинаково].
alpha	[Alpha] particles carry a positive charge.	[Альфа-частицы] несут положительный заряд.
publisher	That [publisher] specialises in children's books.	Этот [издатель] специализируется на книгах для детей.
mechanic	We need an expert [mechanic] for this job.	Нам нужен для этой работы квалифицированный [механик].
halfway	We're only [halfway] through.	Мы лишь [на] половине пути.
demonstration	Their small protest grew into a mass [demonstration].	Их маленький протест перерос в массовые [демонстрации].
pupil	This is my star [pupil].	Это мой самый блестящий [ученик].
invisible	Dark matter is [invisible].	Темная материя является [невидимой].
amongst	This book is popular [amongst] students.	Эта книга популярна [среди] студентов.
savage	Humans are [savages].	Люди — [дикари].
notion	I had no [notion] that you were coming.	Я [понятия] не имел, что вы придёте.
transaction	Do you wish to make any other [transaction]?	Желаете совершить другую [транзакцию]?
unexpected	That is rather [unexpected].	Довольно [неожиданно].
slot	Someone was clearly peeping through the [slot].	В [щель] явно кто-то подглядывал.
recognition	Everybody wants [recognition].	Все хотят [признания].
poker	Let's play [poker].	Давайте в [покер] сыграем.
tender	Love me [tender].	Любите меня [нежно].
disagree	Many people [disagree] with me.	Со мной многие [не] согласны.
voter	He was popular with [voters].	Он был популярен среди [избирателей].
evolution	Do you believe in [evolution]?	Ты веришь в [эволюцию]?
alley	Turn into this [alley].	Поверните в этот [переулок].
criticize	Few, if any, will [criticize] him.	Мало кто, если вообще найдутся таковые, будет [критиковать] его.
accidentally	She [accidentally] shot him.	Она [случайно] в него выстрелила.
landscape	She often paints [landscapes].	Она часто рисует [пейзажи].
lamb	She likes to play with this [lamb].	Она любит играть с этим [ягнёнком].
vault	Tom [vaulted] over the wall.	Том перепрыгнул через стену.
motorcycle	Stay away from my [motorcycle].	Держись подальше от моего [мотоцикла].
lawn	Get off my [lawn].	Уйди с моего [газона]!
drawer	There's nothing in this [drawer].	В этом [ящике] ничего нет.
cargo	It's a [cargo] ship.	Это [грузовое] судно.
treaty	They signed the peace [treaty].	Они подписали мирный [договор].
wizard	The [wizard] is back.	[Волшебник] вернулся.
tan	[Tanning] can cause skin cancer.	[Загорание] может вызвать рак кожи.
concentration	[Concentration] is a very simple thing.	[Концентрация] - очень простая вещь.
confront	She can't [confront] the truth.	Она не может смотреть правде в лицо.
cart	I can't find a shopping [cart].	Я не могу найти [тележку] для покупок.
myth	That's a common [myth].	Это распространённый [миф].
hers	Compare your answer with [hers].	Сравни свой ответ с [её].
haul	What are you [hauling]?	Что ты [тащишь]?
tragic	What a [tragic] story!	Какая [трагическая] история!
surf	Do you like [surfing]?	Вам нравится [сёрфинг]?
oak	This [oak] tree is very old.	Этот [дуб] очень старый.
copper	They sell us [copper].	Они продают нам [медь].
detailed	I want more [detailed] information.	Мне нужна более [подробная] информация.
earthquake	[Earthquakes] may occur at any moment.	[Землетрясение] может произойти в любой момент.
olive	Add some [olive] oil.	Добавьте [оливкового] масла.
gal	You're a funny [gal].	Ты забавная [девчонка].
magnificent	This is [magnificent].	Это [великолепно].
restrict	Algeria shouldn't [restrict] foreign investment.	Алжиру не следует [ограничивать] иностранные инвестиции.
reckon	What do you [reckon]?	Ты как [считаешь]?
canal	Amsterdam is famous for its [canals].	Амстердам знаменит своими [каналами].
unfair	We're being [unfair].	Мы [несправедливы].
skinny	You're too [skinny].	Ты слишком [тощий].
criticism	Everybody is afraid of [criticism].	Все боятся [критики].
backwards	Your sweater's on [backwards].	У тебя свитер [задом] наперёд.
ditch	Fill up the [ditch].	Засыпьте эту [канаву].
typically	Peach trees [typically] bloom in spring.	Персиковые деревья [обычно] цветут весной.
graphic	She's a [graphic] designer.	Она [графический] дизайнер.
hardware	A list of required [hardware] is available here.	Список требуемого [оборудования] доступен здесь.
receipt	Please sign this [receipt].	Пожалуйста, распишитесь на этой [квитанции].
disable	That poor lady is [disabled].	Эта бедная женщина - инвалид.
examination	The [examination] is at hand.	Скоро [экзамены].
mock	He continued to [mock] me.	Он продолжил [насмехаться] надо мной.
deaf	[Deaf] people can talk in sign language.	[Глухие] люди могут общаться при помощи языка жестов.
opposition	The [opposition] is weak.	[Оппозиция] слаба.
arise	This question has often [arisen].	Этот вопрос часто [возникал].
efficient	We must find a more [efficient] method.	Надо найти более [эффективный] метод.
assessment	That's a very unfair [assessment].	Это очень несправедливая [оценка].
policeman	There's a [policeman] outside.	На улице [полицейский].
equally	I love you all [equally].	Я всех вас люблю [одинаково].
vulnerable	We're too [vulnerable].	Мы слишком [уязвимы].
dominate	She [dominates] her husband.	Она главенствует над мужем.
verify	Trust, but [verify].	Доверяй, но [проверяй]!
cooperate	Why don't we [cooperate]?	Почему мы не [сотрудничаем]?
mechanism	The locking [mechanism] has jammed.	[Механизм] блокировки заклинило.
chin	She has a double [chin].	У неё двойной [подбородок].
silk	We sell [silk].	Мы продаём [шёлк].
temper	Such work [tempers] a man's character.	Такой труд укрепляет [характер] человека.
index	My [index] finger hurts.	У меня болит [указательный] палец.
poverty	Many diseases result from [poverty].	Многие болезни являются результатом [бедности].
fracture	I have a displaced [fracture].	У меня [перелом] со смещением.
defensive	You sound pretty [defensive].	Звучит так, будто ты защищаешься.
frightened	You look like you're [frightened].	Ты какой-то [напуганный].
eternal	Some people believe in [eternal] life after death.	Некоторые верят в [вечную] жизнь после смерти.
anticipate	We should've [anticipated] this.	Нам стоило это [предвидеть].
render	[Render] good for evil.	Платите добром за зло.
persuade	I don't see any point in [persuading] him.	Не вижу смысла его [убеждать].
foolish	That was [foolish] of them.	Это было [глупо] с их стороны.
mutual	Our love is [mutual].	Наша любовь [взаимна].
monk	These [monks] live inside the monastery.	Эти [монахи] живут за монастырскими стенами.
quest	Gulliver traveled in [quest] of adventure.	Гулливер странствовал в [поисках] приключений.
cannon	No [cannons], no oil.	Не будет [пушек], не будет и масла.
extent	I trust him to some [extent].	В определённой [степени] я ему доверяю.
goose	These [geese] lay golden eggs.	Эти [гуси] несут золотые яйца.
dash	This result [dashed] his hopes.	Этот результат не оправдал его ожиданий.
adapt	You must learn to [adapt].	Вам надо научиться [приспосабливаться].
enhance	Can we [enhance] the image?	Можем ли мы улучшить изображение?
transition	The [transition] won't be easy.	[Переход] будет нелёгким.
jar	Open this [jar] for me.	Открой мне эту [банку].
sole	That's my [sole] concern.	Это [единственная] моя забота.
pistol	Put down your [pistol].	Положи [пистолет].
distress	A ship is in [distress].	Судно терпит [бедствие].
lawsuit	I would prefer any alternative to a [lawsuit].	Я предпочту любую альтернативу [судебному] процессу.
sunset	Look at the beautiful [sunset]!	Смотрите, какой чудный [закат]!
faculty	I'm a student of chemistry [faculty].	Я студент химического [факультета].
distant	Look at the [distant] horizon!	Взгляни на [далёкий] горизонт!
founder	The university bears the name of its [founder].	Университет носит имя своего [основателя].
pine	Where's the [pine] forest?	Где [сосновый] лес?
dessert	What's your favorite [dessert]?	Какой твой любимый [десерт]?
subway	We can get there by [subway].	Мы можем добраться туда на [метро].
jaw	She broke her [jaw].	Она сломала [челюсть].
conscience	This lie troubles my [conscience].	Эта ложь тяготит мне [совесть].
contrary	My point of view is [contrary] to yours.	Моя точка зрения [противоположна] вашей.
implement	I'm against [implementing] this project.	Я против реализации этого проекта.
legacy	This is our [legacy].	Это наше [наследие].
nap	I need a long [nap].	Мне нужен долгий [сон].
casual	The atmosphere was [casual] and relaxed.	Обстановка была [повседневной] и непринуждённой.
negotiation	We're still in [negotiations].	Мы ещё ведём [переговоры].
petition	Please sign this [petition].	Пожалуйста, подпишите эту [петицию].
roommate	I live with my [roommate].	Я живу с моим соседом по [комнате].
intellectual	Curb your [intellectual] pretensions.	Уйми свои потуги на [интеллектуальность].
intent	He lied by [intent].	Он соврал [намеренно].
rack	Is that a gun [rack]?	Это [стойка] для оружия?
distribute	Newspapers [distribute] information to the public.	Газеты распространяют информацию в обществе.
extensive	What an [extensive] program!	[Обширная] программа!
premier	The [premier] and his cabinet colleagues resigned.	[Премьер-министр] и его кабинет подали в отставку.
exhibition	We hold an [exhibition] every year.	Мы организуем [выставку] каждый год.
strap	[Strap] yourselves in.	Пристегнитесь.
pension	She lives on a small [pension].	Она живёт на небольшую [пенсию].
psychological	Tom has [psychological] problems.	У Тома [психологические] проблемы.
tempt	Do not [tempt] me.	Не [искушай] меня.
happily	She smiled [happily].	Она [счастливо] улыбнулась.
worldwide	The architect achieved [worldwide] fame.	Архитектор добился [всемирной] известности.
plague	She avoided him like the [plague].	Она его избегала как [чумы].
initiate	Who has [initiated] this?	Кто это [инициировал]?
tactic	She changed her [tactics].	Она сменила [тактику].
butler	Tom has a [butler].	У Тома есть [дворецкий].
regularly	We follow the news quite [regularly].	Мы довольно [регулярно] следим за новостями.
grief	[Grief] drove her mad.	[Горе] свело её с ума.
suspicion	Everybody's under [suspicion].	Все под [подозрением].
mid	Don't change horses [mid]-race.	Не меняйте лошадь на [середине] реки.
legitimate	This is your most [legitimate] title.	Это ваш самый [законный] титул.
chuckle	They both [chuckled].	Они оба захихикали.
businessman	The [businessmen] like this city.	[Бизнесменам] нравится этот город.
abroad	We go [abroad] every summer.	Мы ездим за [границу] каждое лето.
wicked	Tom is [wicked].	Том [злой].
hollow	My life is [hollow] without him.	Без него моя жизнь [пуста].
historic	This is a [historic] city.	Это [исторический] город.
sensor	All [sensors] are out of order.	Все [датчики] вышли из строя.
inquiry	We made [inquiries] into his past.	Мы навели справки о его прошлом.
creepy	This place is [creepy].	Это [жуткое] место.
radical	What's [radical] today may be cliché tomorrow.	То, что [радикально] сегодня, может быть клише завтра.
rival	She's my [rival].	Она моя [соперница].
sew	She can [sew] very well.	Она очень хорошо умеет [шить].
advocate	The disabled considered her their best [advocate].	Инвалиды считали её своим лучшим [защитником].
grain	Cheap [grain] is flooding our market.	Дешёвое [зерно] наводняет наш рынок.
neat	That was pretty [neat].	Это было довольно [аккуратно].
sucker	There's a [sucker] born every minute.	Каждую минуту рождается лох.
refugee	We are [refugees].	Мы [беженцы].
verdict	What's your [verdict]?	Каков ваш [вердикт]?
biological	He's my [biological] father.	Он мой [биологический] отец.
tide	Let's wait till high [tide].	Подождём [прилива].
wax	[Wax] melts near fire.	[Воск] плавится возле огня.
immigrant	Tom is an illegal [immigrant].	Том является незаконным [иммигрантом].
ethic	It was a question of [ethics].	Это был вопрос [этики].
lifestyle	Science builds our [lifestyle].	Наука строит наш [образ] жизни.
jewel	My mother is my [jewel].	Моя мать - моя [драгоценность].
substitute	There's no [substitute] for experience.	Опыт ничто не [заменит].
legally	[Legally], you are a sock.	[Юридически] ты носок.
bin	Your [bin] is on fire.	У тебя горит [мусорное] ведро.
investigator	Tom is our best [investigator].	Том - наш лучший [следователь].
anonymous	I'd rather stay [anonymous].	Я бы предпочёл сохранить [анонимность].
homicide	[Homicide] is punishable by death.	[Убийство] карается смертью.
equip	This car is [equipped] with airbags.	Эта машина оборудована подушками безопасности.
hut	The [hut] was set on fire.	[Хижину] подожгли.
sleeve	Roll up your right [sleeve].	Закатай правый [рукав].
carve	He [carved] a horse out of wood.	Он [вырезал] из дерева лошадку.
cemetery	Where's the [cemetery]?	Где находится [кладбище]?
cigar	Do you smoke [cigars]?	Вы курите [сигары]?
casualty	In war, truth is the first [casualty].	Во время войны истина является первой [жертвой].
stunt	This actor does his own [stunts].	Этот актёр сам исполняет все [трюки].
ladder	Can I borrow your [ladder]?	Можно мне у тебя [лестницу] одолжить?
integrity	Are you questioning my [integrity]?	Ты сомневаешься в моей [честности]?
hence	[Hence], I shall have to stay here.	[Следовательно], я должен буду остаться здесь.
organic	He only eats [organic] food.	Он ест только [органическую] еду.
gram	Two [grams] of pepper will do.	Двух [грамм] перца достаточно.
therapist	My [therapist] is insane.	Мой [психотерапевт] сошёл с ума.
dam	Beavers build [dams].	Бобры строят [плотины].
photography	I enjoy [photography].	Мне нравится [фотографировать].
stem	The flower has a long [stem].	У цветка длинный [стебель].
corpse	Every man is a potential [corpse].	Каждый человек - потенциальный [труп].
prom	Tom didn't go to [prom].	Том не пошёл на [выпускной].
embassy	I work at the [embassy].	Я работаю в [посольстве].
cartoon	What's your favorite [cartoon]?	Какой твой любимый [мультфильм]?
crook	Your tie is [crooked].	У тебя галстук завернулся.
coward	Come back here, you [coward].	Вернись назад, ты, [трус].
bachelor	That man is definitely a [bachelor].	Тот мужчина, определённо, [холостяк].
stripe	Where's my [striped] sweater?	Где мой [полосатый] свитер?
illusion	In any case, that's an [illusion].	Это в любом случае [иллюзия].
reliable	How [reliable] is this information?	Насколько [надёжна] эта информация?
phenomenon	This [phenomenon] is nothing new.	Это [явление] не ново.
inspection	The [inspection] was quite perfunctory.	[Осмотр] был довольно поверхностным.
anti	I bought an [anti]-theft system for my bike.	Я купил [противоугонное] устройство для мотоцикла.
dull	This party is [dull].	Эта вечеринка [скучная].
convenient	Where's [convenient] for you?	Где тебе [удобно]?
harmony	Where there's [harmony], there's order.	Где [гармония], там порядок.
adorable	The cat is [adorable].	Эта кошка [очаровательна].
conquer	Artificial intelligence is [conquering] the world.	Искусственный интеллект [завоёвывает] мир.
banner	We made a [banner].	Мы сделали [баннер].
cricket	Baseball is different from [cricket].	Бейсбол отличается от [крикета].
summon	He [summoned] his parents.	Он вызвал его родителей.
endure	He can't [endure] anymore.	Он больше не может [терпеть].
alongside	Houses were lined up [alongside] the highway.	Дома стояли в [ряд] вдоль дороги.
membership	Tom will be denied [membership].	Тому будет отказано в [членстве].
successfully	We carried out our mission [successfully].	Мы [успешно] выполнили свою миссию.
scope	We need to understand the [scope] of the problem.	Нам нужно понять [масштаб] проблемы.
admission	[Admission] is by invitation only.	Вход только по [приглашению].
hostile	She is [hostile] to me.	Она [враждебно] ко мне настроена.
donation	We need [donations].	Нам нужны [пожертвования].
bra	My [bra] is too small.	[Бюстгальтер] слишком маленький.
compose	I [compose] songs.	Я [сочиняю] песни.
assemble	We [assemble] water heaters.	Мы [собираем] водонагреватели.
disguise	He [disguised] himself as a woman.	Он переоделся в женщину.
globe	Earth looks like a [globe].	Земля похожа на [шар].
sting	Do those insects [sting]?	Эти насекомые кусаются?
debut	It was my [debut].	Это был мой [дебют].
gesture	We communicated with each other by [gesture].	Мы общались между собой [жестами].
supper	Let's order pizza for [supper].	Давай закажем на [ужин] пиццу.
pursuit	She spent her life in [pursuit] of the truth.	Она провела свою жизнь в [погоне] за правдой.
syndrome	I suffer from restless leg [syndrome].	Я страдаю от [синдрома] беспокойных ног.
forge	Tom [forges] his boss' signature.	Том [подделывает] подпись своего шефа.
grind	Do you have [ground] black pepper for sale?	У вас в продаже есть чёрный [молотый] перец?
exploit	These people are [exploiting] you.	Эти люди тебя эксплуатируют.
graduation	What'll you do after [graduation]?	Что вы планируете делать после [выпуска]?
psychology	She knows her husband's [psychology].	Она знает [психологию] своего мужа.
transmit	The address was [transmitted] by radio.	Обращение [передавалось] по радио.
deer	We hit a [deer].	Мы сбили [оленя].
gravity	How does [gravity] work?	Как действует [гравитация]?
dough	Let the [dough] rise.	Дайте [тесту] подняться.
reflection	There's no time for [reflection].	Нет времени на [размышление].
harsh	Their punishment was [harsh], but just.	Их наказание было [суровым], но справедливым.
nicely	This skirt hangs [nicely].	Эта юбка [хорошо] облегает тело.
compel	Love cannot be [compelled].	Насильно мил не будешь.
currency	Where can I exchange foreign [currency]?	Где я могу обменять иностранную [валюту]?
mini	[Mini]-skirts are back in fashion again.	[Мини-юбки] снова в моде.
eighth	It's on the [eighth] floor.	Это на [восьмом] этаже.
initiative	This is a good [initiative].	Это хорошая [инициатива].
faithful	She was [faithful] to her promise.	Она была [верна] своему обещанию.
minority	We're in the [minority].	Мы в [меньшинстве].
handy	That's very [handy].	Это очень [удобно].
retail	This coat [retails] for about thirty dollars.	В [розничной] продаже это пальто стоит около тридцати долларов.
confusion	The accident threw traffic into great [confusion].	Авария привела к большой [путанице] на дороге.
civilization	No [civilization] lasts forever.	Ни одна [цивилизация] не вечна.
fur	Only animals should wear [fur].	Носить [меха] должны только животные.
pale	She was [pale] with fear.	Она была [бледная] от страха.
invention	What a wonderful [invention]!	Какое замечательное [изобретение]!
rebuild	There was no money for [rebuilding].	На реконструкцию не было денег.
rotten	People have become so [rotten]!	Ну и [гнилой] народ теперь пошёл!
leaf	Why do [leaves] change color?	Почему [листья] меняют цвет?
tin	It's made of [tin].	Он [жестяной].
cite	The article doesn't [cite] the source.	В статье не приводится источник.
valve	This [valve] is broken.	Этот [клапан] сломан.
ink	Write in [ink].	Пишите [чернилами].
hilarious	It was [hilarious]!	Это было [уморительно]!
sympathy	Give me some [sympathy].	Окажите мне [сочувствие].
tease	Stop [teasing] your sister!	Прекрати [дразнить] сестру!
parallel	She's very good at [parallel] parking.	У неё очень хорошо получается [параллельная] парковка.
prescription	Let me see your [prescription].	Покажите мне ваш [рецепт].
barrier	Some birds can break the sound [barrier].	Некоторые птицы могут преодолевать звуковой [барьер].
dignity	I've lost my [dignity].	Я потерял свое [достоинство].
courtesy	It's common [courtesy].	Это обычная [вежливость].
humiliate	Don't [humiliate] yourself.	Не [унижайся].
tub	There's no water in the [tub].	В [ванной] нет воды.
dynamic	Berlin is a very [dynamic] city.	Берлин очень [динамичный] город.
fist	Use your [fist].	Используйте свой [кулак].
monthly	Sign up for our [monthly] newsletter.	Подпишитесь на нашу [ежемесячную] рассылку.
clinical	A large [clinical] study is underway.	Проводится крупное [клиническое] исследование.
inn	Hungry and thirsty, we at last reached the [inn].	Голодные и томимые жаждой, мы наконец добрались до [гостиницы].
depart	He told us to [depart] at once.	Он сказал нам [отправляться] немедленно.
rehearsal	Run over your part again before the [rehearsal].	Просмотрите вашу роль ещё раз до [репетиции].
vanish	The girl [vanished] like magic.	Девушка исчезла, как по волшебству.
breakdown	We had a [breakdown].	У нас была [поломка].
overlook	Perhaps we [overlooked] something.	Возможно, мы что-то упустили из [виду].
patent	I filed a [patent].	Я зарегистрировал [патент].
soak	[Soak] this sponge in water.	Смочи эту губку в воде.
tobacco	This is third-rate [tobacco].	Это третьесортный [табак].
glorious	Our country has a [glorious] history.	У нашей страны [славная] история.
mechanical	We've got a [mechanical] problem.	У нас [механическая] проблема.
departure	Her sudden [departure] surprised us all.	Её внезапный [отъезд] всех нас удивил.
consciousness	She suddenly lost [consciousness].	Она внезапно потеряла [сознание].
dispatch	The parcel is ready for [dispatch].	Посылка готова к [отправке].
filthy	Shut your [filthy] mouth.	Закрой свой [грязный] рот.
nevertheless	[Nevertheless], I'm extremely proud.	[Тем] не менее, я невероятно горд.
streak	Tom is on a winning [streak].	У Тома [полоса] везения.
prosecutor	The [prosecutor] asked me a leading question.	[Прокурор] задал мне наводящий вопрос.
unlikely	That's highly [unlikely].	Это крайне [маловероятно].
mug	Hand me my [mug].	Передай мне мою [кружку].
decrease	The medicine [decreased] his pain.	Лекарство смягчило его боль.
trainer	The [trainer] must think of her health.	[Тренер] должен думать о её здоровье.
container	Do you know what's in those [containers]?	Ты знаешь, что в тех [контейнерах]?
adore	My sister [adores] music.	Моя сестра [обожает] музыку.
archive	The [archives] are not available.	[Архивы] недоступны.
freshman	My brother is a [freshman].	Мой брат - [первокурсник].
grill	I'm [grilling] fish.	Я готовлю рыбу на [гриле].
contrast	Red [contrasts] well with blue.	Красный хорошо [контрастирует] с синим.
brace	Now [brace] yourself.	Теперь готовьтесь.
envelope	Give me that [envelope].	Дай мне тот [конверт].
wit	Save your [wit] for someone else.	Приберегите своё [остроумие] для кого-нибудь другого.
gently	He pushed me [gently].	Он [мягко] подтолкнул меня.
sober	I never dance [sober].	Я никогда не танцую [трезвым].
scholar	[Scholars] now reject this theory.	В наши дни [учёные] отвергают эту теорию.
elementary	This is an [elementary] mistake.	Это [элементарная] ошибка.
tuck	[Tuck] your shirt in.	Заправьте рубашку.
equivalent	Give me the [equivalent] in dollars.	Дай мне ту же сумму в долларах.
mere	No, this is [mere] superstition.	Нет, это [просто] суеверия.
slaughter	[Slaughter] is the best medicine.	Убийство – лучшее лекарство.
scrap	We should [scrap] the whole thing.	Мы должны выбросить всё это.
invade	I have no right to [invade] someone else's life.	Я не имею права [вторгаться] в чужую жизнь.
peer	Tom gave into [peer] pressure.	Том поддался влиянию сверстников.
spice	What other [spices] should I add?	Какие ещё [специи] мне добавить?
inherit	None of you [inherit] anything.	Никто из вас ничего не наследует.
bloom	The lilacs will [bloom] next month.	В следующем месяце будет [цвести] сирень.
theft	Property is [theft].	Собственность есть [кража].
fundamental	This is a [fundamental] question.	Это [фундаментальный] вопрос.
swamp	The internet is a real [swamp].	Интернет — это настоящее [болото].
obey	We must [obey] the law.	Мы должны [подчиняться] закону.
involvement	I heard of his [involvement] in crime.	Я слышал о его криминальной деятельности.
rot	He can [rot] in hell.	Пусть [гниёт] в аду.
vein	Your [veins] contain water.	Ваши [вены] содержат воду.
conscious	That was a [conscious] decision.	Это было [сознательное] решение.
goddess	She's a [goddess]!	Она [богиня]!
peel	He's [peeling] his apple.	Он очищает своё яблоко от [кожуры].
insect	Do [insects] feel pain?	[Насекомые] чувствуют боль?
cord	He caught the [cord].	Он поймал [шнур].
sufficient	Is there [sufficient] light?	Света [достаточно]?
lance	This is a [lance].	Это [копьё].
Swiss	[Swiss] chocolate really melts in your mouth.	[Швейцарский] шоколад действительно тает во рту.
painter	Who's your favorite [painter]?	Кто твой любимый [художник]?
nickname	What's your [nickname]?	Какое у тебя [прозвище]?
fare	Pay your [fare] here.	Оплатите [проезд] здесь.
deadline	She missed the [deadline].	Она не успела в [срок].
kindly	She [kindly] showed me the way.	Она [любезно] показала мне дорогу.
fond	She grew very [fond] of him.	Она очень к нему привязалась.
disk	Give them the [disk].	Дай им [диск].
butterfly	How long do [butterflies] live?	Сколько живут [бабочки]?
harvest	We all helped with the [harvest].	Мы все помогли с уборкой [урожая].
mortal	Stand aside, [mortals].	Держитесь в стороне, [смертные].
charter	I would like to [charter] a yacht.	Я бы хотел зафрахтовать яхту.
blend	[Blend] milk and eggs together.	Смешай молоко с яйцами.
motivate	You ought to [motivate] yourself somehow.	Надо себя как-то [мотивировать].
naval	A gunboat is a [naval] watercraft.	Канонерская лодка — это [военно-морское] плавсредство.
viewer	We've never had this many [viewers] before.	У нас ещё никогда не было столько [зрителей].
tab	Put this on my [tab], please.	Запиши это на мой [счёт], пожалуйста.
smack	This soup [smacks] of fish.	Этот суп отдаёт рыбой.
comrade	We became [comrades].	Мы стали [товарищами].
orbit	The satellite is now in [orbit].	Спутник сейчас на [орбите].
characteristic	That's very [characteristic] of him.	Это для него очень [характерно].
grid	This house is off the [grid].	Этот дом не подключен к [сети].
assumption	That's a safe [assumption].	Это безопасное [предположение].
acceptable	That would be quite [acceptable].	Это было бы вполне [приемлемо].
corruption	I'm against [corruption].	Я против [коррупции].
logical	That's quite [logical].	Это вполне [логично].
satisfaction	I can't get sexual [satisfaction].	Я не могу достичь сексуального [удовлетворения].
publicity	That's just a cheap [publicity] stunt.	Это просто дешёвый [рекламный] трюк.
tense	You look very [tense].	Ты выглядишь очень [напряжённым].
endless	Space seems [endless].	Космос кажется [бесконечным].
semi	They sat in a [semi]-circle.	Они сели [полукругом].
flatter	That's very [flattering].	Это мне очень [льстит].
arena	Acrobats are doing somersaults in the [arena].	Акробаты кувыркаются на [арене].
bomber	Russia operates strategic [bombers].	Россия задействует стратегические [бомбардировщики].
teaching	Do you like [teaching]?	Тебе нравится [преподавание]?
lame	Who's that [lame] boy?	Кто этот [хромой] мальчик?
erase	Censorship [erases] truth.	Цензура [стирает] правду.
elite	Tom goes to an [elite] university.	Том учится в [элитном] университете.
correctly	Do I understand this [correctly]?	Я это [правильно] понимаю?
fetch	Go [fetch] some water from the well.	[Сходи] принеси воды из колодца.
poke	Stop [poking] me.	Хватит в меня [тыкать]!
particle	Tiny [particles] in the air can cause cancer.	Мельчайшие [частицы] в воздухе могут вызвать рак.
tolerate	I can't [tolerate] this anymore.	Я больше не могу это [терпеть].
whereas	She loves classical music, [whereas] I prefer jazz.	Она любит классическую музыку, в то время [как] я предпочитаю джаз.
decorate	We're [decorating] the conference room.	Мы [украшаем] конференц-зал.
evaluation	I want a full [evaluation] as soon as possible.	Я хочу полную [оценку] как можно скорее.
Easter	[Easter] is near at hand.	[Пасха] на носу.
bruise	Show us your [bruise].	Покажи нам свой [синяк].
petty	Don't be so [petty].	Не будь таким мелочным.
oath	You are under [oath].	Вы под [присягой].
architecture	Why is modern [architecture] so ugly?	Почему современная [архитектура] такая уродливая?
bait	Do we have [bait]?	У нас есть [приманка]?
extract	Add the vanilla [extract].	Добавьте [экстракт] ванили.
classroom	We must clean our [classroom].	Мы должны убрать в нашем [классе].
intervention	Tom didn't require medical [intervention].	Тому не требовалось врачебное [вмешательство].
mistress	She is my [mistress]!	Она моя [любовница]!
knot	I can't untie this [knot].	Я не могу развязать этот [узел].
external	Save it on the [external] hard drive.	Сохрани это на [внешнем] жёстком диске.
export	Algeria [exports] oil.	Алжир [экспортирует] нефть.
whiskey	There's some [whiskey] in that bottle.	В этой бутылке есть немного [виски].
unconscious	Will is still [unconscious].	Уилл всё ещё без [сознания].
ego	What an [ego]!	Какое [эго]!
traitor	[Traitors] rarely act alone.	[Предатели] редко действуют в одиночку.
scatter	People [scattered] in all directions.	Люди разбегались во всех направлениях.
stalk	He's [stalking] him.	Он его выслеживает.
tremendous	The pressure was [tremendous].	Давление было [огромным].
stiff	Shoes are [stiff] when they are new.	Новая обувь обычно [жёсткая].
greatly	Your work has [greatly] improved.	Твоя работа [значительно] улучшилась.
motel	I'd like some information on [motels].	Я хотел бы получить справку по [мотелям].
generator	What happened to the [generator]?	Что случилось с [генератором]?
ballet	How was the [ballet]?	Как [балет]?
pause	[Pause] the game.	Поставь игру на [паузу].
marker	I need three [markers].	Мне нужно три [маркера].
incorporate	He [incorporated] the joke into his repertoire.	Он включил шутку в свой репертуар.
ingredient	Mix the [ingredients] well.	Хорошенько перемешай [ингредиенты].
essentially	This [essentially] changes nothing.	Это, по [сути], ничего не меняет.
merit	With all her [merits] she was not proud.	Она не была гордой, несмотря на все свои [заслуги].
delicate	That's a very [delicate] subject.	Это очень [деликатная] тема.
teenage	That singer is a [teenage] idol.	Тот певец — кумир [подростков].
straw	Where's my [straw] hat?	Где моя [соломенная] шляпа?
devastate	It's completely [devastating].	Это совершенно [опустошает].
refresh	Isn't this [refreshing]?	Разве это не [освежающе]?
dialogue	I like translating [dialogues].	Мне нравится переводить [диалоги].
gulf	A [gulf] divided him from them.	От них его отделял [залив].
counselor	Who's your guidance [counselor]?	Кто твой [консультант]?
vacuum	Cats hate [vacuum] cleaners.	Кошки ненавидят [пылесосы].
unnecessary	Put aside everything that's [unnecessary].	Отложи всё [ненужное] в сторону.
apparent	The danger was not [apparent].	Не было видимой опасности.
modify	New file has been [modified].	Новый файл был изменён.
overseas	Japanese cars sell well [overseas].	Японские автомобили хорошо продаются за [границей].
athletic	She's not very [athletic].	Она не отличается [спортивным] телосложением.
pumpkin	What a big [pumpkin]!	Какая большая [тыква]!
supporter	His [supporters] were afraid.	Его [сторонники] были в страхе.
reign	His [reign] came to an end.	Его [правлению] пришёл конец.
insight	Compared to his father, he lacks [insight].	По сравнению с отцом, ему не хватает проницательности.
flirt	Who was she [flirting] with?	С кем она [флиртовала]?
deploy	The airbags [deployed].	Сработали подушки безопасности.
upside	Turn that frown [upside] down.	Не грусти больше, пожалуйста.
vet	My brother is a [vet].	Мой брат — [ветеринар].
input	We value your [input].	Мы ценим ваш [вклад].
outdoor	Some dogs love being [outdoor].	Некоторые собаки любят быть на [открытом] воздухе.
greeting	[Greetings] for every person who will read this letter.	[Приветствую] каждого, кто прочтёт это письмо.
crucial	Sunday's match will be [crucial].	Воскресный матч будет [решающим].
chapel	Where's the [chapel]?	Где [часовня]?
jurisdiction	This escapes my [jurisdiction].	Это выходит за пределы моей [юрисдикции].
identical	Everything is [identical] to something.	Всё [идентично] чему-то.
psychiatrist	All [psychiatrists] support their patients.	Все [психиатры] поддерживают своих пациентов.
absorb	Black paper [absorbs] light.	Чёрная бумага [поглощает] свет.
insert	Please [insert] your card.	Пожалуйста, вставьте карту.
mentally	He's [mentally] unbalanced.	Он [психически] неуравновешенный.
capability	Tom has limited [capabilities].	Возможности Тома ограничены.
prop	I'm afraid to fall, please [prop] me up.	Я боюсь упасть. Пожалуйста, поддержите меня.
monsieur	Do you like croque-[monsieurs]?	Ты любишь крок-месье?
exceed	You're [exceeding] your authority.	Вы [превышаете] свои полномочия.
neglect	He is [neglecting] his health.	Он [пренебрегает] своим здоровьем.
nowadays	[Nowadays] many people travel by car.	В [наши] дни многие люди путешествуют на машине.
ancestor	Honor your [ancestors].	Почитай своих [предков].
govern	Who will [govern] the country?	Кто будет [управлять] страной?
contemporary	What do you think of [contemporary] art?	Как ты относишься к [современному] искусству?
butcher	A [butcher] deals in meat.	[Мясник] торгует мясом.
intimate	We're [intimate] friends.	Мы [близкие] друзья.
roar	The sea [roars].	Море ревёт.
groom	Do you know the [groom]?	Ты знаешь [жениха]?
potentially	Every man is [potentially] a corpse.	Каждый человек - [потенциальный] труп.
presume	Let's [presume] you're right.	Предположим, что вы правы.
pub	Where is the nearest [pub]?	Где ближайший [паб]?
perfume	What's your favorite [perfume]?	Какие у тебя любимые [духи]?
messenger	I'm just the [messenger].	Я всего лишь [посыльный].
pony	She fell off her [pony].	Она упала с [пони].
affection	Especially do not feign [affection].	Тем более не симулируй [привязанность].
ambition	He has no political [ambition].	У него нет политических [амбиций].
villa	Who owns this [villa]?	Кому принадлежит эта [вилла]?
consultant	I work as a [consultant].	Я работаю [консультантом].
fatal	Most [fatal] accidents happen at home.	Большая часть [смертельных] несчастных случаев происходит дома.
waiter	[Waiter], please bring me some water.	[Официант], принесите мне воды, пожалуйста.
fabric	She'll need ten metres of [fabric].	Ей понадобятся десять метров [ткани].
vest	She bought him a [vest].	Она купила ему [жилет].
kindness	We'll never forget your [kindness].	Мы никогда не забудем Вашей [доброты].
largely	One's lifestyle is [largely] determined by money.	Образ жизни в [значительной] степени зависит от денег.
scrub	Would you [scrub] my back, please?	Потрите мне спинку, пожалуйста!
antique	She has some beautiful [antique] furniture.	У неё есть великолепная [антикварная] мебель.
forum	That's a wonderful [forum].	Это чудесный [форум].
commerce	[Commerce] helps our economy.	[Торговля] помогает нашей экономике.
utility	[Utility] payments are higher in the winter.	[Коммунальные] платежи зимой выше.
toxic	Love can turn [toxic].	Любовь может стать [токсичной].
frighten	Marriage [frightens] some people.	Некоторых людей брак [пугает].
whatsoever	Is there any hope [whatsoever]?	Есть ли [вообще] хоть какая-то надежда?
plea	God, hear my [plea].	Боже, услышь мои молитвы!
artificial	We skied on [artificial] snow.	Мы катались на лыжах по [искусственному] снегу.
gasp	Tom [gasped] in surprise.	Том [ахнул] от удивления.
fingerprint	Take his [fingerprints].	Снимите у него [отпечатки] пальцев.
vitamin	I take [vitamins] every day.	Я принимаю [витамины] каждый день.
reunion	Our class [reunion] is next weekend.	На следующих выходных будет [встреча] нашего класса.
marble	We will share our [marbles].	Мы поделимся своими [мраморными] шариками.
immigration	[Immigration] is restricted.	[Иммиграция] ограничена.
necklace	Buy me a diamond [necklace].	Купи мне бриллиантовое [ожерелье].
picnic	Warm weather favored our [picnic].	Хорошо, что была хорошая погода для нашего [пикника].
roller	Let's go [roller] skating.	Пойдём кататься на [роликах].
defender	They're the [defenders] of the city.	Они [защитники] города.
chant	The crowd began to [chant].	Толпа начала [скандировать].
rapidly	This river flows [rapidly].	Эта река [быстрая].
berry	Do [berries] grow in this forest?	В этом лесу растут [ягоды]?
semester	Second [semester] has ended.	Закончился второй [семестр].
mansion	My uncle lives in a [mansion].	Мой дядя живёт в [особняке].
psychic	She is a [psychic].	Она [экстрасенс].
scam	That sounds like a [scam].	Звучит как развод.
pinch	Stop [pinching] me.	Хватит меня [щипать].
follower	Christianity has many [followers].	У христианства много [последователей].
amber	[Amber] is fossilised resin.	[Янтарь] — окаменевшая смола.
revolutionary	That's a truly [revolutionary] idea.	Это воистину [революционная] идея.
marijuana	Do you use [marijuana]?	Вы употребляете [марихуану]?
prophet	Are you the [prophet]?	Ты [пророк]?
occupation	What is your [occupation]?	Какая у тебя [профессия]?
diagnosis	What's your [diagnosis]?	Каков твой [диагноз]?
perception	That's a matter of [perception].	Это вопрос [восприятия].
shaft	Ziri examined the mine [shaft].	Зири осмотрел ствол [шахты].
fiber	Figs contain dietary [fiber].	Инжир содержит пищевые [волокна].
renew	I must [renew] my passport.	Я должен заменить паспорт.
curiosity	I only ask out of [curiosity].	Я спрашиваю просто из [любопытства].
trim	You should [trim] your fingernails.	Тебе следует подстричь ногти.
margin	Leave a [margin] on the paper when you write.	Оставляй [поля] на бумаге, когда пишешь.
considerable	The earthquake caused [considerable] damage.	Землетрясение причинило [значительный] ущерб.
specialize	I [specialize] in medieval history.	Я специализируюсь на истории средних веков.
absurd	Many consider his idea [absurd].	Многие считают его идею [абсурдной].
biology	Many people study [biology] in school.	Многие изучают [биологию] в школе.
collector	She's an avid art [collector].	Она — заядлый [коллекционер] произведений искусства.
commence	When does spring [commence]?	Когда [начинается] весна?
analyst	Tom is a financial [analyst].	Том - финансовый [аналитик].
classical	I love music, particularly [classical].	Я люблю музыку, особенно [классическую].
app	Rate our [app].	Оцените наше [приложение].
rental	This is a [rental] car.	Это автомобиль, взятый напрокат.
proportion	You will progress in [proportion] to your abilities.	Вы будете прогрессировать [пропорционально] своим способностям.
effectively	This [effectively] makes our enemies helpless.	Это [эффективно] делает наших врагов беспомощными.
manipulate	Don't try to [manipulate] me.	Не пытайтесь мной [манипулировать].
pond	Keep away from that [pond], please.	Пожалуйста, держись подальше от [пруда].
valid	Please enter a [valid] email address.	Введите [действительный] адрес электронной почты, пожалуйста.
tumor	This [tumor] is benign.	Эта [опухоль] доброкачественная.
railway	Where is the [railway] station?	Где [железнодорожная] станция?
misery	His cup of [misery] was full.	Его чаша [страданий] была полна.
composition	Compare your [composition] with the example.	Сравните свою [композицию] с образцом.
franchise	This movie is a reboot of the [franchise].	Этот фильм – перезапуск оригинала.
horizon	Peace is on the [horizon].	На [горизонте] замаячил мир.
pancake	Where's my [pancake]?	Где мой [блин]?
advisor	He's the king's most trusted [advisor].	Он ближайший [советник] короля.
spite	He did it out of [spite].	Он сделал это по [злобе].
interpret	Tom [interpreted] for me.	Том [толковал] для меня.
oral	We had an [oral] exam.	У нас был [устный] экзамен.
subtle	What a [subtle] hint!	Какой [тонкий] намёк!
crab	What is a [crab]?	Что такое [краб]?
blog	What's your [blog] about?	О чём твой [блог]?
dolphin	Do [dolphins] really sleep with one eye open?	[Дельфины] правда спят с одним открытым глазом?
expansion	The [expansion] of the universe is speeding up.	[Расширение] Вселенной ускоряется.
nun	She's a [nun].	Она [монахиня].
visa	Please extend this [visa].	Пожалуйста, продлите эту [визу].
vomit	I started to [vomit].	У меня началась [рвота].
claw	The cat [clawed] its owner.	Кот поцарапал хозяина.
lounge	She [lounged] by the pool.	Она отдохнула у бассейна.
banker	My father is a [banker].	Мой отец - [банкир].
substantial	Many buildings sustained [substantial] damage.	Многим зданиям был нанесён [существенный] ущерб.
newly	The dress is [newly] designed.	Платье было [недавно] придумано.
terminate	Mary [terminated] our friendship.	Мэри положила конец нашей дружбе.
outline	Here's a brief [outline] of my speech.	Вот краткий [план] моей речи.
protective	Tom took off his [protective] glasses.	Том снял [защитные] очки.
descend	They began to [descend] the hill.	Они стали [спускаться] с холма.
dental	Use [dental] floss after each meal.	Используйте [зубную] нить после каждого приёма пищи.
provision	We're running out of [provisions].	У нас кончается провизия.
shotgun	Tom leveled a [shotgun] at me.	Том направил на меня [дробовик].
feast	It's [feast] or famine.	Или [пир], или пост.
honeymoon	We're still on our [honeymoon].	У нас всё ещё продолжается наш [медовый] месяц.
neutral	Switzerland is a [neutral] country.	Швейцария - [нейтральная] страна.
automobile	Who invented the first [automobile]?	Кто изобрёл первый [автомобиль]?
instantly	He will die [instantly].	Он умрёт [мгновенно].
envy	She turned yellow with [envy].	Она пожелтела от [зависти].
frost	A heavy [frost] is expected.	Ожидается сильный [мороз].
blink	Why's that red light [blinking]?	Почему [моргает] этот красный огонек?
exclude	No one was [excluded].	Никого не исключили.
supervisor	You must act under the leadership of your [supervisor].	Вы должны работать под руководством своего начальника.
efficiency	[Efficiency] is important, but so is quality.	Производительность важна, но и качество тоже.
chronic	She suffers from [chronic] stress.	Она страдает от [хронического] стресса.
fortunately	Unfortunately, or perhaps [fortunately], no.	К сожалению, а быть может к [счастью], нет.
submarine	Do we all live in a yellow [submarine]?	Мы все живем в желтой [подводной] лодке?
continent	We live on different [continents].	Мы живём на разных [континентах].
donor	Take blood from the [donor].	Возьмите кровь у [донора].
creator	I'm your [creator].	Я твой [создатель].
ape	[Apes] rank above dogs in intelligence.	По уровню интеллекта [обезьяны] превосходят собак.
experimental	The [experimental] drug worked.	[Экспериментальный] препарат сработал.
glue	We need [glue].	Нам нужен [клей].
strategic	Tom made a [strategic] error.	Том совершил [стратегическую] ошибку.
orphan	He adopted that [orphan] boy.	Он усыновил этого [сироту].
merchant	This man is a [merchant].	Этот мужчина - [торговец].
domain	This [domain] name is already in use.	Это [доменное] имя уже занято.
segment	Divide this line [segment] into twenty equal parts.	Раздели этот отрезок прямой на двадцать равных частей.
heroin	She overdosed on [heroin].	Она приняла слишком большую дозу [героина].
virtue	Can [virtue] exist without sin?	Может ли [добродетель] существовать без греха?
herb	Traditional medicine often utilizes [herbs].	В народной медицине часто используют [травы].
handful	Tom ate a [handful] of raisins.	Том съел [горсть] изюма.
tricky	Look how [tricky] you are.	Ишь, какой ты [хитренький]!
Turkish	[Turkish] is a difficult language.	[Турецкий] язык сложен.
stumble	One who always looks back may [stumble].	Если всё время оглядываться назад, можно споткнуться.
zip	Help me [zip] up my dress.	Помоги мне застегнуть платье.
fountain	The [fountain] is over there.	[Фонтан] вон там.
virtually	It's [virtually] impossible.	Это [практически] невозможно.
federation	Russia is a [federation].	Россия - это [федерация].
cinema	Let's meet in front of the [cinema].	Давай встретимся у [кинотеатра].
instructor	She's a yoga [instructor].	Она [инструктор] по йоге.
minus	Seven [minus] four make three.	Семь [минус] четыре — три.
inventory	We have too much [inventory].	У нас слишком много [инвентаря].
appetite	She lost her [appetite].	Она потеряла [аппетит].
facial	Observe his [facial] reaction when we mention a price.	Проследи за выражением его лица, когда мы назовём цену.
coffin	Tom lies in this [coffin].	Том лежит в [гробу].
summit	We didn't reach the [summit].	Мы не достигли [вершины].
roughly	Well that's [roughly] what I thought.	Ну я [примерно] так и подумал.
hunger	There's nothing worse than [hunger].	Нет ничего хуже [голода].
flu	Get a [flu] shot.	Сделай прививку от [гриппа].
nude	What's wrong with being [nude] in your own house?	Что плохого в том, чтобы ходить голым в собственном доме?
rug	I hate this [rug].	Я ненавижу этот [коврик].
cocaine	That's not [cocaine].	Это не [кокаин].
shepherd	That was a [shepherd].	Это был [пастух].
drone	For the [drones], death instantly follows mating.	Трутни погибают сразу после спаривания.
shallow	This lake is [shallow].	Это озеро [мелкое].
cloth	This [cloth] absorbs water well.	Эта [ткань] хорошо впитывает воду.
greet	She [greeted] me.	Она меня [приветствовала].
assess	How do you [assess] your students?	Как вы [оцениваете] своих студентов?
madness	Will this [madness] ever end?	Это [безумие] когда-нибудь кончится?
cope	No one can [cope] with him.	Никто не может справиться с ним.
designate	Blue lines on the map [designate] rivers.	Голубые линии на карте обозначают реки.
arch	[Arch] your back.	Выгни спину.
vent	I need to [vent] my anger.	Мне нужно [выпустить] пар.
vibe	This place gives me a really bad [vibe].	Это место оставляет во мне весьма неприятные ощущения.
ninth	You're on the [ninth] floor.	Ты на [девятом] этаже.
tenant	Are you a [tenant] or homeowner?	Вы [арендатор] или собственник?
alternate	Day [alternates] with night.	День сменяет ночь.
bald	I like being [bald].	Мне нравиться быть [лысым].
scramble	Would you like some [scrambled] egg?	Ты хочешь омлет?
bizarre	That's so [bizarre].	Это так [странно].
instruct	Tom did as [instructed].	Том поступил так, как ему велели.
evacuate	We have to [evacuate] immediately.	Мы должны немедленно [эвакуироваться].
cue	That's my [cue].	Это мой условный [сигнал].
initially	It was much more difficult than we [initially] thought.	Это оказалось намного сложнее, чем мы думали [изначально].
realm	Something’s wrong in the [realm] of sentences.	Неладно что-то в королевстве предложений.
tow	We can't [tow] this car.	Мы не можем взять эту машину на буксир.
limb	His [limbs] were nearly frozen.	Его [конечности] были почти отморожены.
equation	Solve the [equation].	Решите [уравнение].
dice	God doesn't play [dice]!	Бог не играет в [кости]!
holder	Tom isn't the copyright [holder].	Том не [держатель] авторских прав.
emotionally	I'm [emotionally] drained.	Я [эмоционально] истощена.
attribute	This poem is [attributed] to him.	Это стихотворение [приписывают] ему.
adoption	He works in an [adoption] agency.	Он работает в агентстве по [усыновлению].
par	Your summary is not up to [par].	Ваше резюме написано не на должном уровне.
thigh	Thick [thighs] save lives.	Крутые бёдра спасают жизни.
mineral	Do you sell [mineral] water?	У вас продаётся [минеральная] вода?
fortunate	I consider myself [fortunate].	Я считаю себя [удачливым].
owl	[Owls] hunt at night.	[Совы] охотятся ночью.
sophisticated	You're very [sophisticated].	Ты весьма умудрённый.
altogether	His speech was not [altogether] bad.	В [целом] его речь не была такой уж плохой.
swap	I'd [swap] them around.	Я бы поменял их местами.
farewell	She kissed her [farewell].	Она поцеловала её на [прощание].
expedition	He never returned from that [expedition].	Он никогда не вернулся из той [экспедиции].
format	What [format] should I use?	Какой [формат] я должен использовать?
crow	Lately, we see [crows] everywhere.	В последнее время мы видим [ворон] повсюду.
nominate	I'm on the [nominating] committee.	Я член присуждающего комитета.
mint	I don't like [mint] tea.	Мне не нравится чай с [мятой].
carriage	Automobiles replaced [carriages].	Автомобили заменили [кареты].
perceive	We tend to [perceive] what we expect to perceive.	Мы склонны [воспринимать] то, что мы ожидаем воспринять.
applause	[Applause] broke out.	Разразились [аплодисменты].
nickel	[Nickel] is a hard, silver-white metal.	[Никель] — твёрдый серебристо-белый металл.
bundle	He bound old letters into a [bundle].	Он [связал] старые письма в пачку.
partial	It was only a [partial] success.	Успех был лишь [частичным].
terrorism	We will never support [terrorism].	Мы никогда не будем поддерживать [терроризм].
frequent	[Frequent] sex is not good.	[Частый] секс не очень хорош.
researcher	My grandfather was a [researcher].	Мой дедушка был [исследователем].
gossip	Tell us all the [gossip].	Расскажи нам все [сплетни].
weep	My mother did nothing but [weep].	Мама только и делала, что [плакала].
economics	Why should we study [economics]?	Почему мы должны изучать [экономику]?
artistic	That's [artistic] licence.	Это [художественное] допущение.
dime	Ten [dimes] are equal to one dollar.	Десять [десятицентовиков] равны одному доллару.
partly	That's only [partly] true.	Это лишь отчасти верно.
primarily	Our goal is [primarily] educational.	Наша цель прежде всего [образовательная].
differ	Your answer [differs] from mine.	Ваш ответ отличается от моего.
marathon	She ran her first [marathon].	Она пробежала свой первый [марафон].
dinosaur	Do you like [dinosaurs]?	Тебе нравятся [динозавры]?
passionate	Their kisses became more and more [passionate].	Их поцелуи становились всё более [страстными].
indication	Willingness to correct is an [indication] of wisdom.	Готовность исправить — это [признак] мудрости.
parole	Tom was [paroled] last month.	В прошлом месяце Тома [условно-досрочно] освободили.
dye	Why do people [dye] their hair?	Зачем люди [красят] волосы?
competitor	We have a lot of [competitors].	У нас много [конкурентов].
drip	Rain [dripped] off the roof slowly.	Дождь медленно [капал] по крыше.
eager	She's [eager] for knowledge.	Она жаждет знаний.
herd	Giraffes live in [herds].	Жирафы живут [стадами].
slope	We skied down the [slope].	Мы скатились на лыжах вниз по [склону].
workshop	This is my son-in-law's [workshop].	Это [мастерская] моего зятя.
cottage	She has a [cottage] by the sea.	У неё есть [коттедж] на берегу моря.
keeper	Who's the [keeper]?	Кто [вратарь]?
awareness	We need to spread more [awareness].	Нам нужно больше просвещать людей.
porch	Let's wait on the [porch].	Давай подождём на [крыльце].
grasp	The situation is beyond my [grasp].	Ситуация за гранью моего [понимания].
swan	This [swan] is black.	Этот [лебедь] черный.
sadly	[Sadly], most young people speak dialect only rarely.	К [сожалению], большая часть молодёжи редко говорит на диалекте.
specimen	Your work with these [specimens] was impressive.	Ваша работа с этими [образцами] была впечатляющей.
yoga	[Yoga] can improve your posture.	[Йога] может исправить твою осанку.
ferry	I'll come by [ferry].	Я приплыву на [пароме].
separation	Several attempts at [separation] failed.	Несколько попыток отделиться оказались неудачными.
awhile	Let's wait [awhile]!	Давай подождём [некоторое] время!
strengthen	Physical exercise [strengthens] the muscles.	Физические упражнения [укрепляют] мышцы.
risky	That's too [risky].	Это слишком [рискованно].
lottery	It's a kind of [lottery].	Это своего рода [лотерея].
yacht	This [yacht] is very expensive.	Эта [яхта] очень дорогая.
prey	Crocodiles drag their [prey] into water.	Крокодилы затаскивают свою [добычу] в воду.
pickup	My [pickup] is stuck in the mud.	Мой [пикап] застрял в грязи.
scent	I love the [scent] of roses.	Обожаю [аромат] роз.
corporal	[Corporal] punishment is now prohibited in schools.	Сейчас телесные наказания в школах запрещены.
disappointment	Life is full of [disappointments].	Жизнь полна [разочарований].
hum	He always [hums] while working.	Он всегда [напевает] за работой.
injection	The nurse will give me an [injection].	Медсестра сделает мне [укол].
elaborate	Could you [elaborate] on that?	Нельзя ли поподробнее?
breeze	There's a nice [breeze] here.	Здесь приятный ветерок.
villain	Who's your favorite movie [villain]?	Кто твой любимый киношный [злодей]?
induce	Moderate exercise in the evening helps [induce] sleep.	Умеренная физическая активность вечером способствует засыпанию.
evaluate	It's difficult to [evaluate] his ability.	Его компетентность сложно оценить.
cult	I think it's some kind of [cult].	По-моему, это какая-то [секта].
lens	Tom found my contact [lens].	Том нашёл мои контактные [линзы].
spear	How many [spears] do you need?	Сколько [копий] тебе нужно?
goodnight	Tell them [goodnight].	Пожелайте им [спокойной] ночи.
seller	The toy [seller] was very friendly.	[Продавец] игрушек был очень любезен.
suitcase	Let me carry your [suitcase].	Позвольте мне понести Ваш [чемодан].
hay	Is this [hay] or straw?	Это [сено] или солома?
precise	Give me a [precise] answer.	Дай мне [точный] ответ.
certify	I'm a [certified] translator.	Я дипломированный переводчик.
eligible	Tom isn't [eligible] to give orders.	Том не имеет [права] отдавать приказы.
paperwork	The [paperwork] won't take long.	Оформление [документов] не займёт много времени.
honesty	Thanks for your [honesty].	Спасибо за твою [честность].
toll	How often do you use [toll] roads?	Как часто вы пользуетесь [платными] дорогами?
den	We'll destroy their [dens].	Мы уничтожим их [логова].
mild	This year's winter is very [mild].	В этом году зима очень [мягкая].
ignorant	You're totally [ignorant].	Ты абсолютно [невежественный].
daylight	I like reading by [daylight].	Я люблю читать при [дневном] свете.
preach	Practice what you [preach].	Практикуйте, что вы проповедуете.
alcoholic	What's your favorite [alcoholic] beverage?	Какой ваш любимый [алкогольный] напиток?
pickle	I love [pickles].	Я обожаю [солёные] огурцы.
coma	She has come out of her [coma].	Она вышла из [комы].
strand	She twisted a [strand] of hair around her finger.	Она накрутила [прядь] волос вокруг пальца.
bribe	Never take a [bribe]!	Никогда не бери [взяток]!
narrator	We don't know who the [narrator] is.	Мы не знаем, кто [рассказчик].
Irish	[Irish] is a beautiful language.	[Ирландский] — красивый язык.
bracelet	We can't sell that [bracelet].	Мы не можем продать этот [браслет].
motivation	What's your [motivation]?	Какая у тебя [мотивация]?
retrieve	Dogs like [retrieving] balls.	Собаки любят приносить мячик.
theirs	That book is [theirs].	Эта книга [их].
rag	Bring me a [rag].	Принеси мне [тряпку].
awaken	Delicious food [awakens] the appetite.	Вкусная еда [пробуждает] аппетит.
sentiment	Patriotic [sentiment] prevailed.	Патриотическое [чувство] взяло верх.
appreciation	He shows little [appreciation] for what I do.	Он мало ценит то, что я делаю.
slavery	Death is better than [slavery].	Лучше смерть, чем [рабство].
tray	Where should I put the [tray]?	Где мне поставить [поднос]?
ribbon	My sister bought me a red [ribbon].	Сестра купила мне красную [ленту].
shatter	The glass [shattered].	Стакан разбился [вдребезги].
underestimate	Don't [underestimate] your own strength.	Не стоит [недооценивать] собственные силы!
unto	Do [unto] yourself as you do unto others.	Поступай с собой так же, как поступаешь с другими.
premium	Will insurance [premiums] go up?	Увеличатся ли страховые взносы?
keen	The students pay [keen] attention.	Студенты очень внимательно слушают.
corridor	Clear the [corridor]!	Освободите [коридор]!
armor	The knights wore elaborate suits of [armor].	Рыцари носили сложные доспехи.
inmate	The most dangerous [inmate] escaped.	Самый опасный [заключённый] сбежал.
gunshot	We hear [gunshots] almost every night.	Мы почти каждую ночь слышим [выстрелы].
undercover	I'm an [undercover] cop.	Я полицейский под [прикрытием].
inevitable	I think that that's [inevitable].	Думаю, это [неизбежно].
realistic	I'm just being [realistic].	Я просто [реалистично] смотрю на ситуацию.
racial	I consider that [racial] discrimination.	Я считаю это [расовой] дискриминацией.
cripple	Tom is a [cripple].	Том - [калека].
nod	She is [nodding] her head.	Она [кивает] головой.
noodle	I eat [noodles].	Я ем [лапшу].
naughty	I can't stand [naughty] children.	Не выношу [непослушных] детей.
observer	I'm an [observer].	Я [наблюдатель].
pier	I dove off the [pier].	Я нырнул с [пирса].
proposition	I'm in favor of the [proposition].	Я за это [предложение].
martial	I love [martial] arts!	Я люблю [боевые] искусства!
expire	My driver's license will [expire] next week.	Срок действия моих водительских прав [истекает] на следующей неделе.
saddle	Can you ride without a [saddle]?	Вы умеете ездить без [седла]?
regime	The [regime] has fallen.	[Режим] пал.
importantly	She's cute, and more [importantly], has class.	Она милая, а что еще [важнее] - у нее есть стать.
salmon	My favorite fish is [salmon].	Моя любимая рыба — [лосось].
thirsty	We're all [thirsty].	Мы все хотим [пить].
rookie	I made a [rookie] mistake.	Я совершил ошибку [новичка].
addiction	Porn [addiction] doesn't exist.	[Зависимости] от порно не существует.
gag	We found him bound and [gagged].	Мы нашли его связанным и с [кляпом] во рту.
pioneer	I feel like a [pioneer].	Я чувствую себя [первопроходцем].
intrigue	She [intrigues] me.	Она меня [интригует].
triumph	Our team came home in [triumph].	Наша команда вернулась домой с [триумфом].
dummy	He made a crash test [dummy] of himself.	Он сам из себя сделал тестовый [манекен].
rhyme	Hey, that [rhymes]!	Ух ты, [рифмуется]!
hallway	Hang your coat in the [hallway].	Повесь пальто в [коридоре].
tomb	This [tomb] is cursed.	Эта [гробница] проклята.
portal	Open the [portal].	Открой [портал].
widely	She smiled [widely] at me.	Она мне [широко] улыбнулась.
Swedish	[Swedish] is easy.	[Шведский] простой.
landlord	The [landlord] says he wants to raise the rent.	Владелец говорит, что он хочет увеличить арендную плату.
vodka	Bring me some more [vodka]!	Принеси мне ещё [водки]!
reminder	Thanks for the [reminder].	Спасибо за [напоминание].
disgrace	Your behavior brought [disgrace] on our family.	Твоё поведение навлекло [позор] на нашу семью.
bluff	We aren't [bluffing].	Мы не [блефуем].
liability	I don't want to take on another [liability].	Я не хочу брать на себя ещё одно обязательство.
cardinal	The [cardinals] have elected a new pope.	[Кардиналы] выбрали нового Папу.
pea	There's a [pea] in my right nostril.	У меня в правой ноздре [горошина].
curl	Vladimir [curled] up in bed.	Владимир свернулся в постели калачиком.
melody	I recognize that [melody].	Я узнаю эту [мелодию].
dislike	She [disliked] him.	Он ей [не] нравился.
heir	He made me his [heir].	Он сделал меня своим [наследником].
bias	Tom was accused of being [biased].	Тома обвиняли в [предвзятости].
deliberately	He [deliberately] broke the glass.	Он [намеренно] разбил стакан.
splash	I didn't hear a [splash].	Я не слышал [всплеска].
undergo	This document must not [undergo] further modifications.	Этот документ не должен [подвергаться] дальнейшим изменениям.
correction	Thanks for the [correction].	Спасибо за [исправление].
diplomatic	Tom has a [diplomatic] passport.	У Тома есть [дипломатический] паспорт.
spectacular	It was [spectacular].	Это было [захватывающе].
straighten	I [straighten] my hair every morning.	Каждое утро я [выпрямляю] волосы.
indoor	Let's go [indoors].	Давай зайдём внутрь.
quantum	What is [quantum] cryptography?	Что такое [квантовая] криптография?
adjustment	She made a quick [adjustment] to her new job.	Она быстро приспособилась к новой работе.
salesman	That [salesman] looks pretty smart.	Тот [продавец] выглядит достаточно умным.
cuff	Tom unbuttoned his shirt [cuffs].	Том расстегнул пуговицы на [манжетах] рубашки.
mankind	God created [mankind].	Бог создал [человечество].
heritage	That's part of our [heritage].	Это часть нашего [наследия].
oblige	The law [obliges] all citizens to pay taxes.	Закон [обязывает] всех граждан платить налоги.
ownership	Is gun [ownership] legal in your country?	Законно ли в вашей стране [владение] огнестрельным оружием?
magnetic	It's a [magnetic] key.	Это [магнитный] ключ.
distinct	Sami heard four [distinct] gunshots.	Сами слышал четыре [отдельных] выстрела.
giggle	We couldn't stop [giggling].	Мы не могли перестать [хихикать].
splendid	What a [splendid] idea!	Какая [великолепная] идея!
bingo	[Bingo] is something that grandmothers play.	Среди прочего бабушки играют в лото.
intercept	They've been [intercepted].	Их перехватили.
inappropriate	That's completely [inappropriate].	Это совершенно [неуместно].
accusation	That's a very serious [accusation].	Это очень серьёзное [обвинение].
sensible	That's very [sensible].	Это совершенно [разумно].
disability	I'm on [disability].	Я на [инвалидности].
robe	Is that my [robe]?	Это мой [халат]?
chess	Let's play [chess] another time.	Давай в другой раз сыграем в [шахматы].
beep	Leave your message after the [beep].	Оставьте сообщение после сигнала.
spur	More money for education will [spur] economic growth.	Больше денег на образование будет [стимулировать] экономический рост.
slay	His jokes really [slay] me.	Его шутки просто [убивают] меня.
puppet	This [puppet] is my only friend.	Эта [кукла] - мой единственный друг.
sob	She was [sobbing].	Она [рыдала].
cracker	I've eaten all the [crackers].	Я съел все [крекеры].
hazard	This is a health [hazard].	Это опасно для здоровья.
inning	Tom pitched six [innings].	Том подавал шесть [иннингов].
essence	That is the [essence] of the matter.	В этом вся [суть].
obstacle	We've overcome many [obstacles].	Мы преодолели множество [препятствий].
purely	Our meeting was [purely] accidental.	Наша встреча была [чистой] случайностью.
interpretation	Ambiguous phrases often beget funny [interpretations].	Двусмысленные фразы часто порождают забавные [толкования].
feedback	Thanks for the [feedback].	Спасибо за [отзывы].
gratitude	Words can't express our [gratitude].	Слова не могут выразить нашу [благодарность].
excess	How much per kilo for [excess]?	Сколько за каждый лишний килограмм?
jeep	Tom got out of the [jeep].	Том вылез из [джипа].
foreigner	These people hate all [foreigners].	Эти люди ненавидят всех [иностранцев].
receiver	I put the [receiver] to my ear.	Я приложил трубку к уху.
complication	Unfortunately, there may be [complications].	К сожалению, могут быть [осложнения].
pastor	Tom is the church's [pastor].	Том – [пастор] церкви.
resemble	The girl [resembled] her mother.	Девушка [походила] на мать.
grandson	Where's your [grandson]?	Где твой [внук]?
hose	We need a garden [hose].	Нам нужен садовый [шланг].
shrimp	Do you still like [shrimp]?	Тебе всё ещё нравятся [креветки]?
interaction	Then [interaction] with others becomes important.	Затем [взаимодействия] с другими людьми становятся важными.
modest	He's always so [modest].	Он всегда такой [скромный].
hustle	Now I want you to [hustle].	Теперь я хочу, чтобы ты поторопился.
outlet	Where's the [outlet]?	Где [розетка]?
epic	This is an [epic] story.	Это [эпическая] история.
reduction	We protested against the [reduction] in wages.	Мы протестовали против [снижения] зарплаты.
rural	She lives in [rural] seclusion.	Она живет в уединении в [сельской] местности.
orchestra	This is my favorite [orchestra].	Это мой любимый [оркестр].
enforce	Those who [enforce] the law must obey the law.	Те, кто [обеспечивает] соблюдение закона, должны повиноваться закону.
hormone	Estrogen is a [hormone].	Эстроген - это [гормон].
measurement	Precision in [measurement] is necessary.	Требуется точность в [измерении].
accountant	[Accountants] love spreadsheets.	[Бухгалтеры] любят электронные таблицы.
preference	Everyone has their own [preferences].	У всех свои [предпочтения].
spine	One of the bullets damaged his [spine].	Одна из пуль повредила ему [позвоночник].
detention	You just bought yourself another day of [detention].	Вы только что купили себе еще один день содержания под стражей.
swift	Many thanks for the [swift] response!	Большое спасибо за [быстрый] ответ!
hatred	[Hatred] is our enemy.	[Ненависть] — наш враг.
comedian	Who's your favorite [comedian]?	Кто твой любимый [комедийный] актёр?
congressman	Each [congressman] could vote.	Каждый [конгрессмен] мог проголосовать.
patriot	As a [patriot], no.	Как [патриот], нет.
moan	Tom started [moaning] in pain.	Том начал [стонать] от боли.
ounce	Add two [ounces] of grated cheese.	Добавьте две [унции] тёртого сыра.
troll	That's his [troll] catchphrase.	Это его излюбленная [тролльская] фразочка.
snatch	She had her bag [snatched].	У неё украли чемодан.
derive	We [derive] a lot of pleasure from books.	Мы [получаем] массу удовольствия от книг.
cane	Please hand me my [cane].	Пожалуйста, подай мне мою [трость].
latter	Let's hope for the [latter].	Будем надеяться на [последнее].
diagnose	I was [diagnosed] with pneumonia.	У меня [диагностировали] пневмонию.
conceal	He [concealed] the fact from me.	Он [скрывал] этот факт от меня.
immune	Tom is [immune] to that disease.	Том [невосприимчив] к этой болезни.
administer	I know how to [administer] injections.	Я умею делать уколы.
warden	We were prison [wardens] for ten years.	Мы десять лет проработали тюремными надзирателями.
postpone	Tom is always [postponing] things.	Том всегда всё [откладывает].
disc	That [disc] cost ten dollars.	Тот [диск] стоил десять долларов.
glance	She [glanced] at him.	Она [взглянула] на него.
stubborn	Stop being so [stubborn].	Перестань [упрямиться].
tablet	This [tablet] is very expensive.	Это очень дорогой [планшет].
undertake	Any [undertaking] is difficult.	Всякое начинание трудно.
peasant	The [peasant] will come back soon.	[Крестьянин] скоро вернётся.
miner	My grandfather was a [miner].	Мой дедушка был [шахтёром].
prompt	Thank you for your [prompt] reply.	Спасибо за [быстрый] ответ.
conceive	I can't [conceive] of living without him.	Не могу представить себе жизнь без него.
gown	Try on this [gown].	Померь это [платье].
intact	The ribs are [intact].	Рёбра целы.
harassment	It wasn't [harassment].	Это не было [домогательством].
caution	We should proceed with great [caution].	Мы должны действовать с величайшей [осторожностью].
wig	Give me back my [wig]!	Верни мне мой [парик]!
hesitate	Why do you [hesitate]?	Почему ты колеблешься?
siren	Tom could hear [sirens].	Том слышал звук [сирен].
scoop	A cone with two [scoops], please.	Рожок с двумя шариками, пожалуйста.
voyage	They went on a [voyage].	Они отправились в [путешествие].
variation	This is a humorous [variation] of a proverb.	Это забавная переделка пословицы.
lace	Mary crochets [lace] every night.	Мэри каждую ночь вяжет [кружево].
firearm	Can you handle a [firearm]?	Вы умеете обращаться с [огнестрельным] оружием?
canvas	That painter makes her own [canvases].	Эта художница сама изготавливает [холсты].
announcer	What do [announcers] do?	Что делают [дикторы]?
elderly	[Elderly] people deserve respect.	[Пожилые] люди заслуживают уважения.
endanger	There are many [endangered] species.	Существует много видов, которые находятся в [опасности].
virtual	This is an example of [virtual] reality.	Это пример [виртуальной] реальности.
autograph	Could I get your [autograph]?	Можно Ваш [автограф]?
skeleton	Everyone has [skeletons] in their closet.	У всех свои [скелеты] в шкафу.
worthless	You're a [worthless] person.	Ты [никчёмный] человек.
fragment	It looks like your hard disk is [fragmented].	Твой жёсткий диск, кажется, [фрагментирован].
tutor	Tom has a private [tutor].	У Тома есть [репетитор].
beta	Take part in the [beta] test!	Примите участие в [бета-тесте]!
clap	[Clap] your hands!	[Хлопай] в ладоши!
compensation	You may be entitled to [compensation].	Вам может быть положена [компенсация].
gallon	Five [gallons] of regular, please.	Пять [галлонов] регуляра, пожалуйста.
mourn	The whole neighborhood [mourned] his death.	Вся округа [скорбела] о его смерти.
shiny	This shampoo makes my hair [shiny].	От этого шампуня мои волосы становятся [блестящими].
slack	Let's cut him some [slack].	Будем к нему снисходительны.
denial	Tom is in [denial].	Том отказывается верить.
illustrate	Who [illustrated] this book?	Кто [иллюстрировал] эту книгу?
comb	Where's my [comb]?	Где моя [расчёска]?
scrape	I [scraped] my knee.	Я ободрал колено.
assassin	The [assassin] smothered his victim with a pillow.	[Убийца] задушил свою жертву подушкой.
restriction	There are no [restrictions].	[Ограничений] нет.
undo	Your top button is [undone].	У тебя верхняя пуговица расстегнута.
thoroughly	Every room was searched [thoroughly].	Все комнаты были [тщательно] обысканы.
conventional	He made a few [conventional] remarks about the event.	Он оставил несколько стандартных комментариев о данном событии.
transit	I listen to the radio while in [transit].	В дороге я слушаю радио.
pigeon	He used [pigeons] in his experiment.	В своём эксперименте он использовал [голубей].
accessory	The police hunted for an [accessory].	Полиция выслеживала [соучастника].
salute	Tom forgot to [salute].	Том забыл отдать [честь].
fuse	We must've blown a [fuse].	Должно быть, мы спалили [предохранитель].
stimulate	Praise [stimulates] students to work hard.	Похвалы сподвигают учеников лучше заниматься.
wheat	We grow [wheat] here.	Мы выращиваем [пшеницу] здесь.
rational	His argument was far from [rational].	Его аргумент был далеко не [рациональным].
convenience	The house has all the [conveniences].	В доме есть все [удобства].
beautifully	My sister sings very [beautifully].	Моя сестра очень [красиво] поёт.
forgiveness	Ask your mother for [forgiveness] immediately!	Немедленно попроси у мамы [прощения]!
permanently	The accident left him [permanently] paralyzed.	После этого происшествия он оказался парализованным [навсегда].
entity	[Entities] should not be multiplied without necessity.	[Сущности] не должны умножаться без необходимости.
massacre	They called it a [massacre].	Они назвали это [резнёй].
backyard	My [backyard] can hold more than ten people.	Мой [задний] двор может вместить больше десяти человек.
gin	[Gin] is not my friend.	[Джин] не мой друг.
sorrow	We didn't notice her [sorrow].	Мы не заметили её [печали].
literary	She has some [literary] talent.	У неё есть кое-какой [литературный] талант.
torch	Tom extinguished his [torch].	Том потушил [факел].
haircut	Nobody noticed my new [haircut].	Никто не заметил мою новую [стрижку].
congratulate	Don't [congratulate] me!	Не [поздравляйте] меня!
oops	[Oops], I farted again!	[Ой], я снова пукнул!
stray	Tom shot a [stray] dog.	Том застрелил [бродячую] собаку.
furious	For some reason, she's really [furious] with me.	Она почему-то разгневана на меня.
deceased	I often think about my [deceased] mother.	Я часто думаю о своей [покойной] матери.
developer	Tom is a software [developer].	Том — [разработчик] программного обеспечения.
utter	That's an [utter] waste of time.	Это [полнейшая] потеря времени.
briefly	State your case [briefly].	[Кратко] изложите ваш случай.
quantity	Quality over [quantity].	Качество превыше [количества].
static	What causes [static] electricity?	Как образуется статическое электричество?
sip	Take small [sips].	Пей маленькими [глотками].
decoration	These figurines are for [decoration].	Эти фигурки для [украшения].
raven	The [raven] croaks.	[Ворон] каркает.
diner	They're at the [diner], looking at the menu.	Они смотрят меню в [закусочной].
northwest	The wind is coming from the [northwest].	Ветер дует с [северо-запада].
grove	Pandas live in bamboo [groves].	Панды живут в бамбуковых [рощах].
cement	I eat [cement].	Я ем [цемент].
depress	That [depresses] me even more.	Это меня ещё больше [угнетает].
peek	Did you [peek]?	Ты [подглядывал]?
tendency	You've got to fight that [tendency] of yours.	Вы должны бороться с этой вашей наклонностью.
span	Butterflies have short life [spans].	Жизнь бабочек коротка.
paranoid	You're just being [paranoid].	Ты просто параноик.
specialty	That's his [specialty].	Это его [специальность].
messy	My room's a little [messy].	У меня в комнате небольшой беспорядок.
millionaire	We dream of being [millionaires].	Мы мечтаем стать [миллионерами].
vicious	It's a [vicious] circle.	Это [порочный] круг.
waitress	There's the [waitress].	А вот и [официантка].
lousy	What a [lousy] camera!	Какая же [паршивая] камера!
prosecute	Trespassers will be [prosecuted].	Нарушители будут привлечены к ответственности.
bash	What a gorgeous [bash]!	Какая классная тусовка!
awfully	It's [awfully] cold this evening.	Этим вечером [ужасно] холодно.
desperately	I [desperately] need your help.	Мне [отчаянно] нужна твоя помощь.
runway	There is no plane on the [runway].	На [взлётной] полосе нет самолётов.
declaration	Your customs [declaration], please.	Вашу таможенную [декларацию], пожалуйста.
carnival	Life is a [carnival].	Жизнь - это [карнавал].
axe	We cut trees with an [axe].	Мы рубим деревья [топором].
clone	Can we [clone] mammoths?	Можем ли мы [клонировать] мамонтов?
administrative	I hate [administrative] work.	Ненавижу [административную] работу.
unemployment	Who is responsible for high [unemployment]?	Кто несет ответственность за высокий уровень [безработицы]?
elegant	That's very [elegant].	Это очень [элегантно].
sensation	It's a real [sensation].	Это настоящая [сенсация].
acquisition	This is the latest [acquisition] to my library.	Это моё последнее [приобретение] для своей библиотеки.
liable	These articles are [liable] to duty.	С этих вещей взимается пошлина.
prescribe	Please take all of your medicine as [prescribed].	Пожалуйста, принимайте все лекарства согласно предписаниям.
compassion	Nothing is as important as [compassion].	Нет ничего важнее, чем [сострадание].
offender	Tom's a first-time [offender].	Том — начинающий преступник.
mat	Put the key under the [mat].	Положи ключ под [коврик].
significance	The result was of little [significance].	Результат не имел большого значения.
memo	Lend me a [memo] pad or something.	Одолжи мне бумаги для заметок или что-нибудь в этом роде.
tweet	How can your cat [tweet]?	Как ваша кошка умеет [твитнуть]?
elevate	The road here [elevates] slightly.	Дорога здесь немного идёт в гору.
popularity	His [popularity] is falling.	Его [популярность] падает.
hull	The ship [hull] is divided into watertight compartments.	[Корпус] корабля разделён на водонепроницаемые отсеки.
delegate	Finally, the [delegates] voted.	Наконец [делегаты] проголосовали.
console	No one [consoled] me when I was sad.	Никто меня не [утешал], когда мне было грустно.
diaper	I need [diapers] for my baby.	Мне нужны [подгузники] для малыша.
someplace	It must be here [someplace].	Это должно быть [где-то] здесь.
balcony	Let's go out on the [balcony].	Давай выйдем на [балкон].
squirrel	Look at that [squirrel].	Посмотри на ту [белку].
dependent	We're [dependent] on each other.	Мы [зависим] друг от друга.
ginger	Do you like [ginger]?	Ты любишь [имбирь]?
forensic	A [forensic] medical examination has been designated.	Назначена [судебно-медицинская] экспертиза.
logo	They'll make a new [logo].	Они создадут новый [логотип].
collective	[Collective] responsibility means irresponsibility.	[Коллективная] ответственность есть отсутствие всякой ответственности.
merchandise	Please send the [merchandise] by return.	Пожалуйста, отправьте [товары] как можно быстрее.
merger	No [merger] will take place.	[Слияния] предприятий не будет.
transplant	You need a heart [transplant].	Вам нужна [пересадка] сердца.
helpless	I just feel so [helpless].	Я просто чувствую себя таким [беспомощным].
chorus	They sing in [chorus].	Они поют [хором].
norm	[Norms] are different.	[Нормы] разные.
overtime	My boss made me work [overtime].	Мой начальник заставил меня работать [сверхурочно].
intern	She's the new [intern].	Она новый [стажёр].
infinite	But the universe is [infinite].	Но Вселенная [бесконечна].
delightful	The weather was [delightful].	Погода была [восхитительной].
flaw	That is your only [flaw].	Это ваш единственный [недостаток].
allowance	Father advanced me a week's [allowance].	Отец авансом дал мне [деньги] за неделю.
warp	Tom has a [warped] sense of humor.	У Тома извращённое чувство юмора.
grenade	Give me a [grenade].	Дайте мне [гранату].
aisle	Window or [aisle]?	У окна или у [прохода]?
provoke	Stop [provoking] your little brother!	Хватит [провоцировать] младшего брата!
confidential	That's [confidential] information.	Это [конфиденциальная] информация.
premises	I have a warrant to search the [premises].	У меня есть ордер на обыск [помещения].
blaze	The firemen quickly extinguished the [blaze].	Пожарные быстро потушили [пламя].
occasional	Even superheroes need an [occasional] break.	Даже супергероям нужно отдыхать время от времени.
disposal	My car is at your [disposal].	Моя машина в вашем [распоряжении].
luckily	[Luckily] nobody got wet.	К [счастью], никто не промок.
lure	He [lured] her away from her husband.	Он увёл её у мужа.
furthermore	[Furthermore], I don't know how to dance.	[Более] того, танцевать я не умею.
summary	Read the [summary].	Прочти краткое [изложение].
matrix	Show that the [matrix] is diagonalisable.	Докажите, что [матрица] приводится к диагональному виду.
defect	There's a [defect] here.	Здесь есть [дефект].
sickness	Germs can cause [sickness].	Микробы могут вызвать [болезнь].
impulse	It was an [impulse] buy.	Это было [импульсивной] покупкой.
stern	Is your father [stern]?	У тебя [строгий] отец?
harmless	They're pretty [harmless].	Они довольно безобидны.
temporarily	Caffeine can [temporarily] increase your blood pressure.	Кофеин может [временно] повысить ваше артериальное давление.
demo	The [demo] sounds better than the original.	[Демо-версия] звучит лучше оригинала.
obsession	I can't understand his [obsession] with football.	Я не могу понять его [одержимость] футболом.
perfection	[Perfection] isn't good enough.	[Совершенство] недостижимо.
weave	Spiders like to [weave] webs.	Пауки любят [плести] паутину.
performer	We applauded the [performer].	Мы аплодировали [исполнителю].
mash	Do you like [mashed] potatoes?	Ты любишь картофельное [пюре]?
distinction	That [distinction] was well-deserved.	Это [различие] было обоснованным.
functional	Modern trains are more comfortable and [functional].	Современные поезда более удобные и [функциональные].
chap	Lips get [chapped] in winter.	Зимой губы трескаются.
deceive	Let us not [deceive] ourselves.	Давайте не будем сами себя [обманывать].
participant	All [participants] must be registered.	Все [участники] должны пройти регистрацию.
underwater	Do you have [underwater] photography equipment?	У вас есть оборудование для [подводной] съёмки?
wheelchair	I need a [wheelchair].	Мне нужна [инвалидная] коляска.
seizure	I had a [seizure].	У меня был [приступ].
supportive	Thank you for being so [supportive].	Спасибо, что ты меня так поддерживаешь.
journalism	[Journalism] is dead.	[Журналистика] мертва.
secretly	She's [secretly] in love with him.	Она [тайно] влюблена в него.
barbecue	[Barbecuing] is one way to cook meat.	[Барбекю] - это один из способов приготовления мяса.
brew	Tom [brews] his own beer.	Том [варит] собственное пиво.
traveler	[Travelers] should finish their journey before dark.	[Путешественники] должны завершить свое путешествие до темноты.
progressive	His policies were too [progressive].	Его политика была слишком [прогрессивной].
coupon	Do you take these [coupons]?	Вы принимаете эти [купоны]?
uncover	How was the fraud [uncovered]?	Как раскрыли эту аферу?
puff	The man [puffed] smoke into her face.	Мужчина выдохнул ей в лицо дым.
shuttle	My dream is to travel in a space [shuttle].	Моя мечта — путешествие в космическом [шаттле].
flank	The enemy attacked our left [flank].	Враг атаковал наш левый [фланг].
thoughtful	You look very [thoughtful].	Ты выглядишь очень [задумчивым].
Cuban	[Cuban] cigars are among the best in the world.	[Кубинские] сигары одни из лучших в мире.
bronze	This metal is [bronze].	Этот металл - [бронза].
closure	The road [closure] was due to a flash flood.	Дорога была перекрыта из-за внезапного паводка.
forecast	What's the [forecast] for tomorrow?	Какой [прогноз] погоды на завтра?
utterly	He is [utterly] impossible.	Он [совершенно] невозможен.
mole	She had a [mole] on her face.	У неё на лице была [родинка].
ongoing	Our investigation is [ongoing].	Наше расследование продолжается.
prejudice	Free yourself from [prejudice].	Освободись от предрассудков.
diabetes	Figs help to prevent [diabetes].	Инжир помогает предотвратить [диабет].
dissolve	Sugar [dissolves] in hot coffee.	Сахар [растворяется] в горячем кофе.
flare	The protests [flared] into a civil war.	Протесты переросли в гражданскую войну.
sour	This apple tastes very [sour].	Это яблоко очень [кислое].
venue	What's your favourite music [venue]?	Какая твоя любимая концертная площадка?
token	Please accept this [token] of friendship.	Пожалуйста, прими этот [знак] дружбы.
layout	I've changed my website's [layout].	Я изменил разметку своего сайта.
artery	The bullet cut through an [artery].	Пуля перебила [артерию].
tropical	Tom keeps [tropical] fish.	Том держит [тропических] рыбок.
exotic	I like [exotic] foods.	Мне нравится [экзотическая] еда.
bacteria	[Bacteria] are everywhere.	[Бактерии] повсюду.
lipstick	What's your favorite color of [lipstick]?	Какой твой любимый цвет [помады]?
freely	Anyone can [freely] express themselves.	Каждый может [свободно] высказываться.
lobster	I like [lobster].	Мне нравятся [омары].
elf	[Elves] live in the forest.	[Эльфы] живут в лесу.
booze	There'll be [booze].	Там будет [выпивка].
discrimination	Certain people escaped from religious [discrimination].	Некоторые люди избежали религиозной [дискриминации].
tailor	My [tailor] is rich.	Мой [портной] богат.
enlist	Tom [enlisted] in the service.	Том поступил на военную службу.
fitness	Mary is a [fitness] freak.	Мария помешана на [фитнесе].
eternity	That would take an [eternity].	Это бы заняло целую [вечность].
battalion	The officers in our [battalion] were quite young.	Офицерский состав в нашем [батальоне] был довольно молодым.
grease	I need more [grease] in my diet.	Мне нужно больше [жира] в моем рационе.
artillery	Heavy [artillery] was employed.	Была применена тяжёлая [артиллерия].
outrage	She was [outraged].	Она была [возмущена].
revelation	I had a [revelation].	У меня было [откровение].
meaningful	She gave me a [meaningful] look.	Она окинула меня многозначительным взглядом.
increasingly	Technology is [increasingly] improving.	Техника [всё] более совершенствуется.
upload	Tom is [uploading] a video.	Том [загружает] видео.
void	I'm weary of seeing the [void] in people's eyes.	Я устал видеть [пустоту] в глазах людей.
prophecy	Your [prophecy] has come true.	Твоё [пророчество] сбылось.
plaza	There were several hundred people in the [plaza].	На [площади] находилось несколько сотен людей.
intimidate	Tom [intimidated] everyone.	Том всех [запугивал].
hub	It's an important transportation [hub].	Это важнейший транспортный [узел].
correspond	Your words must [correspond] with your actions.	Твои слова должны [соответствовать] твоим действиям.
distraction	I need a [distraction].	Мне надо отвлечься.
enthusiasm	What [enthusiasm] they work with!	С каким [энтузиазмом] они работают!
atom	Who first split the [atom]?	Кто впервые расщепил [атом]?
cater	This restaurant does not [cater] for vegans.	Этот ресторан не [обслуживает] веганов.
unity	Strength in [unity].	Сила - в [единстве].
relay	We're one baton short for the [relay].	Нам не хватает одной палочки для [эстафеты].
irrelevant	What an [irrelevant] question!	Какой [неуместный] вопрос!
juvenile	Tom is a [juvenile] delinquent.	Том — малолетний преступник.
acceptance	The theory will find general [acceptance].	Эта теория станет общепризнанной.
penguin	This baby [penguin] is too cute!	Этот [пингвинёнок] такой классный.
cube	Three [cubed] is twenty-seven.	Три в [кубе] равно двадцати семи.
suburb	We live in the [suburbs].	Мы живём в [пригороде].
sniff	I like to [sniff] mushrooms.	Я люблю [нюхать] грибы.
hybrid	This plant is a [hybrid].	Это растение — [гибрид].
triangle	I like [triangles].	Мне нравятся [треугольники].
revise	I [revised] my theory.	Я проверил свою теорию.
exhaust	We could smell the [exhaust].	Мы чувствовали запах [выхлопа].
tile	A [tile] fell on my head.	Мне на голову упала [плитка].
confine	He's still [confined] to bed.	Он всё ещё прикован к постели.
propaganda	People don't believe your silly [propaganda]!	Люди не верят вашей дурацкой [пропаганде]!
rotate	The earth [rotates].	Земля [вращается].
comply	It's necessary to [comply] with a law.	Законы нужно [соблюдать].
withdrawal	The [withdrawal] symptoms are more severe than I thought.	Симптомы отмены тяжелее, чем я думал.
arsenal	They have a powerful military [arsenal].	У них есть мощный военный [арсенал].
nanny	Tom, meet your new [nanny].	Том, познакомься с твоей новой [няней].
allergic	I have [allergic] rhinitis.	У меня [аллергический] ринит.
sculpture	I just don't get modern [sculpture].	Я просто не понимаю современную [скульптуру].
supermarket	What a big [supermarket]!	Какой огромный [супермаркет]!
clutch	Take your foot off the [clutch].	Сними ногу со [сцепления].
dwell	Don't [dwell] on your past mistakes!	Не зацикливайся на своих прошлых ошибках.
dictionary	Anyone can use this [dictionary].	Каждый может пользоваться этим [словарём].
deem	She [deems] this can be understood without a translation.	Она [считает], что это можно понять и без перевода.
penetrate	She let me [penetrate] her.	Она позволила мне войти в неё.
predator	A dangerous [predator] has escaped.	На свободу вырвался опасный [хищник].
southeast	The wind is coming from the [southeast].	Ветер дует с [юго-востока].
stove	Turn off the [stove].	Выключи [плиту].
popcorn	Go make [popcorn].	Иди приготовь [попкорн].
participation	Thank you very much for your [participation]!	Большое вам спасибо за [участие]!
brag	[Bragging] isn't good.	[Хвастаться] нехорошо.
dwarf	Tom is a [dwarf].	Том - [гном].
vintage	I bought it at the [vintage] clothing store.	Я купил её в магазине [винтажной] одежды.
choir	I have [choir] practice tonight.	У меня сегодня вечером репетиция [хора].
ammunition	Our [ammunition] has run out.	У нас закончились [боеприпасы].
disclose	I can't [disclose] that information yet.	Я пока еще не могу раскрыть эти сведения.
jelly	My [jelly] won't set.	У меня [желе] не застывает.
fisherman	I'm a [fisherman].	Я [рыбак].
cereal	I eat [cereal] for breakfast.	Я ем на завтрак [хлопья].
asylum	I want political [asylum].	Я хочу получить политическое [убежище].
batter	Someone is [battering] at the door.	Кто-то колотит в дверь.
atomic	Science produced the [atomic] bomb.	Наука создала [атомную] бомбу.
blackmail	She [blackmailed] him.	Она его [шантажировала].
consumption	Youth alcohol [consumption] has increased.	[Потребление] алкоголя среди молодёжи выросло.
cub	The vixen is feeding her [cubs].	Лисица кормит лисят.
sibling	She's my youngest [sibling].	Она самая младшая из моих братьев и [сестёр].
weaken	Time, which strengthens friendship, [weakens] love.	Время, укрепляющее дружбу, [ослабляет] любовь.
paragraph	Start a new [paragraph] here.	Начни с нового [абзаца] здесь.
constitute	These things [constitute] a balanced meal.	Эти продукты [составляют] сбалансированное питание.
shred	There wasn't a single [shred] of evidence.	Не было ни малейшего свидетельства.
accelerate	We [accelerated] our pace.	Мы [ускоряли] шаг.
sheer	We survived by [sheer] luck.	Мы выжили по [чистой] случайности.
cellar	It's in the [cellar].	Это в [погребе].
thesis	This data is for my [thesis].	Эти данные - для моей [диссертации].
sanction	I doubt if [sanctions] will work.	Сомневаюсь, что [санкции] сработают.
sincere	Please accept my [sincere] condolences.	Примите мои [искренние] соболезнования.
blossom	This tree will never [blossom].	Это дерево никогда не зацветёт.
biscuit	No more [biscuits]!	Хватит [печенья]!
expertise	That's outside my area of [expertise].	Это вне моей компетенции.
willow	My favorite tree is the weeping [willow].	Моё любимое дерево - плакучая [ива].
prohibit	Every religion [prohibits] murder.	Все религии [запрещают] убийство.
boxer	[Boxers] need quick reflexes.	[Боксёру] нужны хорошие рефлексы.
rattle	The baby was shaking the [rattle].	Младенец тряс [погремушку].
preacher	Ali's grandfather was a [preacher].	Дед Али был [проповедником].
mold	There's [mold] on the wall.	На стене [плесень].
harass	Thomas is [harassing] me.	Томас [донимает] меня.
sniper	A [sniper] shot the lights out.	[Снайпер] потушил все огни.
honorable	There are no [honorable] people.	Никто не честен.
formerly	[Formerly] this building was a hospital.	Раньше это здание было больницей.
anyhow	[Anyhow], let's begin.	В любом [случае], давайте начнём.
sticker	Tom has a fish bumper [sticker].	У Тома есть [наклейка] на бампер в виде рыбы.
supposedly	Tom is [supposedly] healthy.	Том [предположительно] здоров.
positively	Please think [positively].	Пожалуйста, думай позитивно.
ransom	Tom paid the [ransom].	Том заплатил [выкуп].
earring	Where's your other [earring]?	Где твоя вторая [серьга]?
feminist	She's a [feminist].	Она [феминистка].
blunt	The knife is [blunt].	Нож [тупой].
fierce	He gave me a [fierce] look.	Он [свирепо] взглянул на меня.
variable	The wind is [variable].	Ветер переменчив.
interact	She always [interacts] with the audience.	Она всегда взаимодействует с аудиторией.
hog	You're an awful [hog].	Вы — ужасная свинья.
tasty	That apple was really [tasty].	То яблоко было действительно [вкусным].
gasoline	[Gasoline] is used for fuel.	[Бензин] используется в качестве топлива.
homeland	He left his [homeland].	Он покинул [родину].
kitten	Did she hurt that [kitten]?	Она сделала [котёнку] больно?
timer	Tom set the [timer].	Том поставил [таймер].
installation	The [installation] is now complete.	[Установка] завершена.
plasma	[Plasma] is the fourth state of matter.	[Плазма] - четвёртое состояние вещества.
determination	I admire your [determination].	Я восхищаюсь твоей [решимостью].
robber	The [robber] bashed her head in.	[Грабитель] разбил ей голову.
knit	She is really into [knitting].	Она очень увлечена [вязанием].
restrain	[Restrain] your impulses.	[Сдерживайте] свои порывы.
coconut	[Coconuts] grew on my island.	На моём острове росли [кокосы].
expel	You'll be [expelled] from school.	Тебя [исключат] из школы.
molecule	[Molecules] break down into atoms.	[Молекулы] распадаются на атомы.
exaggerate	She's [exaggerating], of course.	Она, конечно, [преувеличивает].
panther	Are all [panthers] black?	Все [пантеры] чёрные?
accommodate	This car [accommodates] five people.	Этот автомобиль рассчитан на пять человек.
almighty	They worship the [almighty] dollar.	Они поклоняются [всемогущему] доллару.
assassination	It is an [assassination] attempt.	Это покушение на политическое [убийство].
mixture	Air is a [mixture] of gases.	Воздух — это [смесь] газов.
refund	I demand a [refund].	Я требую [возврата] денег.
mattress	Check under the [mattress].	Проверь под [матрасом].
mathematics	Bill is good at [mathematics].	Билл силён в [математике].
thug	Even [thugs] are afraid of him.	Его даже [бандиты] боятся.
qualification	What are your [qualifications]?	Какие у вас [квалификации]?
icon	Double-click the [icon].	Дважды щёлкните по [значку].
hopeless	She's a [hopeless] case.	Она [безнадёжный] случай.
gem	The crown was set with [gems].	Корона была украшена [драгоценными] камнями.
whine	I'm tired of your [whining].	Я устал от твоего [нытья].
scroll	Archaeologists found a papyrus [scroll] in the ruins.	Археологи нашли среди развалин [свиток] папируса.
activist	Tom's an [activist].	Том - [активист].
irritate	Annoying people [irritate] me.	Надоедливые люди меня [раздражают].
thankful	I'm very [thankful] to you for that.	Я тебе за это очень [благодарна].
ruler	Could I borrow your [ruler]?	Могу я позаимствовать вашу [линейку]?
bulb	How much does this light [bulb] cost?	Сколько стоит эта [лампочка]?
resignation	He handed in his [resignation].	Он подал заявление об [отставке].
infrastructure	Let's talk about [infrastructure].	Давайте поговорим об [инфраструктуре].
pyramid	Who really built the [pyramids]?	Кто на самом деле построил [пирамиды]?
wireless	Tom has [wireless] headphones.	У Тома [беспроводные] наушники.
regain	Sami should [regain] his memory soon.	К Сами скоро должна [вернуться] его память.
razor	Where's the [razor]?	Где [бритва]?
seminar	How was the [seminar]?	Как прошёл [семинар]?
remedy	Is there a [remedy]?	Есть ли [средство]?
maiden	What's your mother's [maiden] name?	Какая [девичья] фамилия была у твоей матери?
flick	Mary [flicked] her hair back.	Мэри откинула волосы назад.
unite	Politics divides people, while culture [unites] them.	Политика разъединяет людей, а культура их [объединяет].
transformation	I do not believe in miraculous [transformations].	Я не верю в чудесные превращения.
android	All [androids] are robots.	Все [андроиды] - роботы.
southwest	The wind is blowing from the [southwest].	Ветер дует с [юго-запада].
marvelous	What a [marvelous] idea!	Какая [чудесная] идея!
batch	This is a trial [batch].	Это пробная [партия].
manifest	Spirit [manifested] itself.	Дух проявил себя.
bounty	Mary is a famous [bounty] hunter.	Мэри известная охотница за головами.
bead	The [bead] rolled into the slot.	[Бусина] закатилась в щель.
urine	There's blood in my [urine].	У меня в [моче] кровь.
repay	I must [repay] my debts.	Я должен [вернуть] мои долги.
slick	That was [slick] of you.	Это было [ловко] с твоей стороны.
perimeter	The prison [perimeter] is denoted by a large fence.	[Периметр] тюрьмы обнесён большим забором.
chunk	I break large, time-consuming tasks into [chunks].	Я разбиваю большие, отнимающие много времени задачи на [куски].
implication	Think about the [implications].	Подумай о [последствиях].
salvation	Is there hope in [salvation]?	Есть ли надежда на [спасение]?
rotation	Mercury has a very slow [rotation].	Меркурий вращается очень медленно.
convey	Gestures can [convey] meaning as well as words.	Жесты могут [передавать] смысл так же, как и слова.
dispose	[Dispose] of the old magazines.	Избавься от старых журналов.
innocence	She insisted on her [innocence].	Она настаивала на своей [невиновности].
firework	They set off [fireworks].	Они устроили [фейерверк].
cathedral	The [cathedral] burned down.	[Собор] сгорел дотла.
allegation	It's an absurd [allegation].	Это абсурдное [обвинение].
ethnic	This is a multi-[ethnic] state.	Это многонациональное государство.
thrive	China is [thriving].	Китай [процветает].
attendance	Your [attendance] will affect your final grade.	Ваша [посещаемость] будет влиять на вашу итоговую оценку.
reinforce	We need to [reinforce] the roof.	Нам надо укрепить крышу.
specify	The letter only [specified] some address.	В письме был указан только какой-то адрес.
productive	You are really very [productive] today.	Вы действительно очень [продуктивны] сегодня.
fax	What's this hotel's [fax] number?	Какой у этой гостиницы номер [факса]?
thorough	I'll make a [thorough] investigation.	Я проведу [тщательное] расследование.
guideline	These are just [guidelines], not hard and fast rules.	Это всего лишь [рекомендации], а не жёсткие правила.
rash	A [rash] appeared on his face.	[Сыпь] появилась на его лице.
residential	The fire came really close to [residential] buildings.	Огонь вплотную подступил к [жилым] домам.
torpedo	They fired several [torpedoes].	Они выпустили несколько [торпед].
publicly	Tom [publicly] insulted me.	Том [публично] меня оскорбил.
refrigerator	What's in your [refrigerator]?	Что у тебя в [холодильнике]?
upcoming	What do you think about the [upcoming] election?	Что ты думаешь о [предстоящих] выборах?
wardrobe	There's no [wardrobe] in this room.	В этой комнате нет [шкафа].
rabbi	I'm a [rabbi].	Я [раввин].
supplier	We face competition from foreign [suppliers].	Мы сталкиваемся с конкуренцией со стороны иностранных [поставщиков].
manuscript	Can you read this [manuscript]?	Ты можешь прочесть эту [рукопись]?
workout	Gradually increase the duration of your [workouts].	Постепенно увеличивайте продолжительность ваших [тренировок].
teammate	I'll miss my [teammates].	Мне будет не хватать моих [товарищей] по команде.
criterion	Money is not a [criterion] of success.	Деньги не [критерий] успеха.
referee	What kind of clothes do [referees] wear?	Какую одежду носят [судьи]?
ache	My head [aches] so much.	У меня так голова [болит].
groan	The man [groaned] in pain.	Мужчина [стонал] от боли.
lid	Please help me take this [lid] off.	Пожалуйста, помоги мне снять эту [крышку].
smuggle	The police arrested him for [smuggling].	Полиция арестовала его за [контрабанду].
psychologist	You'd make a great [psychologist].	Из тебя бы вышел отличный [психолог].
monument	Your deeds are your [monuments].	Ваши поступки - это ваши [памятники].
quiz	It was easy for him to answer the [quiz].	Ему легко было отвечать на вопросы [викторины].
trench	Soldiers were digging [trenches].	Солдаты рыли окопы.
handicap	[Handicapped] parking is available.	Доступна парковка для людей с ограниченными возможностями.
administrator	Who is the group [administrator]?	Кто [администратор] группы?
whilst	She smiled at me, [whilst] she sang.	Она улыбалась мне, в то [время] как пела.
ambitious	She's smart and [ambitious].	Она умна и [амбициозна].
ambush	We were [ambushed].	Мы попали в [засаду].
vertical	This is a [vertical] line.	Это [вертикальная] линия.
lone	He's a [lone] wolf.	Он [одинокий] волк.
despair	I'm in [despair]!	Я в [отчаянии]!
prediction	Your [predictions] never come true.	Твои [предсказания] никогда не сбываются.
gangster	Tom is a [gangster].	Том [гангстер].
limitation	She knows her [limitations].	Она знает свои возможности.
abstract	Do you understand [abstract] art?	Вы разбираетесь в [абстрактном] искусстве?
crank	[Crank] up the heater.	Включи обогреватель.
salon	Mary works at a nail [salon].	Мэри работает в маникюрном [салоне].
lightly	Please don't take this [lightly].	Не относитесь к этому [легкомысленно], пожалуйста.
hairy	My legs are very [hairy].	У меня очень [волосатые] ноги.
tickle	Why can't we [tickle] ourselves?	Почему мы не можем сами себя [щекотать]?
significantly	My grades have improved [significantly].	Мои оценки [значительно] улучшились.
clause	Is there a [clause] in the lease regarding that?	А в договоре об аренде есть [пункт], предусматривающий это?
roam	Four horses [roam] the pasture.	По пастбищу [бродили] четыре лошади.
recycle	I [recycle] and take care of the environment.	Я [перерабатываю] отходы и забочусь об окружающей среде.
hound	Call off your [hounds]!	Отзови своих ищеек!
telegram	Please answer me by [telegram].	Пожалуйста, дай мне ответ [телеграммой].
stability	[Stability] is in unity.	[Стабильность] в единстве.
amazed	I'm simply [amazed] by you.	Я просто восхищаюсь тобой.
telegraph	Where's the [telegraph] office?	Где [телеграф]?
gorilla	[Gorillas] very rarely climb trees.	[Гориллы] очень редко взбираются на деревья.
flock	Take good care of your [flock].	Хорошо заботься о своём [стаде].
endorse	I wholeheartedly [endorse] this decision.	Я всецело [одобряю] это решение.
autopsy	Was there an [autopsy]?	Было [вскрытие]?
sponge	Where's the [sponge]?	Где [губка]?
incentive	[Incentives] always help.	[Стимулы] всегда помогают.
mercury	Is [mercury] really a metal?	[Ртуть] действительно является металлом?
prevail	Common sense should [prevail].	Должен [преобладать] здравый смысл.
compartment	We rode in the same [compartment].	Мы ехали в одном [купе].
fuss	Stop making such a [fuss]!	Прекрати эту [суету]!
bartender	Where's the [bartender]?	Где [бармен]?
sanctuary	The church offered them [sanctuary].	Церковь предоставила им [убежище].
sleepy	Still [sleepy], right?	Ещё [сонный], да?
frontier	We crossed the [frontier] yesterday.	Вчера мы пересекли [границу].
rubbish	Pick your [rubbish] up.	Подбери свой [мусор].
camel	Why do [camels] hate horses?	Почему [верблюды] ненавидят лошадей?
gauge	Is there an air [gauge] here?	Здесь есть манометр?
discourage	Let's not get [discouraged].	Давайте не унывать.
bun	She wears her hair in a [bun].	Она собирает волосы в пучок.
heap	Get rid of that [heap] of old newspapers.	Выброси эту [кучу] старых газет.
reef	Coral [reefs] teem with life.	Коралловые [рифы] кишат жизнью.
cluster	They [clustered] around the fire.	Они сгрудились вокруг огня.
calculation	Computers make [calculations].	Компьютеры делают [вычисления].
ignorance	Forgive me for my [ignorance].	Простите мне моё [невежество].
accommodation	Do you offer [accommodation]?	Вы предлагаете [жильё]?
controversial	That's very [controversial].	Это очень [спорно].
portfolio	She showed me her [portfolio].	Она показала мне своё [портфолио].
density	Japan has a high population [density].	В Японии высокая [плотность] населения.
detain	We're being [detained].	Нас задержали.
sidewalk	Walk on the [sidewalk].	Иди по [тротуару].
grunt	Why do pigs [grunt]?	Почему свиньи [хрюкают]?
barber	The [barber] cut his hair.	[Парикмахер] его постриг.
crave	Tom [craved] attention.	Том [жаждал] внимания.
jade	Is that real [jade]?	Это настоящий [нефрит]?
lethal	It's a [lethal] dose.	Это [смертельная] доза.
narrative	The [narrative] is nonlinear.	[Повествование] нелинейно.
compensate	Money cannot [compensate] for life.	Деньгами не [компенсировать] жизнь.
altitude	She has [altitude] sickness.	У нее [высотная] болезнь.
mutant	Tom is a [mutant].	Том — [мутант].
surprisingly	They're [surprisingly] good.	Они [удивительно] хороши.
vaccine	Is this [vaccine] effective?	Эта [вакцина] эффективна?
likewise	Look on me, and do [likewise].	Смотрите на меня и делайте то же.
astronaut	God was an [astronaut].	Бог был [космонавтом].
privately	Where can we talk [privately]?	Где мы можем поговорить наедине?
repeatedly	This is something that has happened [repeatedly].	Это происходило [неоднократно].
cramp	This room is [cramped].	Эта комната узкая.
grandchild	My [grandchildren] attend this school.	Мои [внуки] ходят в эту школу.
freight	That elevator is for [freight] only.	Этот лифт только для [груза].
behold	Lo and [behold]!	Вы только посмотрите!
grammar	You must study [grammar] more.	Вам надо больше заниматься [грамматикой].
lump	One [lump] of sugar, please.	Один кусок сахара, пожалуйста.
sunrise	We will attack at [sunrise].	Начнём атаку с [восходом] солнца.
chili	I love [chili].	Я люблю [перец] чили.
amend	Some people want to [amend] the constitution.	Некоторые люди хотят внести [поправки] в конституцию.
frustration	I fully understand your [frustration].	Я прекрасно понимаю твоё [разочарование].
insanity	This is [insanity].	Это [безумие].
playground	[Playgrounds] are empty.	Детские [площадки] пустуют.
believer	Is your wife a [believer]?	Твоя жена [верующая]?
heroic	That's how this [heroic] epic ended.	Так закончилась эта [героическая] эпопея.
blond	She had long [blond] hair.	У неё были длинные светлые волосы.
rehab	He went into [rehab].	Он лёг в [реабилитационный] центр.
disrespect	I mean no [disrespect].	Я не хотел выказать [неуважения].
idol	She is my [idol].	Она мой [кумир].
machinery	Something must be wrong with the [machinery].	Наверняка что-то не так с [механизмом].
editorial	The [editorial] office is located underground.	Редакция находится под землёй.
severely	We must punish him [severely].	Мы должны его [строго] наказать.
mentor	Failure is the best [mentor].	Неудачи – это наилучший [наставник].
ouch	[Ouch]! I bit my tongue.	[Ой]! Я прикусил язык.
cavalry	Here comes the [cavalry].	[Кавалерия] на подходе.
taco	Those aren't [tacos].	Это не [тако].
equality	There is no [equality] in nature.	В природе нет [равенства].
dictate	Do as your heart [dictates].	Делай так, как подсказывает тебе сердце.
dread	Are you [dreading] this?	Вы [страшитесь] этого?
acquaintance	We have no [acquaintance] with her.	Мы с ней не [знакомы].
unload	The car was [unloaded] before evening.	Машину [разгружали] до вечера.
unacceptable	This is completely [unacceptable].	Это совершенно [недопустимо].
magician	Tom is a professional [magician].	Том — профессиональный [фокусник].
zoom	This is the [zoom] button.	Это кнопка масштабирования.
strangle	I didn't [strangle] him.	Я его не [душил].
riddle	Can you answer this [riddle]?	Вы знаете, как решить эту [загадку]?
presidency	The [presidency] is not his property.	[Президентство] не его собственность.
dynamite	This is [dynamite].	Это [динамит].
groove	Vinyl records are covered in [grooves].	Виниловые пластинки покрыты канавками.
contestant	Are you a [contestant]?	Ты [участник]?
timber	Canada abounds in [timber].	Канада богата [древесиной].
backpack	Put this in your [backpack].	Положи это к себе в [рюкзак].
thrust	He [thrust] me aside.	Он оттолкнул меня в сторону.
lesser	Choose the [lesser] evil.	Выбери [меньшее] зло.
affiliate	That branch is [affiliated] to the miners' union.	Это отделение аффилировано с шахтёрским профсоюзом.
oyster	Do you like [oysters]?	Ты любишь [устрицы]?
inspect	The general [inspected] the troops.	Генерал [инспектировал] войска.
cone	He put a traffic [cone] in the road.	Он поставил на дорогу дорожный [конус].
flexible	We're very [flexible].	Мы очень [гибкие].
northeast	The wind is coming from the [northeast].	Ветер дует с [северо-востока].
reel	He [reeled] in a huge fish yesterday.	Вчера он вытянул из воды большую рыбу.
ironic	It's rather [ironic].	Это скорее ирония.
necessity	I went there of [necessity].	Я поехал туда по [необходимости].
granny	[Granny] adored me.	[Бабушка] во мне души не чаяла.
intensity	The storm is gathering in [intensity].	Шторм набирает силу.
peep	Someone was clearly [peeping] through the gap.	В щель явно кто-то [подглядывал].
tuition	Tom is paying my [tuition].	Том платит за моё [обучение].
greedy	[Greedy] people always want more stuff.	[Жадные] люди всегда хотят больше вещей.
Arabic	[Arabic] is difficult!	[Арабский] сложен!
outlaw	He's an [outlaw].	Он разбойник.
array	The troops were in battle [array].	Войска были в боевом порядке.
supplement	There are only food [supplements] in that mayonnaise!	В том майонезе одни пищевые [добавки]!
regulate	Traffic lights are used to [regulate] traffic.	Светофоры используются для [регулирования] дорожного движения.
antibiotic	[Antibiotics] can't destroy viruses.	[Антибиотики] не уничтожают вирусы.
bulk	We buy stationery in [bulk].	Мы покупаем канцелярские товары [оптом].
unstable	It's too [unstable].	Это слишком [нестабильно].
philosopher	Who's your favorite [philosopher]?	Кто ваш любимый [философ]?
subsequent	I can't remember the [subsequent] events.	Я не могу вспомнить [последующие] события.
simultaneously	Everything happened [simultaneously].	Всё случилось [одновременно].
clarify	Let me [clarify] that.	Позвольте мне внести ясность.
profound	What a [profound] thought.	[Глубокая] мысль!
definite	I have no [definite] plans.	У меня нет [определённых] планов.
commonly	Methadone is [commonly] prescribed as a pain killer.	Метадон [обычно] назначают в качестве обезболивающего.
slash	I'll [slash] your tires!	Я порежу тебе шины!
moderate	I always drive at a [moderate] speed.	Я всегда вожу на [умеренной] скорости.
partially	I've [partially] finished my work.	Я [частично] выполнил свою работу.
merge	Then the two images [merge] into one.	Затем оба изображения сливаются в одно.
printer	I need [printer] paper.	Мне нужна бумага для [принтера].
threshold	Tom has a high [threshold] for pain.	У Тома высокий болевой [порог].
cylinder	How many [cylinders] does an engine need?	Сколько [цилиндров] нужно двигателю?
rewrite	You should [rewrite] this sentence.	Ты должен переписать это предложение.
gradually	The music [gradually] died away.	Музыка [постепенно] затихла.
politically	Stop being so [politically] correct.	Хватит быть таким [политически] корректным.
continuous	This [continuous] noise annoys me.	Этот непрекращающийся шум меня раздражает.
psychiatric	Put him in a [psychiatric] hospital!	Поместите его в [психиатрическую] больницу!
overhead	Seagulls whirled [overhead].	Над [головами] кружили чайки.
incline	I'm [inclined] to believe them.	Я [склонен] им верить.
primitive	In [primitive] societies barter was used.	В [примитивных] культурах использовался бартер.
probability	In all [probability], we'll arrive before them.	По всей [вероятности], мы приедем раньше них.
circulation	What's this magazine's [circulation]?	Какой у этого журнала [тираж]?
tolerance	[Tolerance] becomes a crime when applied to evil.	[Терпимость] становится преступлением, применённая ко злу.
obscure	It's quite [obscure] what this sentence means.	Совершенно [неясно], что означает это предложение.
ethical	Is this [ethical]?	Это [этично]?
utilize	Atomic energy can be [utilized] for peaceful purposes.	Атомная энергия может быть [использована] в мирных целях.
radius	Earth's [radius] is about six thousand kilometres.	[Радиус] Земли составляет около шести тысяч километров.
catalog	Send me a new [catalog].	Отправь мне новый [каталог].
trait	Courage is a wonderful [trait].	Мужество — замечательная [черта].
commentary	Any further [commentary] is redundant.	Дальнейшие [комментарии] избыточны.
vague	That's kind of [vague].	Это несколько [расплывчато].
fin	Fish have gills and [fins].	У рыб есть жабры и [плавники].
wed	She lost her [wedding] ring.	Она потеряла обручальное кольцо.
pollution	Water [pollution] is another problem.	[Загрязнение] воды - ещё одна проблема.
simulation	Are we living in a computer [simulation]?	Мы живём в компьютерной симуляции?
metaphor	This is a [metaphor].	Это [метафора].
fulfill	Try to [fulfill] your duty.	Старайся [выполнять] свои обязанности.
habitat	Their [habitat] is threatened by deforestation.	Их среда [обитания] находится под угрозой из-за вырубки лесов.
textbook	I can't trust my [textbook].	Я не могу полагаться на мой [учебник].
crude	[Crude] oil is refined at this plant.	На этом заводе рафинируют [сырую] нефть.
innovation	Tom disapproves of any [innovation].	К любым новшествам Том относится неодобрительно.
agriculture	Many countries depend on [agriculture].	Многие страны зависят от сельского [хозяйства].
portray	The rock drawings mainly [portrayed] hunting scenes.	Наскальные рисунки в основном воспроизводили сцены охоты.
insure	My house is fully [insured].	Мой дом полностью застрахован.
comprehensive	His [comprehensive] knowledge impressed me.	Его обширные познания меня впечатлили.
sphere	This is a [sphere].	Это [сфера].
fraction	This [fraction] can be reduced.	Эту [дробь] можно сократить.
dominant	She has a [dominant] personality.	Она лидер по натуре.
advertise	There's no need to [advertise] a good wine.	Нет нужды [рекламировать] хорошее вино.
interface	The [interface] is very intuitive.	[Интерфейс] очень интуитивно понятен.
grin	He [grinned] slyly.	Он лукаво [ухмыльнулся].
fossil	Tom is interested in [fossils].	Тому интересны [окаменелости].
precede	Her reputation [precedes] her.	Репутация бежит впереди неё.
adequate	It seems [adequate].	Это кажется [адекватным].
acute	He felt an [acute] pain in his chest.	Он почувствовал [острую] боль в груди.
basin	What is in the [basin]?	Что в раковине?
plantation	Tom owns a [plantation].	Том владеет [плантацией].
accuracy	This book is completely lacking in historical [accuracy].	Эта книга начисто лишена исторической [точности].
compute	What's cloud [computing]?	Что такое облачные вычисления?
structural	The current crisis is [structural].	Нынешний кризис является [структурным].
gaze	She lowered her [gaze].	Она потупила [взгляд].
composer	Who's your favorite [composer]?	Кто твой любимый [композитор]?
minimal	The danger is [minimal].	Опасность [минимальна].
facilitate	I think I can [facilitate] that.	Думаю, я могу поспособствовать этому.
vector	Rats are [vectors] of disease.	Крысы — переносчики заразы.
rejection	I am afraid it is a [rejection].	Боюсь, что это [отказ].
hedge	He jumped over the [hedge].	Он перепрыгнул через [изгородь].
commodity	[Commodity] prices were rising.	Цены на [товары] росли.
organism	This [organism] can survive in outer space.	Этот [организм] может выжить в открытом космосе.
decay	Food [decays] quickly in hot weather.	В жару еда быстро портится.
diversity	Unity in [diversity].	Единство в [разнообразии].
nonetheless	Though he was poor, he was [nonetheless] happy.	Хотя и беден, он был [тем] не менее счастлив.
unemployed	We're all [unemployed].	Мы все [безработные].
kilometer	We live fifteen [kilometers] from here.	Мы живём в пятнадцати [километрах] отсюда.
thermal	These [thermal] socks will keep your feet warm.	Эти термальные носки сохранят ваши ноги в тепле.
firmly	I [firmly] believe.	Я [твёрдо] верю.
comprise	The committee [comprises] ten members.	Комитет состоит [из] десяти членов.
separately	Please bill us [separately].	Посчитайте нас [отдельно], пожалуйста.
morality	[Morality] is objective.	Мораль объективна.
listener	You're a good [listener].	Ты хороший [слушатель].
intensive	Tom is in [intensive] care.	Том в [интенсивной] терапии.
intervene	They won't [intervene].	Они не станут [вмешиваться].
epidemic	An [epidemic] disease broke out.	Вспыхнула [эпидемия].
hydrogen	[Hydrogen] is the lightest element.	[Водород] — самый лёгкий элемент.
emphasize	You should [emphasize] that fact.	Тебе стоит подчеркнуть этот факт.
agricultural	Brazil is a large [agricultural] country.	Бразилия — крупная [сельскохозяйственная] страна.
reasonably	Tom is looking for a [reasonably]-priced used car.	Фома разыскивает подержанную машину по [разумной] цене.
depict	What's [depicted] here?	Что здесь изображено?
stance	We can't agree with this [stance].	Мы не можем согласиться с этой [позицией].
synthetic	[Synthetic] materials usually burn well.	[Синтетические] материалы обычно хорошо горят.
polar	A long [polar] night lies ahead of us.	Впереди долгая [полярная] ночь.
duration	Gradually increase the [duration] of your workouts.	Постепенно увеличивайте [продолжительность] ваших тренировок.
compact	I'd like to rent a [compact] car.	Я хотел бы одолжить [компактную] машину.
parameter	So long as certain [parameters] are met.	До тех пор, пока соблюдены определенные условия.
electron	[Electrons] are in the atoms.	[Электроны] находятся в атомах.
circulate	Rumors of defeat were [circulating].	[Циркулировали] слухи о поражении.
interval	The trains leave at two-hour [intervals].	Поезда отходят с [интервалом] в два часа.
fatigue	It's probably just [fatigue].	Это, наверное, просто [усталость].
aluminum	Glass is cheaper than [aluminum].	Стекло дешевле [алюминия].
verbal	He's a master of [verbal] manipulation.	Он – мастер [словесной] манипуляции.
monopoly	[Monopolies] are bad.	[Монополии] — это плохо.
noisy	That street is very [noisy].	На той улице очень [шумно].
stabilize	We need to [stabilize] the pressure.	Надо [стабилизировать] давление.
degrade	It is [degrading] for her.	Это унижает её достоинство.
mutation	This disease is caused by a rare genetic [mutation].	Эта болезнь вызывается редкой генетической [мутацией].
curriculum	They have a very good [curriculum] at that university.	В этом университете очень хорошая [учебная] программа.
advertisement	I hate [advertisements].	Ненавижу [рекламу].
damp	Bring me a [damp] towel.	Принеси мне [влажное] полотенце.
emphasis	We should not place too much [emphasis] on money.	Мы не должны делать слишком большой [акцент] на деньгах.
reservoir	The [reservoir] is full of water.	[Водохранилище] заполнено водой.
enzyme	This [enzyme] is produced in the stomach.	Этот [фермент] вырабатывается в желудке.
adaptation	It's only a matter of [adaptation].	Это всего лишь вопрос [адаптации].
formally	I'd like to [formally] apologize.	Я бы хотел принести [официальные] извинения.
pest	Mice are a [pest].	Мыши — [вредители].
modification	I made some [modifications].	Я внёс некоторые [изменения].
emission	Industrial [emissions] cause air pollution.	Промышленные [выбросы] являются причиной загрязнения воздуха.
sneeze	Why do we [sneeze]?	Почему мы [чихаем]?
leisure	Read this book at your [leisure].	Почитай эту книгу на [досуге].
voluntary	That organization depends on [voluntary] contributions.	Эта организация зависит от [добровольных] пожертвований.
multiply	Shared joy [multiplies] itself.	Разделённая радость [умножается].
momentum	The [momentum] was gone.	[Импульс] пропал.
disadvantage	That's his only [disadvantage].	Это единственный его [недостаток].
historian	She's a [historian].	Она [историк].
influential	My parents are [influential] people.	Мои родители – [влиятельные] люди.
dense	Black holes are very [dense].	Черные дыры обладают высокой [плотностью].
attachment	[Attachment] isn't compassion.	[Привязанность] - это не сострадание.
indicator	All [indicators] are normal.	Все [показатели] в норме.
secondly	[Secondly], we must take steps to correct these errors.	[Во-вторых], мы должны предпринять шаги по исправлению этих ошибок.
uncertainty	Last year was a period of economic [uncertainty].	Последний год был периодом экономической [неопределённости].
accumulate	Elderly people [accumulate] quirks.	Старики обрастают причудами.
spontaneous	You aren't [spontaneous].	Вы не [спонтанны].
shareholder	Are you a [shareholder]?	Вы [акционер]?
competent	They are very [competent].	Они очень [компетентные].
consultation	They offer a free [consultation].	Они предлагают бесплатную [консультацию].
reproduce	Cancer cells [reproduce] quickly.	Раковые клетки быстро воспроизводятся.
detection	I'm testing whether the language [detection] works again.	Я проверяю, работает ли снова языковое распознавание.
deficit	We have a [deficit].	У нас [дефицит].
artifact	Looters stole ancient [artifacts] from the tomb.	Мародеры украли древние [артефакты] из гробницы.
presumably	The baby has [presumably] swallowed the pacifier.	Ребенок, [предположительно], проглотил соску.
inferior	He is [inferior] to me in learning.	Он уступает мне в учёбе.
graph	I don't understand this [graph].	Я не понимаю этот [график].
moreover	His house is small and [moreover] it's old.	У него очень маленький дом и, кроме [того], старый.
lever	Tom pulled a [lever].	Том потянул [рычаг].
scripture	Where is this mentioned in the [scriptures]?	Где об этом сказано в [писаниях]?
theoretical	The [theoretical] exam is tomorrow.	[Теоретический] экзамен завтра.
adjacent	Please carry the chair into the [adjacent] room.	Отнеси стул в [соседнюю] комнату, пожалуйста.
fringe	That's a [fringe] theory.	Это маргинальная теория.
assert	She [asserted] that she was right.	Она [утверждала], что права.
memorize	I'm [memorizing] the periodic table.	Я [запоминаю] таблицу Менделеева.
liter	This bottle holds one [liter].	Эта бутылка вмещает один [литр].
illustration	An [illustration] may make the point clear.	[Иллюстрация] может прояснить эту мысль.
similarity	The [similarities] end there.	[Сходство] на этом заканчивается.
mathematical	Einstein was a [mathematical] genius.	Эйнштейн был [математическим] гением.
indigenous	The [indigenous] population was oppressed.	[Коренное] население притеснялось.
sodium	Does iron react with [sodium]?	Железо реагирует с [натрием]?
overlap	[Overlap] can occur.	Может произойти наложение.
axis	The earth revolves on its [axis].	Земля вращается вокруг своей оси.
accord	His ideas [accord] with theirs.	Его идеи [согласуются] с их идеями.
dilemma	I understand your [dilemma].	Я понимаю вашу [дилемму].
adolescent	[Adolescents] often quarrel with their parents.	[Подростки] часто спорят со своими родителями.
diagram	I don't understand this [diagram].	Я не понимаю эту [диаграмму].
situate	My house is [situated] near the station.	Мой дом [располагается] рядом со станцией.
unify	He tried to [unify] the various groups.	Он попытался объединить различные группы.
diverse	The vigorous man is engaged in [diverse] activities.	Энергичный человек занимается [разнообразной] деятельностью.
correspondence	The secretary works on business [correspondence].	Деловой [перепиской] занимается секретарь.
widespread	That custom has become very [widespread].	Этот обычай получил [широкое] распространение.
capitalist	Down with [capitalist] slavery!	Долой [капиталистическое] рабство!
inflation	[Inflation] is down.	[Инфляция] снизилась.
thirst	Everyone [thirsts] for love.	Все [жаждут] любви.
algorithm	Then we can continue the [algorithm].	Тогда мы сможем продолжить [алгоритм].
aesthetic	Taste is an [aesthetic] conscience.	Вкус — это [эстетическая] совесть.
magnitude	He realized the [magnitude] of his crime.	Он осознал размеры своего преступления.
vocabulary	Your [vocabulary] is too small.	У тебя слишком малый [словарный] запас.
tourism	Will this affect [tourism]?	Повлияет ли это на [туризм]?
parcel	Click here to track your [parcel].	Кликните сюда, чтобы отследить [посылку].
whichever	Eat [whichever] one you like.	Ешь [какой] нравится.
fungus	This is nail [fungus].	Это [грибок] ногтя.
diameter	The [diameter] is about three centimeters.	[Диаметр] - около трёх сантиметров.
offspring	Parents can pass many diseases on to their [offspring].	Родители могут передать своему [потомству] множество заболеваний.
membrane	The eardrum is a thin, impermeable [membrane].	Барабанная перепонка – это тонкая и непроницаемая [мембрана].
historically	[Historically], it was inevitable.	Это было [исторически] неизбежно.
respectively	He and he love her and her, [respectively].	Он и он любят её и её [соответственно].
philosophical	That's a [philosophical] matter.	Это [философская] тема.
monetary	Interest rates will rise due to [monetary] tightening.	Процентные ставки повысятся из-за ужесточения монетарной политики.
processor	That computer has a quad-core [processor].	В этом компьютере — четырёхъядерный [процессор].
optical	This is an [optical] illusion.	Это [оптическая] иллюзия.
ion	Positive [ions] are called cations.	Положительный [ион] называется катионом.
verb	No [verb] in this sentence.	Это предложение без [глагола].
evident	It's self-[evident].	Это [очевидно].
simplify	This [simplifies] our task.	Это [упрощает] нашу задачу.
articulate	She was never particularly [articulate].	Она никогда не отличалась красноречием.
straightforward	This is a [straightforward] case.	Это [простой] случай.
explicit	Some implicit elements can be made [explicit].	Некоторые неявные детали могли бы быть более очевидными.
minimize	I [minimized] the window.	Я свернул окно.
phenomenal	This is [phenomenal].	Это [феноменально].
abdominal	That exercise is good for the [abdominal] muscles.	Это хорошее упражнение для мышц живота.
randomly	They are [randomly] selected.	Они выбираются [случайным] образом.
planner	Mary is a wedding [planner].	Мэри - организатор свадеб.
contradict	Science often [contradicts] common sense.	Наука часто [противоречит] здравому смыслу.
unclear	It's [unclear] what went wrong.	[Неясно], что пошло не так.
framework	The whole [framework] was made of iron.	Каркас был целиком сделан из железа.
informal	It was an [informal] meeting.	Это была [неформальная] встреча.
ideology	Why is [ideology] bad?	Чем плоха [идеология]?
mortality	The [mortality] rate has fallen.	Показатель [смертности] снизился.
horizontal	The stripes were [horizontal].	Полосы были [горизонтальными].
parental	Don't forget your [parental] duties.	Не забывайте о своих [родительских] обязанностях.
accurately	I don't remember my grandmother's face [accurately].	Я не [точно] помню лицо своей бабушки.
stimulus	He doesn't respond to the [stimulus].	Он не реагирует на [раздражители].
manipulation	He's a master of verbal [manipulation].	Он – мастер словесной [манипуляции].
usage	Please give an example of [usage].	Приведите, пожалуйста, пример [использования].
stereotype	Let's break [stereotypes]!	Давайте ломать [стереотипы]!
censor	My article was [censored].	Мою статью подвергли [цензуре].
calcium	Milk is a good source of [calcium].	Молоко — хороший источник [кальция].
reproduction	[Reproduction] does not interest me.	[Размножение] меня не интересует.
flexibility	Tom lacks [flexibility].	Тому недостаёт [гибкости].
algebra	[Algebra] is my favorite subject.	[Алгебра] — мой любимый предмет.
occurrence	This is a daily [occurrence].	Это происходит каждый день.
symbolic	There's something [symbolic] about it.	В этом есть что-то [символическое].
infinity	Is [infinity] a real number?	[Бесконечность] - реальное число?
neural	Tom is an expert on [neural] networks.	Том — специалист по нейросетям.
bracket	Open the [brackets] in the equation.	Раскройте [скобки] в уравнении.
photographic	She has a [photographic] memory.	У неё [фотографическая] память.
bore	Please stop [boring] us.	Пожалуйста, перестань нам [надоедать].
capitalism	Down with [capitalism]!	Долой [капитализм]!
hypothesis	These facts support my [hypothesis].	Эти факты поддерживают мою [гипотезу].
readily	She'll [readily] help you.	Она [охотно] вам поможет.
availability	Contact us to check [availability].	Свяжитесь с нами, чтобы проверить [наличие].
likelihood	Is there any [likelihood] of his coming?	Есть ли [вероятность] того, что он придёт?
diagnostic	What's your [diagnostic]?	Какой у тебя диагноз?
resistant	They are cold-[resistant].	Они [устойчивы] к холоду.
nutrient	Fresh vegetables contain many [nutrients].	В свежих овощах содержится много [питательных] веществ.
marrow	She loves bone [marrow].	Она любит [костный] мозг.
appendix	She had her [appendix] removed.	Ей вырезали [аппендицит].
complement	You [complement] me.	Ты меня [дополняешь].
consequently	The truth is opaque and [consequently] imperceptible.	Истина прозрачна и потому незаметна.
selective	Memory is always [selective].	Память всегда [избирательна].
dramatically	The dollar exchange rate has increased [dramatically].	Курс доллара [резко] вырос.
mobility	The team lacked [mobility].	Команде не хватало [подвижности].
sufficiently	I hope you're all [sufficiently] rested.	Я надеюсь, вы все вдоволь отдохнули.
premise	I understand the [premise].	Я понимаю посыл.
dialect	This [dialect] is very interesting.	Этот [диалект] очень интересный.
critique	His [critique] was totally inappropriate.	Его критика была совершенно неуместна.
contradiction	I see no [contradiction] here.	Не вижу здесь [противоречия].
maternal	This is his [maternal] grandfather.	Это его дед по [материнской] линии.
migrate	I wonder why birds [migrate].	Интересно, почему птицы мигрируют.
binary	Computers use the [binary] number system.	Компьютеры используют [двоичную] систему счисления.
infectious	It's an [infectious] disease.	Это [инфекционное] заболевание.
upward	The kite went [upward].	Воздушный змей взмыл ввысь.
justification	I need no [justification] for my actions.	Я не нуждаюсь в [оправдании] своих поступков.
derivative	The [derivative] of a constant function is always zero.	[Производная] постоянной функции всегда равна нулю.
trivial	That is a [trivial] problem.	Это [тривиальная] проблема.
evolutionary	Darwin developed the [evolutionary] theory.	Дарвин развил теорию эволюции.
replicate	The artist [replicates] paintings.	Этот художник пишет репродукции с картин.
implementation	I oppose the [implementation] of this project.	Я против [реализации] этого проекта.
genetically	I'm a [genetically] modified organism.	Я [генетически] модифицированный организм.
emit	Lightbulbs [emit] heat.	Лампочки излучают тепло.
maximize	I minimized the document and then [maximized] it again.	Я свернул документ, а потом снова раскрыл его.
integral	Death is an [integral] part of life.	Смерть - это [неотъемлемая] часть жизни.
approximate	What's their [approximate] worth?	Какова их [приблизительная] стоимость?
neuron	[Neurons] are cells.	[Нейроны] - это клетки.
analogy	I don't understand the [analogy].	Я не понимаю [аналогии].
arbitrary	We can't tolerate such an [arbitrary] act.	Мы не можем терпеть такой произвол.
problematic	This could prove [problematic].	Это может оказаться [проблематичным].
effectiveness	Don't doubt the [effectiveness] of this medicine.	Не сомневайтесь в [эффективности] этого лекарства.
comparable	As you know, life is [comparable] to a voyage.	Как вы знаете, жизнь можно сравнить с путешествием.
dissertation	His [dissertation] is better than mine.	Его [диссертация] лучше моей.
metabolism	Diabetes is a disorder of the [metabolism].	Диабет — это нарушение обмена [веществ].
singular	A noun can be [singular] or plural.	Существительное может быть в [единственном] или множественном числе.
subjective	Some say that art is [subjective].	Некоторые говорят, что искусство [субъективно].
paradox	This is the [paradox].	В этом-то и [парадокс].
nitrogen	The air mainly consists of oxygen and [nitrogen].	Воздух состоит в основном из [азота] и кислорода.
dioxide	Carbon [dioxide] sometimes harms people.	Углекислый газ иногда наносит людям вред.
niche	It's a [niche] product.	Это [нишевой] товар.
plausible	It's a [plausible] story.	Это [правдоподобная] история.
calculator	Can we use [calculators]?	Можно пользоваться [калькуляторами]?
friction	[Friction] causes a match to light.	[Трение] заставляет спичку зажечься.
economist	Some [economists] think so.	Некоторые [экономисты] так считают.
lecturer	Don't you just hate disorganized [lecturers]?	Вас не напрягают рассеянные [лекторы]?
expenditure	Klava cuts her [expenditures].	Клава сокращает [расходы].
critically	She eyed me [critically].	Она критично оглядела меня.
potassium	We have [potassium] in our bodies.	В нашем теле содержится [калий].
syllable	This word has three [syllables].	В этом [слове] три слога.
antibody	[Antibodies] fight off infections and viruses.	[Антитела] борются с инфекциями и вирусами.
susceptible	She's very [susceptible] to hypnotic suggestion.	Она очень чувствительна к гипнотическому воздействию.
anthropology	This book deals with [anthropology].	Эта книга посвящена [антропологии].
partition	This [partition] separates the two rooms.	Эти две комнаты отделены [перегородкой].
nucleus	Red blood cells have no [nucleus].	У красных кровяных телец нет [ядра].
firstly	[Firstly], let me congratulate you.	[Во-первых], позвольте мне вас поздравить.
correlation	Quantum [correlation] transcends spacetime.	Квантовая [корреляция] выходит за рамки пространства-времени.
allocate	We cannot [allocate] money for it.	Мы не можем выделить на это деньги.
biologist	She's a [biologist].	Она [биолог].
differentiate	I can't [differentiate] virtue from vice.	Я не могу отличить добродетель от порока.
indirect	Taxes consist of direct taxes and [indirect] ones.	Налоги делятся на прямые и непрямые.
conserve	Tom must [conserve] his strength.	Том должен [беречь] свою силу.
fundamentally	This is [fundamentally] unfair.	Это в [корне] несправедливо.
dilute	The milk was [diluted] with water.	Молоко было разбавлено водой.
hierarchy	Japanese companies emphasize [hierarchy].	Японские компании придают особое значение [иерархии].
vegetation	The [vegetation] was thick and lush.	[Растительность] была густой и пышной.
noun	Generally, [nouns] need an article.	[Существительные], как правило, употребляются с артиклями.
hepatitis	Tom was diagnosed with autoimmune [hepatitis].	У Тома обнаружили аутоиммунный [гепатит].
socialize	I don't like [socializing].	Я не люблю [общаться].
uplift	Adding up numbers is very [uplifting].	Прибавление чисел очень [поднимает] настроение.
yeast	This is [yeast].	Это [дрожжи].
rhetoric	This argument is pure [rhetoric].	Этот аргумент - чистая [риторика].
onset	This looks like the [onset] of dementia.	Это похоже на [начало] деменции.
vowel	This is a [vowel].	Это [гласная].
autonomy	The protestors are demanding [autonomy].	Участники митинга требуют [автономии].
economically	She is [economically] independent of her parents.	Она [экономически] независима от своих родителей.
coherent	Don't expect a [coherent] answer.	Не жди вразумительного ответа.
sustainable	He is an expert in [sustainable] development.	Он эксперт в области [устойчивого] развития.
irrigation	Sami's body was found in the [irrigation] canal.	Тело Сами было найдено в оросительном канале.
cortex	The cerebral [cortex] is made up of gray matter.	[Кора] головного мозга состоит из серого вещества.
initiation	Many sects have [initiation] rituals for new members.	Во многих сектах есть ритуал [посвящения] новых участников.
millimeter	Three hundred [millimeters] of rain fell overnight.	За ночь выпало триста [миллиметров] осадков.
standardize	The scores are [standardized].	Оценки нормированы.
converge	Our interest [converges] on that point.	На этот счет наши интересы сходятся.
wavelength	We're on the same [wavelength].	Мы на одной [волне].
flux	Fluence is the time integral of [flux].	Флюенс - это интеграл по времени от [потока].
confound	His strange habit [confounded] them.	Его странная привычка ставила их в тупик.
chemotherapy	Tom lost his hair because of the [chemotherapy].	Том лишился волос из-за [химиотерапии].
displacement	[Displacements] should be kept to a strict minimum.	Перемещения должны быть сведены к строгому минимуму.
comprehension	That was beyond my [comprehension].	Это было выше моего [понимания].
affirm	I [affirmed] that he was innocent.	Я подтвердил, что он невиновен.
induction	[Induction] cooktops use magnets.	В [индукционных] варочных панелях используются магниты.
elastic	This material isn't [elastic] enough.	Этот материал недостаточно [эластичный].
finite	Converging series of numbers are [finite].	Сходящиеся числовые ряды [конечны].
competence	I'm not questioning your [competence].	Я не ставлю под вопрос вашу компетенцию.
variant	There's one more [variant].	Есть ещё [вариант].
inhibition	The music will help you lose your [inhibitions].	Музыка поможет тебе преодолеть свою [скованность].
questionnaire	Fill out the [questionnaire].	Заполните [анкету].
calculus	Learning [calculus] requires a lot of practice.	Изучение исчисления требует много практики.
quotation	I must know where these [quotations] originate.	Я должен знать источник этих [цитат].
antiquity	Rivers are the roads of [antiquity].	Реки — дороги [древности].
spatial	She has no [spatial] awareness.	У неё нет [пространственного] воображения.
optimal	Finding an [optimal] solution isn't trivial.	Найти [оптимальное] решение непросто.
amino	[Amino] acids are the building blocks of proteins.	[Аминокислоты] — структурные элементы белков.
thickness	These copybooks are the same [thickness].	Эти тетради одинаковой [толщины].
novice	I'm a [novice] at this kind of work.	В этой работе я [новичок].
invert	Through the lens the image was [inverted].	Изображение было перевёрнуто через объектив.
plural	It is [plural].	Это [множественное] число.
comma	This text has no [commas].	В этом тексте нет [запятых].
summarize	Let me [summarize] what I said.	Позвольте подытожить сказанное мной.
ecological	It's an [ecological] disaster.	Это [экологическое] бедствие.
handout	Take the [handouts].	Возьмите [раздаточные] материалы.
proton	[Protons] are made up of quarks.	[Протоны] состоят из кварков.
theorem	The [theorem] is incorrect.	[Теорема] неверна.
predominantly	The audience was [predominantly] female.	Аудитория была по большей части женская.
solvent	Do you use a [solvent]?	Вы используете [растворитель]?
rainfall	The [rainfall] was very heavy.	Дождь был очень сильным.
transcription	That [transcription] is wrong.	Эта [транскрипция] неправильная.
denote	The prison perimeter is [denoted] by a large fence.	Периметр тюрьмы обнесён большим забором.
terminology	Each science has its own [terminology].	В каждой науке есть своя [терминология].
faithfully	He served his king [faithfully].	Он [верно] служил своему королю.
nationalism	You can't equate [nationalism] with fascism.	Нельзя отождествлять [национализм] с фашизмом.
enormously	I've always admired you [enormously].	Я всегда испытывал по отношению к вам огромное восхищение.
innate	Generosity is [innate] in some people.	У некоторых людей [врождённая] щедрость.
stair	She ran up the [stairs].	Она взбежала по [ступенькам].
indifference	I look at death with [indifference].	Я смотрю на смерть с [безразличием].
linguistic	This book isn't about [linguistics].	Эта книга не о лингвистике.
ecology	I asked him many questions about [ecology].	Я задал ему много вопросов об [экологии].
chloride	Silver [chloride] is not completely water-soluble.	[Хлорид] серебра не полностью растворим в воде.
empirical	[Empirical] data is based solely on observation.	[Эмпирические] данные основаны исключительно на наблюдении.
substitution	No one will notice the [substitution].	Подмены никто не [заметит].
regression	Stagnation means [regression].	Застой ведёт к упадку.
subtract	[Subtract] three from that number.	Вычти три из этого числа.
periodic	Do you know the [periodic] table?	Ты знаешь таблицу Менделеева?
demonstrator	The [demonstrators] gathered in the square.	[Демонстранты] собрались на площади.
transparency	The time for [transparency] has come.	Пришло время [прозрачности].
broadly	She smiled [broadly] at me.	Она мне [широко] улыбнулась.
contradictory	Wouldn't that be a bit [contradictory]?	Не будет ли это несколько [противоречиво]?
footnote	The [footnotes] are at the bottom of the page.	[Сноски] находятся в нижней части страницы.
turbulent	These are [turbulent] times.	Неспокойные нынче времена.
splice	Word [splicing] is funny.	Вордмикс — это забавно.
bound	Where's this train [bound] for?	Куда идёт этот поезд?
pragmatic	It is a very [pragmatic] culture.	Это культура, пронизанная прагматизмом.
estimation	In my [estimation], he is an honest man.	По моему мнению, он честный человек.
litter	[Littering] is prohibited.	[Мусорить] запрещено.
precipitation	There is a high chance of [precipitation].	Существует большая вероятность выпадения [осадков].
accumulation	Clouds are [accumulations] of water vapor.	Облака — это скопления водяного пара.
constrain	I am [constrained] by lack of time.	Я скован недостатком времени.
bilingual	This is a [bilingual] channel.	Это [двуязычный] канал.
linguistics	This book is not about [linguistics].	Эта книга не о [лингвистике].
syntax	There are so many [syntax] errors...	Здесь так много [синтаксических] ошибок...
repertoire	Tom is in his [repertoire].	Том в своём [репертуаре]!
generalize	You can never [generalize].	Никогда нельзя [обобщать].
connotation	This word has a negative [connotation].	Это слово имеет негативную [коннотацию].
implicit	Some [implicit] elements can be made explicit.	Некоторые [неявные] детали могли бы быть более очевидными.
globalization	Not everybody agrees that [globalization] is progress.	Не все считают [глобализацию] прогрессивной.
secrete	The adrenal glands [secrete] adrenalin.	Надпочечные железы [выделяют] адреналин.
consonant	What is your favorite [consonant]?	Какая у тебя любимая [согласная]?
generalization	Every [generalization] is dangerous, especially this one.	Всякое [обобщение] опасно, особенно такое.
acidic	Heaths thrive in [acidic] soils.	Вереск хорошо растёт на кислых почвах.
soluble	Sugar is [soluble] in water.	Сахар [растворим] в воде.
morphology	[Morphology] studies the structure of words.	[Морфология] изучает структуру слов.
elasticity	This material lacks [elasticity].	Этот материал недостаточно эластичный.
grammatical	There's a [grammatical] mistake in that clause.	В этом предложении есть [грамматическая] ошибка.
approximation	It's only an [approximation].	Это только [приближение].
longitudinal	Sound propagates via [longitudinal] waves.	Звук распространяется в виде [продольных] волн.
parenthesis	Put the word in [parentheses].	Заключите слово в [скобки].
cyclic	Life's nature is [cyclic].	Природа жизни циклична.
unintelligible	He muttered something [unintelligible].	Он пробормотал что-то [невнятное].
nonlinear	The narrative is [nonlinear].	Повествование [нелинейно].
communicative	I'm not a very [communicative] person.	Я не очень общительный человек.
equivalence	What does translation [equivalence] involve?	Что включает в себя эквивалентный перевод?
congruent	I'm a [congruent] man.	Я [конгруэнтный] человек.
descendent	Dogs are [descendents] of wolves.	Собаки - [потомки] волков.
