of	in for on with at like from out about up by over
in	of for on with at like from out about up by over
that	this we me my your his she her who him them our
for	on in of with at like from out about up by over
on	for in with of at like from out about up by over
do	finish exaggerate induce interpret implement conduct serve help terminate motivate determine decide
this	we me that my what your his she her who him them
we	this me my what that your his she her who him them
with	on for in of at like from out about up by over
get	burn thrive regain dissolve conceive expire awaken retrieve integrate inherit render isolate
me	my what your we this that his she her who him them
my	what me your we this that his she her who him them
what	your my me we this his she her who him them our
your	what my me we this that his she her who him them
but	as if or because than while since until though whether unless although
all	no more some any much most every many such both enough each
will	can would may should must might could ought
at	like with from out on about for up in by of over
go	swim walk accompany zoom roam whine swap scramble descend drift retreat wander
as	but if or because than while since until though whether unless although
can	will would may should must might shall could ought
so	far why loud badly easily early fast quietly quickly hardly lightly well
just	awhile ago maybe necessarily sometimes instead then naturally ahead luckily barely why
no	all more some any much most every many such both enough each
know	anticipate recognize realize suppose do permit happen pretend want assume require punish
like	from out about up at by with on for in of over
back	forward forth soon then home safely later shortly anytime inside upstairs someday
from	like out about up by at with on for in of over
if	or as but because than while since until though whether although till
one	first two second three four third five half million six ten seven
out	about up from by like at with on for in of over
about	up out from like at with on for in of over into
up	about by out from like at with on for in of over
there	here nearby everywhere else nowhere luckily somewhere absolutely only precisely formerly privately
by	up out from like at with on for in of over into
or	if as but because than while since until though whether unless although
his	she her who your them what my me we our this that
say	guess condemn plead predict testify advise quote propose cast express argue swear
she	his her who him them your what my our me we this
make	change realize scrape organize generate amend chop construct exaggerate provoke modify incorporate
come	greet occur travel reach move happen go bid descend swing congratulate zoom
see	suffer undergo perceive tolerate appreciate die sustain smell receive touch catch listen
first	one two second three four third five half million six ten seven
her	who she his him them our us your what my me their
want	crave seek wish miss hope care buy specify stay sell pursue terminate
when	teenager kid ring orphan elbow telephone helmet shock teen jaw gauge college
time	period day spell moment bit case minute daylight peak week overtime tide
who	her him she his them our us their your what my me
how	far possibly often exactly effectively properly regardless roughly correctly approximately badly precisely
now	right legally then halfway originally officially better otherwise differently rather home ago
here	there somewhere far only someplace ago tomorrow why yesterday today early tonight
take	act use offer finish cope hurry anticipate proceed sneak repay interact prosecute
think	trust deem presume identify assume appreciate include relate approve attribute assess calculate
right	now away partly absolutely technically hopefully equally then freely quite perhaps maybe
him	them who her our she us their other these your what my
look	peep peek crawl admire regard confuse lean tend stand specify underlie hum
would	may can will should must might shall could ought
good	evil bad naughty lousy worthless rotten bare painful ugly negative awful sad
more	some any no much all most every many such both enough each
some	more any no much all most every many such both enough each
them	our him us who her their she his other these which something
well	badly fairly very quite overall perfectly pretty surprisingly relatively particularly so regardless
may	would should can will must might shall could ought
need	compel cost buy figure lend stay measure prove specify underlie hum terminate
people	population country generation group nation lobby name world enemy class labor royalty
man	woman bachelor officer gentleman commander soul beard sir ape adult boy hunter
our	us them him their who her other these she his which something
work	succeed volunteer grind cooperate occupy assist dig serve achieve accomplish manage rotate
give	equip feed compensate accommodate satisfy infect sustain appoint assign invest repair spend
thing	sort action kind situation teacher concept interaction kindness opposition achievement employment execution
tell	intend edit threaten express suggest thank mean communicate reinforce manifest exaggerate deceive
us	our their them him other these who which her something she his
why	so instead here sometime always someplace early precisely newly upside yesterday directly
where	exactly supposedly usually originally precisely downtown regardless freely now increasingly far nearby
then	back thoroughly afterwards now straight gently suddenly ahead slowly right aside again
year	period reign season festival term month decade blossom Christmas era time tour
way	road tool route path salvation trend instrument setup lifestyle signature property practice
over	into down off after before by up about out from like at
day	holiday anniversary Halloween time date hour minute period Wednesday spell moment bit
their	us other our these them which something him who her those she
only	once also briefly halfway here slightly perhaps partly typically strictly twice altogether
really	forward well tight fast loud today now anyway honestly tonight anymore lately
new	old used antique tired yellow opening app industrial pleased merry environmental monthly
two	second first one three four third five half million six ten seven
any	much some more no most all every many such both enough each
call	communicate inform ask express convey nod greet impose speak write pay talk
very	well seriously indeed carefully quickly closely often fast slowly badly strongly nicely
too	far tight fast seriously loud early perhaps badly quickly unfortunately sometimes literally
because	than or if as but while since until though whether unless till
hand	fist groom finger shepherd cowboy miner foot clerk peasant woman hip face
other	these which their something us our those them him who her she
into	down off after over before around through by up about out from
down	into off after over before around through by up about out from
than	because or if as but while since until though whether unless although
these	other which something their us those our them him who her she
never	ever always again almost anywhere actually abroad truly back fully honestly even
much	any some more most every no all such both enough each few
love	adore prefer fall crave unite conquer confess preach declare hate express fry
head	creature neck chest toe limb ego unconscious shoulder knowledge tail face heel
which	something these other those their us our them him who her she
off	after down into before over around through by up about out from
should	may would can will might shall could
something	which these other those their us our them him who her she
let	agree drag endorse sign stimulate induce react respond refuse explode greet decline
second	two three first one four third five half million six ten seven
after	off before down into over around through up about out from like
life	experience existence reality eternity being possibility presence world meaning reminder goal death
try	figure conceive decide act attribute assess anticipate reckon calculate assign reject approve
even	sometimes occasionally barely relatively properly anymore slightly correctly somehow apart anyway never
great	tiny small average lesser atomic petty slim everyday ordinary little outdoor potential
little	big old super heroic elderly epic tremendous extensive enormous vast massive ancient
help	relieve fix accomplish induce enhance educate polish execute repair attend do tend
talk	convey nod greet impose inform express write pay ask negotiate consult advise
before	after off down into around through over by up about out from
still	technically probably downstairs largely sometimes fully someday fortunately perfectly there occasionally outside
guy	man type monsieur bachelor ham bull gentleman dude sir boy idol adult
long	short brief valid last little blond underwater deceased shiny silent awake relevant
keep	collect act interrupt manifest reserve deny try wait flirt manage respond repay
face	mug stain scar appearance chest beauty image head hand breast neck member
those	something which these other their us our another them anything nothing him
home	safely early back rather straight soon usually today yesterday tonight rarely afterwards
feel	congratulate derive perceive entertain regret suffer touch smell receive catch lose listen
oh	please yes yeah hey okay thanks sorry hi hello welcome wow bye
last	opening upcoming maiden instant immediate initial prime basic original long secondary drunk
find	acquire get win hire earn retrieve perceive inherit isolate obtain recover borrow
show	educate communicate reveal threaten nod reinforce exaggerate disclose deceive interpret reflect expose
play	dice act compete bet seek renew forge continue engage repay interact prosecute
put	intend thank mean highlight aim represent appreciate pack inject deploy modify coordinate
win	acquire steal get find accept regain retrieve inherit isolate obtain recover borrow
start	leave run abandon quit flee dedicate escape sob yell cry scratch scream
mean	ask appreciate put tell highlight disclose expose indicate reveal repeat transmit betray
please	yes oh yeah hey okay thanks sorry hi hello welcome wow bye
sure	infinite upcoming ready correct safe steady secure appropriate temporary grateful reasonable sincere
place	grave top sanctuary tomb summit zone target pitch layer point origin knowledge
better	badly slightly maybe significantly perhaps hopefully now necessarily otherwise definitely else today
big	small tiny little lesser atomic mild petty slim gentle hairy productive Asian
yes	please yeah oh hey okay thanks sorry hi hello welcome wow bye
use	exploit recycle waste implement consume devote dedicate commit enjoy share take swallow
name	brand nickname title fame reputation folk honor signature label people autograph word
ask	dare intend mean thank plead pretend expect highlight nod pay prohibit provoke
old	young new little fresh revolutionary teenage radical tender junior recent strange small
happen	repeat come appear predict anticipate prevent expect blame warn pretend explain guarantee
around	through before after off down into over without under by up about
water	ocean stream lake sea salt substance soap rain river canal pond brook
through	around before after off down into over without under by up about
yeah	yes please oh hey okay thanks sorry hi hello welcome wow bye
father	mother priest preacher dad parent ancestor sibling bishop mom relative grandfather cousin
eye	ear nose attention wisdom organ caution logic remark stomach heart memory discrimination
again	never ever once sometime hopefully forward someday probably later tomorrow then anytime
run	escape zoom leave start cover dwell depart occupy stretch abandon attend quit
also	only physically merely apart honestly mostly course especially however extremely online sometimes
always	never almost nicely halfway however regardless why backwards ahead so early right
most	every many such both much any enough some more each few no
woman	widow man beauty girl adult mother lady nurse siren mistress dame madam
night	dawn period daylight morning hour shift tour autumn evening blossom overtime honeymoon
live	stretch extend attend belong fill cover lie sit run underlie invade overlook
world	nature experience class people market elite population life barrier reminder country satellite
son	daughter heir god grandson grandchild child nephew baby creator maker lord infant
stop	forbid withdraw retire prevent embarrass frustrate avoid cross disappoint ruin undo betray
mother	father mom woman parent widow granny girl wife dad nurse girlfriend lady
friend	buddy fellow roommate brother relative enemy soul lover associate comrade companion person
every	many most such both much enough any few some more no all
god	creator lord maker devil belief guide angel messenger faith prophet soul son
three	second two first one four third five half million six ten seven
wait	hesitate postpone act keep finish hurry repay interact prosecute cope descend presume
own	fake comic others internal unique ethnic worst independent conscious responsible valuable mere
must	might may would can will shall could ought
many	every most such both enough each any few some more no all
house	residence mansion palace cabin building cottage villa neighborhood publisher dealer corporation business
hear	investigate perceive explore listen consult smell receive touch catch feel see sniff
ever	never hardly again happily rarely anymore actually only highly abroad nowadays truly
best	worst lousy naughty rotten painful negative awful sad terrible worse bad Brazilian
thank	ask put tell highlight betray inform disclose expose indicate reveal repeat translate
lot	park flood party conspiracy site field desert patch plot yard square range
white	black red yellow blue pink classic brown green pure stiff initial invisible
move	jump dance step push retire shake lift zoom roam whine expel elevate
kill	shoot strangle deny dissolve erase resolve conclude eliminate execute fry settle decide
another	anything nothing everything someone those something which these their us our them
same	different opposite distinct contrary various exact secondary similar multiple complex elementary previous
anything	another nothing everything someone those which these other their us our them
change	undergo adapt affect accommodate inform convert evolve enable adjust increase make melt
away	right straight newly sadly slowly roughly ago quietly quickly immediately therefore gently
money	fund pile cash bundle currency dough bread sugar bill budget pork species
nothing	anything another everything someone those something which these other their us our
believe	deem presume embrace identify assume recognize appreciate imagine suppose include guess attribute
girl	doll scout boy blonde woman gal dame maid babe chick bird baby
while	since than because or if though as but whether unless although till
black	white classic shiny gray elegant brown formal yellow blue red green Asian
wife	husband mistress lover partner lady girlfriend beauty nurse man cousin child siren
hold	steer operate manage handle grasp preserve continue administer coordinate organize conduct tend
leave	depart render quit run start get modify flee alter change prepare decide
school	education building tech academy university institution college acquisition architecture ministry temple theater
game	competition poker chess championship fun hockey distraction sport basketball quest contest activity
bring	change modify haul alter create make boil amend accelerate weaken provoke elevate
might	must should may would can will shall ought
part	rest detail bulb hub fragment segment substance waist basis strip element item
next	distant previous past presidential eligible careful due Olympic crucial likely impossible convenient
brother	sister twin nephew friend uncle member pledge commissioner associate authority comrade roommate
end	goal tail beginning victory destination result conclusion limit failure episode independence triumph
family	unit marriage couple clan stamp sex collection side institution den outfit squad
found	undertake activate arrange introduce open lay provoke motivate determine dispose induce accomplish
such	both enough many every each most few much any some more least
maybe	sometime someday later better somewhere properly else exactly together just instead anytime
turn	unlock recover unite absorb starve drown heal fry spin change move strangle
care	tend mourn want suffer hope crave seek lose miss endorse encourage promote
state	commonwealth government empire separation existence country territory action department freedom city emergency
week	overtime period rag blossom hour shift time season festival month day session
kid	leather orphan peanut monkey adult grain crush terror author writer sand teen
both	such enough each many few every most much any some more least
high	low lower humble depressed junior standard senior mighty corporate initial content educational
everything	someone nothing anything another those something yourself which these other their us
since	while than because though or if as but whether unless although till
someone	everything nothing anything another those yourself which these other everyone their us
pay	afford ask convey nod greet impose consume restore invest inform express speak
without	under between against through around before after off down into over during
job	employment creation trade teaching duty photography profession craft career sport post farm
point	meaning ingredient component factor element significance import origin root corner spot source
watch	analyze examine study inspect diagnose investigate compare explore consult hear repair wrestle
child	orphan adult infant grandchild peanut babe terror monkey peer daughter slave soul
understand	penetrate perceive interpret lick solve appreciate read extract answer pretend mean explain
car	compartment carriage stall engine taxi truck ambulance vehicle heap jeep cab motorcycle
real	legendary fabulous silly virtual fake quick competitive complex potential cute negative excited
kind	manner flavor description brand style model type category thing breed version concept
read	write communicate hum yell scream discuss advise sign inform convey nod greet
minute	time hour day spell period stage deadline phase ending beginning month end
meet	celebrate cross visit arrange remember demand greet agree suppose deny discuss recognize
problem	difficulty puzzle riddle sticker question handicap pickle pinch strain killer mess situation
bad	good keen mild acceptable gentle swell solid comfortable best due cold bald
far	too so thus apart how ahead downtown here indeed very especially pretty
number	square amount record quantity factor zero minority majority performance cube cardinal score
stay	want need specify underlie hum terminate decorate disagree consist confuse stink lend
die	strangle fall freeze thrive dissolve conceive awaken integrate boil react decline concentrate
under	without between against through around before after off during down into over
enough	each few both such many every most least much any some more
case	clip circumstance time fire emergency adoption appeal experience trouble safety prosecution death
hour	midnight dawn noon morning overtime sunrise sunset daylight peak tide period day
red	gray white bright black giant swell pale male others beautiful super deep
boy	scout girl man cub lad adult baby boyfriend child orphan monsieur bachelor
close	distant remote due blind inner opening stray domestic convenient solar app Olympic
open	shut unlock found fall thrive dissolve conceive expire awaken integrate boil react
hey	okay thanks sorry yeah yes please oh hi hello welcome wow bye
set	inject nominate assess deploy dial coordinate elect adopt aim slip bury identify
today	sometime early awfully yesterday anywhere home tomorrow better here especially definitely rather
hope	want care crave intend seek miss regret aim propose win resolve cheer
foot	bottom inch palm toe yard mile depth hand finger rod nail league
mind	memory decision knowledge determination conclusion sentiment opinion idea ego unconscious belief pole
okay	thanks hey sorry yeah yes please oh hi hello welcome wow bye
remember	refresh distinguish confuse define flush meet lock bury happen claim sweep repeat
each	few enough both such many most least much any less some more
business	venture finance firm industry trade activity career investment building post advertising storage
hard	soft easy simple elementary external sheer upcoming modest successful final frozen Japanese
thanks	okay sorry hey yeah yes please oh hi hello welcome wow bye
course	effectively online accidentally nowadays also instead right well then completely usually quite
cause	factor risk reform venture producer origin accident damage trouble experiment danger task
become	freeze calm improve thrive dissolve conceive expire awaken integrate arise boil react
few	each enough both such many every most least much less any either
nice	lousy filthy nasty awful dirty super sudden polite sunny warm soft flat
seem	crawl confuse compare specify underlie hum terminate decorate disagree consist stink lend
word	form loan meaning context term root hybrid update definition information info statement
between	against under without during through around before after off along down into
until	though than because or if as but whether unless although till nor
question	subject sentence topic problem puzzle examination theme interview challenge request riddle sticker
sorry	thanks okay hey yeah yes please oh hi hello welcome wow bye
plan	idea project budget drawing guideline regime trap schedule thought arrangement organization sketch
order	command peace state stability harmony status size amount request activity proposal beef
book	publication notebook edition novel text collection bible magazine album production product fact
team	defense unit league club den household outfit troop gang crew side family
room	locker corner bedroom hall kitchen toilet bathroom library closet surgery compartment lounge
send	commit convey upload fetch transmit communicate submit download release move retrieve deliver
break	shatter grind decide injure dissolve blend chew resolve conclude explode divide split
against	between under without during through around along before after down into over
line	file guideline shaft graduation rank row formation column flank flight indication arrangement
yet	apparently fully officially actually obviously probably however perhaps quite properly exactly home
once	twice only again otherwise regularly carefully apart recently better together simply truly
matter	concern area interest opinion involvement perception universe goal enthusiasm fluid deposit territory
miss	neglect overlook fail want crave seek wish hope care hurry aim swing
month	December February January November August July April September June March period October
idea	concept suggestion plan opinion purpose sentiment intention mind notion inspiration substance belief
already	halfway fairly twice practically elsewhere unfortunately however possibly surely home apparently probably
bed	couch wardrobe patch plot garden depression lamp furniture sofa sink table grove
company	headquarters affiliate tech establishment institution friendship organization cavalry artillery battalion regiment squad
buy	afford compensate repay repair spend consume restore acquire invest give get spare
wrong	correct honorable precise accurate appropriate exact oops plain positive obvious awkward naked
whole	raw utter mere single sore silent wide individual severe nuclear conservative standard
together	sometime often happily closely afterwards maybe apart perhaps rarely forever frequently sometimes
daughter	son child grandchild baby niece grandson infant babe widow boy wife cousin
party	wedding coalition dinner organization reunion reception mask lot circle band engagement host
check	analyze examine study inspect diagnose scan investigate confirm compare poke demonstrate explore
city	district country state moron independence department council turkey territory center province reservation
story	fiction mystery myth plot legend novel cellar basement structure building message fantasy
sister	brother niece aunt nun member twin pledge commissioner nephew associate cousin friend
actually	quite incredibly never pretty fairly ever however simply yet instead right very
stand	remain figure lean look confuse lend specify underlie hum terminate decorate disagree
free	app limited willing nuclear individual direct valuable fair united social public wild
hit	throw ram launch touch toss swing kiss move send raise pull expel
fine	unacceptable thick fat valid illegal pleasant current red fair guilty own sure
write	convey express read dictate inform speak nod greet impose pay ask talk
different	identical same usual chronic cultural genetic similar parallel artistic Brazilian Swedish individual
baby	goat adult shark monitor girl mouse twin boy soul person lion daughter
person	type sort self shooter leader investigator partner shape contestant acquaintance ruler gem
country	turkey ally state north union people city territory population homeland kingdom town
else	somewhere someplace anywhere nowhere eventually rather there entirely maybe apart better perhaps
deal	plea flood agreement trade rental commerce traffic struggle conspiracy settlement action industry
side	mansion area region unit family den palm household waist outfit squad troop
young	old elderly advanced ancient senior gray elder handsome attractive ambitious charming talented
speak	convey write nod greet impose inform express pay ask negotiate consult advise
later	soon back perhaps maybe entirely rather again however now today tonight instead
fight	bother gamble endure invade wrestle surround act continue keep volunteer manage repay
four	third five half million three six second two first one ten seven
blue	gray southern blond white deep dark pale black bright Brazilian pure electric
listen	comply intercept oblige perceive adapt adjust hear smell receive touch catch feel
fall	freeze wake die open relax thrive dissolve conceive expire awaken integrate boil
husband	wife lover mistress partner widow relative relation aunt father groom bride sister
third	four five half million six three second two first one ten seven
hair	curl beard comb haircut skin eyebrow coat fur bang spur feather shoulder
power	electricity knowledge control imagination energy wisdom structure storm module disposal jurisdiction faculty
pretty	well badly actually quickly tight loud heavily far right soon generally lately
walk	go splash travel move step swing slide crawl zoom roam whine swap
eat	drink swallow smoke use fry roast scramble bite modify starve gain bake
report	writing news gossip comment scoop dispatch document scandal rumor proposal revelation introduction
yourself	everyone anyone someone everything mine nothing anything another whatever those something which
morning	hour noon evening farewell greeting afternoon period night sunset midnight salute hail
sir	gentleman man knight lord monsieur bachelor ham bull boyfriend cat dude boy
lead	create make provoke scrape incorporate compose initiate construct generate chop organize prepare
drive	manipulate travel move go pass hop roll zoom roam whine expel elevate
sit	straighten arise rise dwell occupy stretch extend attend belong fill cover lie
fire	blaze flare attack case spark charge breach origin ambush invasion raid lightning
five	third four half million six three second two first one ten seven
light	bulb ray torch sun lamp beam flood view fuse perspective position match
table	lamp calendar counter furniture chair seat booth bar sofa wardrobe bureau cabinet
dress	outfit costume suit uniform jeans disguise habit skirt belt scarf hat wig
service	church chapel protection assistance aid support escort reward paperwork boost ceremony task
sound	voice music noise sensation ring vision taste silence perception resistance scent perfume
happy	unhappy poor fatal unfortunate homeless miserable pathetic merry sad rich content healthy
easy	difficult hard quick ambitious tricky nasty tall worried tough super Swedish English
reason	module faculty explanation occasion ability interpretation definition memory sense power incentive statement
summer	season winter autumn spring vacation childhood festival peak youth age holiday tour
system	transport exhaust alarm device circuit group transportation transit means machinery economy network
everyone	yourself myself anyone mine someone nothing anything another whatever himself those something
arm	leg thigh knife shot spear lance missile sword steel gun limb instrument
body	shape corpse flesh frame immigration membership faculty registration establishment colony settlement leadership
learn	absorb incorporate motivate enhance sew polish encourage interact swim defend exclude communicate
small	large big gray giant great ancient heroic elderly epic tremendous extensive enormous
full	empty partial blank potential historic royal antique dirty unknown regular evil physical
ago	nearly just away here now almost recently exactly hardly barely still far
top	bottom region place poll atmosphere crown spot front surface snow air point
early	home today tomorrow so usually tonight too here otherwise why always often
fact	reality consideration truth information book index detail data info statistic account opinion
forget	neglect overlook skip restrain confine contain conquer restrict tie strangle blink classify
act	commit pursue perform engage continue try create play repay interact prosecute cope
war	conflict battle action sanction struggle cooperation state destruction peace dispute engagement combat
death	birth destruction departure exit state toll surprise stage fate existence transformation variation
ready	steady amazed sure ideal worst unexpected armed necessary serious female international next
though	until since while than because whether or if as but unless although
mom	dad mother parent father ancestor grandma lamb relative relation aunt baby sibling
guess	trust presume divide solve assume believe say evaluate choose figure try conceive
office	post paperwork headquarters hat organ navy duty army task police behalf branch
myself	everyone anyone mine someone everything whatever nothing anything another those nobody everybody
group	people organization system minority edition scheme arrangement population collection race circle society
phone	cell battery receiver satellite bug speaker camera equipment keyboard counter name word
American	native British Cuban Latin civil European Japanese Asian Indian Mexican presidential Australian
soon	anytime later hopefully back sometime home forward better probably abroad here again
true	false unbelievable reverse opposite rare negative potential pure precious original sincere strict
probably	incredibly still tomorrow again sometime anymore mentally soon anytime home today fast
law	constitution rule principle concept traffic logic collection effect quantity patent notion dimension
pick	dial condemn specify nominate elect observe adopt gather collect mention fix vote
during	along against behind between under without near through within around across before
follow	travel prove move go step zoom roam whine swap scramble descend drift
cut	scratch scrape confine claw shrink isolate toss flip bend snap twist tear
important	petty slight latter cultural characteristic individual mutual scientific Catholic historical daily physical
least	less either few each enough both such many every most much any
music	jazz sound harmony education laughter taste noise festival entertainment activity song chorus
save	manifest recruit enter enlist collect reserve deny devote starve smash maintain ruin
control	power activity authorities authority quality birth relation command force consumption disposal jurisdiction
bit	time fragment suggestion spell day breast shred handful pinch coal hint spray
include	contain conceive increase believe think expand admire mix grow embrace climb gather
heart	courage stomach spirit suspicion lung chest bottom notion liver belief impression gut
green	gray bright characteristic white Brazilian black European wooden northern dark favorite Italian
dead	alive Latin gorgeous silent remote useless missing serious drunk modern scared slow
anyone	myself everyone yourself mine whatever himself everything nothing anything another nobody everybody
date	meeting comrade companion associate fellow birthday day actor girl friend reunion girlfriend
record	audio history file tape video number account evidence transcript translation log register
late	mid upcoming prompt instant immediate previous usual unusual likely heavy little final
sign	communicate certify approve provide indicate allow revise undertake permit guarantee let endorse
force	pressure gravity energy violence resistance thrust zip attraction wheel intensity influence bond
chance	danger risk hearing audience room possibility venture phenomenon sale survival being experiment
train	bus bullet transport litter series platform shuttle station parade rash sequence cycle
pass	claw declare travel move go condemn plead testify advise propose swear suggest
half	million five six third four three ten second two seven first one
leg	limb arm brace cramp stairs ski pier thigh shelf rib stock device
sell	convince swap assure switch buy want cost specify underlie stimulate induce hum
spend	repair compensate repay buy restore give spare cater administer distribute render lend
area	playground resort center safety middle issue space side land nest territory arena
drink	appreciate consume reckon regard consider include deem identify smoke admire swallow eat
shot	arrow gun bullet ball pistol arm rifle grape weapon missile maneuver shotgun
answer	refuse decline accept greet explode acknowledge observe declare announce mention explain add
police	department office bureau agency patrol organ navy army headquarters gang rank intelligence
president	executive chancellor minister secretary chief director king manager premier representative reporter commander
news	coverage broadcast report program information update account info episode series scoop dispatch
sleep	lie drift induce grind wake disturb peep awaken refresh pretend get rub
coffee	tea bean milk seed tree chocolate fruit willow oak palm nut alcohol
interest	benefit enthusiasm concern curiosity behalf welfare color matter affair power doubt influence
hell	heaven paradise noise trouble region imagination interference outrage scandal reef mansion vacuum
almost	always instantly never nowadays certainly entirely apart anywhere immediately fully completely twice
lie	exist stretch cover prevail endanger occupy obtain extend threaten attend belong fill
food	fish ingredient poison chocolate meat vitamin menu noodle grain cereal coconut pork
picture	landscape drawing frame sketch display representation canvas portrait photograph document photo art
grow	derive climb gather add include accelerate inject modify enhance combine change mix
return	lend offer allow provide repay cater undo administer distribute render contribute spare
wish	express want say tell crave shout seek swear cry raise miss mention
able	unable glad unlikely fortunate likely French lucky technical own historical surprised complete
town	district acre country province reservation ward county department state territory center east
class	reunion sex biology world craft stamp estate labor market collection people council
wear	unite possess combine involve carry read tie flip knit fit cast notice
cup	pot tin spoon dish crack bottle tray glass scoop bowl boat handful
general	unusual unique proper rare specific particular special intact fond global official British
low	high upper average fat standard German content due common economic foreign blind
moment	present time eternity spell day period deadline phase ending beginning end pause
fun	activity game comedy wit humor sport exercise celebration entertainment joke teaching picnic
base	plate cone baseball glove prop basement arsenal headquarters post story installation facility
less	either least few each enough both such many every most several much
lose	mourn care feel regret congratulate entertain afford gamble gain disappoint hesitate focus
along	behind during near against between within under across without through around before
figure	try conceive attribute assess anticipate assign reject approve accept choose expect believe
clear	stupid sunny cloudy bright soft pleasant appropriate capable blue simple thick lovely
marry	perform join presume flirt engage act dare repay interact enlist prosecute cope
test	experiment research quiz communication inquiry weapon measurement probe transmission poll objection expression
door	access entrance approach gate hatch portal arch barrier privilege dam rail fence
hi	sorry thanks welcome okay hey yeah wow yes please oh bye goodbye
street	alley avenue environment road artery route domain arena orbit scope context circumstance
March	April February December July August November September June January October month progress
glass	container bottle plastic jar crystal mug rod safety mold envelope tin bin
support	anchor approval assistance aid influence guidance education campaign service activity business attempt
stuff	trash molecule ammunition atom mineral fiber particle discharge dust stone earth rock
offer	feed equip afford lend pay return repay cater administer distribute appoint contribute
dog	puppy fox wolf cat chap lad fellow cow owner hound rat lion
beautiful	ugly harsh sore unhappy bitter painful intelligent maiden tropical beloved young elegant
hate	love disappoint tolerate shave bless cook pretend smell interrupt waste convince hunt
human	infinite mortal fundamental divine artificial harmless genetic decent universal outer sacred basic
expect	reserve beg apply invite claim ask communicate plead pretend relay conceive attribute
mouth	gap vent tooth breach rent crack hole space chap gulf fracture canal
million	six half five third four ten three seven second fourth two eight
couple	marriage suggestion family slice shred clan handful pinch hint spray trace bit
lady	gentleman woman knight madame nurse wife lord cat man girl queen siren
catch	smash perceive stun slam kick sniff impress smell strike receive touch listen
cover	wrap bark surround paint hide run lie dwell occupy rub attach scratch
court	palace government room state regime authorities compartment lounge classroom lobby gallery engineering
rest	breath part suspension pause component portion delay deed halt substance basis item
study	wonder inspect diagnose investigate check devote focus explore watch think concentrate relate
alone	ethnic cultural social left dangerous dark afraid risky rural awkward boring sudden
government	state sanction court finance program opposition coalition legislation organization empire palace protest
either	less least few each enough both such several many every most much
mine	whatever anyone himself myself everyone yourself nobody everybody somebody someone everything nothing
air	breath quality gas vacuum region oxygen atmosphere vibe top surface innocence side
drop	decrease weaken shrink dive move detain fade relax squeeze spill add expel
quite	frankly well nicely often frequently honestly actually literally clearly lately recently badly
six	million half five third four ten seven three fourth eight second thousand
fast	too incredibly surprisingly so otherwise very relatively twice generally extremely however probably
allow	agree sign endorse drag contribute return repay cater administer distribute render react
suppose	trust believe evaluate predict promise bet conceive attribute assess calculate assign reject
finish	do dissolve vanish resolve conclude disappear settle decide act break kill interrupt
dad	mom father parent mother grandpa ancestor grandma uncle relative relation sibling partner
brown	gray blond white lazy black quick thin soft super small round natural
share	employ acquire apply use get enjoy receive recycle regain retrieve inherit exploit
special	ordinary frequent universal democratic everyday gross broad popular average standard common general
public	private confidential individual various single intellectual official corrupt embarrassed central American prime
behind	along near during within across against between under without except through around
step	enforce implement move travel go oblige compel walk pass fall follow rise
star	sun planet dwarf talent guide universe moon expert athlete scientist rock actor
front	bottom top surface illusion image representation poll heel position interior boundary shadow
fish	salmon crab whale shark meat dolphin food bird creature soul person chicken
movie	feature documentary premiere production product book theater cartoon novel output yield inspiration
tonight	early nowhere home perhaps anywhere rather rarely somewhere here certainly forward later
cool	warm embarrassed lame super hot dry boring nice high main fresh clear
begin	dedicate chant tickle gasp drift weep cry scream sob melt yell descend
song	rap melody music theme voice tune troll chorus whack beep toll buzz
rule	possibility law limitation restriction concept protocol instruction quantity notion dimension category division
gun	shot bullet weapon rifle knife ammunition trigger firearm cannon shooter arm owner
shoe	pump grip boot toe box purse portfolio sleeve wallet shield kit luggage
decide	try choose break dissolve stimulate induce govern conclude select measure finish kill
present	future moment aid prize donation legacy contribution award acquisition scholarship welfare grant
large	small tiny lesser atomic slim slight little naval medium solar worldwide urban
throw	hit launch remove kick move grab pop bounce steal stumble extract shrink
sometimes	apart especially simply mostly even abroad usually properly still too just together
list	menu portfolio inventory stack flag calendar schedule database information word info slope
land	acre area moon property west realm empire kingdom field region desert plot
past	upcoming incoming instant immediate next tense prime ashamed military flat due aware
issue	magazine area edition journal series publication experience opinion territory collection book ignorance
age	youth reign minority majority childhood period era property summer strength size year
consider	entertain wonder evaluate decorate drink attribute assess anticipate calculate assign reject approve
continue	communicate argue maintain act write convey nod greet impose retain oppose inform
wind	blast weather storm cloud breeze Easter draft rain puff energy sunshine snow
parent	mother father dad child being mom orphan sibling mutant dwarf hybrid clone
trust	assume guess think presume reckon imagine accept suppose certify initiate approve involve
inside	outside basically luckily safely back carefully immediately apart there rather still slowly
charge	commission admission plea price premium transportation rate attack mission freight footage fire
exactly	where how maybe sometime ago probably why yet quite definitely right
building	architecture structure temple center bridge theater floor apartment school hotel shed cathedral
others	polite superior dependent yellow individual equal wise selfish emotional own critical constant
pull	operate fly relay dial move manipulate tow push raise lock put expel
possible	impossible hopeless actual worst brief specific peaceful comfortable polite unlikely native human
attack	bat charge fire criticism ambush invasion raid defense maneuver campaign mission attempt
post	office forum trade business presidency throne chair occupation job position station arsenal
hot	cold peaceful frozen cool sunny dry indoor warm super outdoor southern careful
hurt	disable stab embarrass shoot tickle provoke confuse distract stimulate overcome overwhelm invite
whatever	himself mine nobody everybody somebody anyone myself everyone yourself someone everything yours
outside	inside rarely especially slowly perfectly loud still instead just straight right immediately
short	long tall chronic endless eternal athletic previous junior sudden original impossible fat
level	rank unemployment state violence intensity summit ladder extent peak depth height quality
dream	nightmare desire fantasy imagination symbol vision heaven impulse urge feeling soul witch
member	fellow pledge commissioner sister brother associate limb director affiliate teammate colleague ally
information	background intelligence data example secret news fact update accusation request process word
tomorrow	early according probably perhaps here hopefully today back possibly anywhere again sometime
road	highway lane block way access path means street approach surface salvation artery
program	design news government guideline regime outline budget episode schedule series project source
doctor	specialist surgeon nurse dentist intern vet resident psychiatrist lawyer scholar student analyst
crazy	practical constant wild wise little boring stupid German serious whole poor true
beat	slap knock expel conquer survive destroy touch swallow kiss hit kick manipulate
single	double common triple multiple public utter complex entire whole fair successful available
experience	reality life education wisdom culture knowledge episode world reminder flash failure issue
rather	home else nowhere somewhere tonight later now lately today anywhere loud tomorrow
wonder	study consider greet decline explode acknowledge refuse accept answer regret communicate cite
player	opponent substitute comedian principal actress singer plant tree performer server seed contestant
strong	weak helpless mild lame pale vulnerable faint gentle magnetic current flexible brave
form	structure word flavor description species manner brand style model type category stem
future	present merchandise export import product leader freight eternity shipment inventory cargo gender
bill	dollar buck nickel money coin patent currency passport deed certificate assignment license
park	lot center desert arena stadium monument yard fountain playground zone building patch
student	reader transfer bacon mill doctor teacher authority mentor genius fellow representative relation
enjoy	employ apply use share recycle exploit implement devote dedicate prefer commit waste
sex	pleasure class relation union desire category activity feeling family addiction biology despair
however	particularly differently hardly usually actually already also always only fast later yet
piece	shred fragment scrap item section segment portion strip chip cake cloth groove
bank	bluff fund ridge slope foundation company reef shelf establishment institution upgrade coast
himself	whatever nobody everybody mine somebody anyone everyone yours someone everything nothing anything
major	minor electrical urban environmental global political economic financial academic European international military
carry	fetch move unite expel elevate stir squeeze spill possess combine disturb pour
perfect	corrupt satisfied rough odd round classic English Arabic romantic daily Muslim native
result	decision survey failure end harvest impact response statement phenomenon success reward fruit
build	derive thrive expand rise create increase make gather climb add accelerate inject
officer	lieutenant escort man guard soldier investigator copper inspector detective commander cop captain
sense	humor meaning awareness consciousness module faculty significance import ability sight power memory
history	record philosophy subject science literature discipline profile role file con sculpture architecture
dance	move climb stumble shrink stir wrestle chop sweep hop sail twist click
meeting	council conference date engagement summit forum convention congress seminar supper bee party
spring	season autumn winter summer blossom flower festival device beach period lure comb
Friday	Wednesday Thursday Tuesday Saturday Monday Sunday day evening night Easter chapter weekend
hello	welcome wow sorry thanks okay hey yeah yes please oh bye goodbye
worry	obsess consider entertain think impress strike awaken evaluate devote conclude concentrate reflect
king	rival emperor opponent ruler businessman competitor president scholar lion operator owner hill
add	climb gather grow reply thrive accelerate enhance alter expand observe declare respond
join	unite connect enlist attach marry knit insert tackle bind fix sew screw
paper	sheet tissue carbon press writing scrap rock tablet pad card essay material
cost	require demand need depend figure buy sell specify underlie hum terminate decorate
type	person breed version sort form kind adult personality man guy blood woman
card	identification paper ace tablet parole carbon pad tissue sheet password plastic material
mark	brand evaluation rating pin reference symbol assessment sticker logo tag ticket review
touch	perceive impress strike kiss hit feel smell awaken manipulate grind lick stun
center	building square area park space hotel tower church city architecture ministry patch
finger	nail hand foot member trigger ring lip rod inch protection yard league
near	within across behind along during except per against between among above upon
club	organization chapter association bar strip bow staff squad team mob institute gang
art	sculpture painting gallery installation drawing craft gem creation treasure science museum photography
fly	manipulate travel pull move go pass spread grab rise jump fall swim
film	feature production cartoon camera reel footage sequence product media novel book output
stick	sew tie lock hang insert tuck tick suspend knit tackle screw connect
note	transcript memo letter translation log entry register invitation record document pony subtitle
clean	dirty lousy filthy dry chemical messy stable mild neat regular environmental efficient
explain	illustrate specialize communicate reinforce manifest exaggerate disclose deceive certify presume educate demonstrate
promise	advise swear condemn plead testify propose suggest provide assure tell certify boo
ship	pirate boat vessel transport carrier yacht monitor helicopter craft submarine sub ferry
create	develop build act provoke scrape incorporate compose initiate construct generate chop organize
rain	shower hail weather snow sunshine wind sequence water cloud acid fog storm
blood	plasma donor shark sweat type murderer ink milk fluid creature jade victim
Sunday	Saturday Thursday Wednesday Tuesday Friday preacher Monday father day pastor shepherd priest
key	keyboard press explanation device locker pitch guard theory pocket shelf lure comb
reach	arrive move come grab climb shake jump turn stumble shrink stir wrestle
video	audio record tape store clip film disc disk fan profile link device
realize	make perceive appreciate create know provoke scrape incorporate compose initiate construct generate
funny	everyday familiar usual tragic charming smart cute sad serious interesting German stupid
ride	roller wheel journey bus transit voyage expedition circuit tour pickup mount pump
April	March November August December September February June January July month October blossom
agree	let permit allow admit accommodate tolerate blend endure authorize satisfy coordinate resolve
uncle	nephew aunt cousin relative brother patron provider donor supporter sponsor father cancer
field	desert lawn campus yard land region middle playground backyard garden lot patch
action	responsibility war state effort status engagement conflict battle defense government interaction kindness
June	July September November August January March December February April October month season
ball	basketball football goal baseball curl shot marble spike steel basket grape missile
Saturday	Wednesday Friday Tuesday Thursday Sunday Monday day night afternoon evening morning week
within	across near behind along except during per among above upon against between
egg	butter juice salt rice bread toast cheese milk pepper bun cream mixture
united	diplomatic democratic nuclear European international northern official American civil global military Spanish
college	university body school engineering plant establishment institution structure immigration membership faculty registration
position	light site station post point front place origin root attitude corner spot
safe	dangerous risky desperate raw secure valuable effective nuclear glad sure pregnant comfortable
truth	statement fact reality gospel description fiction observation detail word prediction qualification summary
bottle	container glass bin vessel tub tin jar bucket barrel bath tank bowl
price	charge discount assessment rate wage cash ransom luxury expense payment importance quality
national	international local worldwide global gross independent Indian general prime official lower western
south	north east west region territory desert direction place northeast northwest colony environment
nobody	everybody somebody himself whatever mine yours anyone myself everyone yourself themselves anybody
release	fetch withdraw send retrieve deliver unload unlock move set wash expel elevate
sort	person machine flavor description species manner brand style model type category thing
chair	lounge seat sofa table wheelchair post throne bench couch speaker presidency furniture
receive	perceive acquire change accept share regain undergo retrieve strengthen modify refresh adapt
hang	sew tie lock stick tuck tick attach insert tackle bind kill punish
lord	god servant elf keeper peer baron duke ruler lady demon knight sir
everybody	nobody somebody himself whatever mine yours anyone myself yourself themselves anybody whose
welcome	hello wow hi sorry thanks okay hey yeah yes please oh bye
chicken	turkey goose duck meat bird beef fish cow soul person pork pigeon
season	spring autumn winter summer peak Christmas blossom year flower period month June
anyway	well even then why already never how there here really today where
board	commission committee timber cabinet crew panel jury window plate bureau intelligence council
choose	decide accept conceive attribute assess anticipate reckon calculate assign reject define approve
finally	home back again completely somewhere together then here so
security	shelter confidence insurance comfort salvation percentage sum status investment resource capital amount
across	within near except behind along per among during above upon against between
box	litter compartment coffin chest container room closet toy drawer bag module locker
involve	tolerate endure authorize trust certify approve refer relate accept endorse sign agree
often	rarely together quite nowadays downtown abroad how very surprisingly mentally lately online
hospital	asylum building clinic establishment institution architecture ministry temple theater restaurant hotel center
account	log scoop dispatch news record relationship fact information profile coverage file company
shall	might must should could may would can ought
serious	petty silly deadly environmental psychological reliable mental illegal political economic social dead
somebody	everybody nobody himself whatever mine yours myself themselves everyone yourself whose everything
visit	travel meet celebrate abandon recommend come intend pay preserve suggest extend arrange
ahead	straight far apart then slowly always just there better right quite still
hat	vest sailor function role office robe scarf glove dress coat helmet cap
choice	decision preference pleasure action intention appointment interaction kindness opposition achievement employment execution
ground	sand stone dirt occasion material stuff rock paper leaf island neck garbage
store	grocery hardware mall garage infrastructure salon outlet toy convenience stall net profit
serve	induce accomplish execute criticize fit work do accommodate coordinate provoke motivate initiate
shirt	jeans skirt laundry suit collar turtle sleeve diaper hose robe vest fur
vote	elect specify nominate dial adopt fix pick set decide define recall identify
term	sentence description loan word definition contract session solution statement period year meaning
tea	coffee milk mint breakfast bush lemon meal cotton pepper rose alcohol chocolate
ear	eye nose audition throat organ vision sight lip mouth sense cheek tail
local	national federal weekly organic global official minor cultural active particular powerful homeless
rock	mineral sample paper matrix marble specialist crystal material stuff ground earth soil
poor	rich wealthy happy fortunate grand lucky ashamed greedy rural honest financial economic
letter	invitation owner beta nun delta alpha document patron publisher businessman page king
worth	individual others human expensive beautiful new great small whole long high
murder	suicide massacre slaughter shooting ending abortion destruction retirement removal graduation disaster decoration
message	mail request disrespect telegram significance reminder publicity wit petition guidance info memorial
trouble	interference outrage blaze scandal difficulty noise hell cause beginning case handicap skeleton
cannot	requirement bacteria circumstance logic function kindness liberty carpet bribe request importance candle
raise	extend express move expand push pull expel modify stir alter squeeze spill
tooth	jaw bone brush skin gum chopper nail rib skull mouth arm valve
north	south east west region territory country kingdom range direction empire place southwest
ten	seven fourth eight thousand six million hundred twenty half fifth five third
relationship	friendship status foundation acquaintance membership romance account level affair partnership state strain
voice	sound tone ring noise song pitch clip silence chorus whack beep toll
laugh	burst cry weep sob tickle choke make shake clap start deny slap
whether	unless although till though until since while than because or if as
perhaps	someday later only tomorrow better somewhere too tonight together anymore else right
race	marathon campaign contest competition game playoff bout tournament championship match group dash
mile	inch meter foot sea mountain rod palm nail yard league finger heap
wall	prop building horizon brick hole bridge dam temple rack layer structure object
event	destiny circumstance competition success deed makeup miracle action climate weather experience interaction
neck	shoulder head arm earth ground saddle rack rib steak hand breast chest
excuse	confirm verify agree resolve conclude arrange settle claim solve complain pay conduct
match	semi contest competition game candle light fuse device broadcast playoff bout tournament
personal	neutral clinical emotional unique professional fake others common important proud willing human
fix	tuck tick suspend help nominate insert enhance tackle dial educate relieve polish
shut	slam freeze open thrive dissolve conceive expire awaken integrate boil react decline
burn	boil ruin fill get thrive dissolve conceive expire awaken integrate react decline
track	railroad railway location evidence album symptom proof tire package cone installation decoration
remain	stand specify underlie hum terminate decorate disagree consist confuse stink lend lean
nose	ear eye bow tissue skin edge throat organ surface cheek block tongue
captain	policeman officer marshal commander colonel lieutenant investigator copper inspector detective cop soldier
appear	manifest crawl confuse figure specify underlie hum terminate decorate disagree consist stink
health	condition wealth welfare climate safety improvement fitness insurance status success danger state
view	light background coast observation profile perception respect attitude angle representation democracy command
protect	prevent work exclude cooperate occupy volunteer shut interfere endanger try surround lie
space	vacuum area center seat compartment void gap angle playground matrix arena breach
round	strict exact perfect merry flat final lovely usual brown warm cute blue
notice	condemn tell say reply declare respond announce explain add answer perceive plead
sing	communicate scream write dictate yell discuss ask convey nod greet impose negotiate
final	maiden opening advanced grand exciting round full hard human lost late next
instead	accidentally straight why usually maybe course actually just away home outside tomorrow
concern	affair matter involvement interest anxiety sympathy enthusiasm curiosity compassion pity emotion happiness
count	determine figure specify underlie hum terminate decorate disagree consist confuse stink lend
blow	bleed breathe choke spit sniff shatter sail cover deliver receive kiss smoke
push	evaluate assess negotiate consult cheer wrestle handle move poke ram stab speak
situation	crisis challenge despair swamp nightmare improvement difficulty soup acceptance complication status environment
handle	discourage tease roast wrestle warn preach hurry push hold deceive assemble steer
claim	require plead expect relay acknowledge bid pray crave convey instruct transmit tempt
judge	critic authority talent man defendant burger person winner prosecutor ranger officer advisor
middle	east waist area beginning division hub region neighborhood field inning ingredient component
anymore	hardly rarely ever barely perhaps probably even anywhere almost frequently nowadays unfortunately
cold	hot fresh windy sensitive warm slight extreme bare wet bitter intense indoor
design	program layout trap building arrangement organization art invention guideline regime outline creation
project	budget schedule plan breeze marathon picnic venture enterprise adventure research program effort
complete	hopeless partial corrupt humble opposite current unable confident necessary national following entire
winter	season summer spring autumn peak month evening period December year night flower
stupid	clever intelligent smart brilliant bright clear ignorant bloody greedy plain stubborn ugly
station	railway terminal installation facility position railroad post train transit forum grid transportation
shop	mall grocery supermarket salon outlet market stall garage plaza seminar teaching laboratory
drug	prescription alcohol cure agent dose physics powder crank cocaine heroin vomit marijuana
mention	criticize react reply declare respond announce connect relate blame explain add answer
honor	medal prize respect fame celebrity glory reputation name decoration ribbon trophy degree
press	button machine paper media keyboard brake key newspaper magazine elevator machinery journalism
prove	communicate reinforce exaggerate disclose deceive interpret educate reflect expose threaten reveal repeat
patient	inmate cancer psycho nurse therapist doctor specialist person survivor loser prisoner client
hide	bury cover surround bark paint seek uncover claw discover explore try reveal
cross	forbid prevent undo negotiate betray fail meet claw avoid embarrass travel move
deep	shallow apparent purple blue Swedish artificial cultural wide wild economic natural red
decision	option consequence result choice mind judgment appointment outcome selection action nomination sentiment
west	east south north region land area direction village northeast southwest southeast northwest
July	August June September November March December February January April month October festival
treat	tease roast deceive stimulate endanger assemble interfere communicate bleed gather cheat bother
straight	ahead away somehow home then instead clearly anywhere forward back outside so
department	personnel state sector city police aspect country treasury ministry branch office province
steal	move win throw stumble shrink stir wrestle chop sweep hop sail twist
attention	treatment task eye feature massage paperwork remark procedure labor investigation duty project
due	unexpected upset constant prior technical Olympic recent global heavy severe extreme unable
wow	welcome hello hi sorry bye thanks okay hey yeah yes please oh
certain	chemical individual content innocent useful others responsible following foreign human dangerous true
bar	iron counter runway bolt rail room table club corner compartment lounge classroom
ring	tire sound voice bracelet strap collar finger strip telephone silence belly diamond
secret	information info confusion fact parole password message news distraction fog ammunition propaganda
bet	dice accept play embrace recognize suppose say tolerate celebrate evaluate figure expect
simple	complicated complex difficult hard ambitious elaborate tricky compound nasty fancy tall busy
evidence	statement fingerprint data example testimony exhibit symptom trail track cue identification info
Monday	Tuesday Wednesday Friday Thursday Saturday Sunday day evening holiday morning afternoon birthday
church	service temple religion cathedral ceremony building faith choir center tower hill chapel
seven	fourth ten eight thousand hundred twenty fifth six million half nine five
private	public upcoming separate best expensive high true used alone big
kick	stun slam smash launch throw catch pop bounce toss touch move fly
cry	express burst swear laugh say tell peep grunt moan spit sing raise
sweet	sour partial bitter classic tasty super cruel fat delicious innocent handsome amazing
seat	bench sofa chair table lounge couch furniture space counter section wheelchair wardrobe
plate	bag base grid photo representation panel baseball glove board spoon icon drawing
several	none either less least few neither each enough both such many every
milk	coffee chocolate tea cheese butter liquid cereal river cream alcohol egg wine
window	frame crack panel grill rack board outlet gap exit throat port hole
gold	silver metal copper iron treasure wheat straw lemon substance diamond nickel tin
apple	pear banana fruit peach grape orange tree seed strawberry blossom berry cherry
quick	lazy slow easy careful brown real rich likely others past stupid small
cake	chocolate layer biscuit tablet pancake dish cookie block dessert bread coconut pie
teach	communicate manifest exaggerate disclose deceive certify interpret presume demonstrate reflect expose threaten
English	native Spanish German French foreign British Japanese plain Latin international Russian American
research	survey implication test probe poll experiment investigation project aid trial calculation examination
dear	distant cheap sad missing American little great happy young sure good
wake	fall thrive dissolve stimulate conceive expire integrate overcome overwhelm boil react decline
roll	toss flip bend twist travel cut move go slide spin tear pass
chief	executive commander rabbi editor engineer supervisor president administrator secretary leader superintendent counselor
difference	quality controversy argument row variation fuss tide replacement ability death transformation resignation
favorite	Mexican rare outdoor comic musical classical app sour absolute latest blue green
character	dragon dimension courage spirit witch monster feature form imagination concept attention badge
market	activity labor estate supply supermarket shop stall trade business class support outlet
meat	beef sausage pork fish rabbit steak chicken vegetable food bird saddle rack
agent	operative representative spy delegate drug motor mole chancellor premier president terrorist emperor
especially	sometimes outside also very today quite far even well always home where
social	lone lonely alone democratic economic individual political physical active natural various religious
glad	tragic sad able extra safe alive useful healthy fine green dead sure
September	June December November August July January February April March October month year
process	activity production application ticket brain recovery calculation routine information game construction warrant
animal	prey mate clone plant being lion soul tiger insect mutant predator stunt
except	per among above upon across within near behind along during beyond against
pain	feeling pleasure sensation distress stitch wound symptom stomach sorrow temperature happiness lump
respect	honor detail attitude importance perspective fame celebrity glory reputation knowledge fact view
draw	print copy obtain move tow extract expel enlist elevate modify stir alter
storm	hurricane cloud weather wind lightning assault power electricity engagement conflict battle snow
dinner	party meal lunch breakfast feast dish tea picnic reunion snack reception mask
community	parish settlement neighborhood village house ownership minority coalition alliance hood suite rally
certainly	almost well anywhere tonight again better right fast now today so very
rate	discount scale freight footage charge speed frequency jerk flow premium fare transportation
color	orange shade tone interest tan size blonde register rose style power jade
sugar	honey salt ingredient money powder soda protein cereal fund wax oil butter
dark	blond pale blue afraid foolish handsome mysterious sudden bright windy scary green
earth	planet atom satellite particle moon element object dust carbon sun continent soil
trade	business negotiation industry post job occupation slavery market deal marketing payment traffic
condition	health climate provision premises assumption despair innocence participation nomination motivation identification guilt
tree	oak palm plant willow pine cherry coconut peach pear olive strawberry apple
forward	backwards back slowly again soon really straight tonight fast tomorrow together once
sick	worried mere tired pale elderly obvious bitter individual healthy constant last poor
practice	rehearsal slavery cooperation ritual fashion activity sport instrument support bat art harassment
fan	follower device author blade referee addict freak supporter champion celebrity sponge sheep
cousin	aunt uncle nephew relative relation person wife sister father ancestor partner soul
hotel	resort motel building restaurant spa center suite room lobby hill architecture ministry
luck	failure success condition phenomenon toilet distress outcome welfare disaster consequence effect result
scene	sight background coast accident venue darkness shadow incident area motion profile crash
page	leaf ambassador minister businessman letter sheet paper prosecutor baron ranger operator owner
fit	resemble consist qualify serve blend recall stay look seem specify underlie hum
accept	refuse acknowledge reject tolerate endure authorize rely celebrate admit trust choose answer
mistake	failure thought illusion fantasy idea judgment comment deed statement disappointment breach bubble
coat	fur scarf jacket hair suit sweater sleeve glove trench layer hat curl
partner	person husband wife relative relation soul friend import man teammate groom bride
bag	purse bin garbage plate backpack sack container pocket trunk box cart baseball
army	navy rank bureau agency office crowd organ command enemy mob jam personnel
master	servant slave puppet artist ruler fighter creature painter drawer musician photographer boxer
fourth	eight thousand seven hundred twenty fifth ten nine six million half five
file	cabinet record line column desk furniture audio account history wardrobe lamp bureau
floor	ceiling basement building cellar kitchen structure apartment bathroom platform toy room corner
afraid	casual dark mere unnecessary alone dirty lost political slight unknown narrow late
shoulder	neck waist head hip muscle saddle rack rib steak hand hair meat
horse	mount pony buck poster camel Arab cattle assault cow deer saddle sheep
gray	blue brown yellow red small teenage tender northern golden junior purple federal
snow	hail rain weather sunshine author writer layer butler buck poet journalist grass
suggest	appreciate tell highlight condemn plead testify swear promise disclose expose indicate reveal
unless	although till whether though until since while nor than because or as
absolutely	everywhere right there else today outside then yesterday
although	unless till whether though until since while nor than or if as
amazing	potential human sweet Muslim favorite English able
knife	gun arm weapon lance razor axe spear missile sword steel instrument spine
wonderful	everyday ordinary average fresh green single lucky beautiful new last
eight	fourth thousand hundred twenty seven fifth ten nine six million half five
yellow	gray revolutionary radical brave recent fresh new white pale Brazilian bright black
yours	themselves anybody whose somebody everybody nobody itself himself whatever mine anyone myself
contact	lens interaction connection link action exchange deed attempt address inquiry kindness opposition
code	zip package software address writing upgrade routine procedure source signal input supervisor
dollar	bill dime cent currency coin pound nickel eagle penny species cash copper
source	inspiration program document point idea code resignation charter patent resolution confession certificate
model	supporter assistant sort form kind possibility theory feature flavor instrument deputy description
search	operation procedure investigation activity adventure job function inquiry examination analysis research probe
brain	process structure vessel ability intelligence ego unconscious organ knowledge information genius power
size	perimeter distance particle property shape order color earth altitude gauge age intensity
stage	wing state platform chapter summit ladder extent peak height period plane runway
fail	frustrate spoil cross miss ruin undo skip forbid prevent embarrass avoid stop
enter	manifest penetrate invade preserve save keep retain soak sting dip bite collect
trip	solo journey hike transit voyage expedition circuit tour accident flight casualty wreck
lay	initiate inject undertake deploy activate coordinate aim slip establish pack found move
sale	retail auction marketing business commerce opportunity chance building payment traffic trade clearance
thousand	eight fourth hundred twenty seven fifth ten nine six million half five
fear	anxiety terror panic emotion horror thrill chill alarm anger pride shame feeling
jump	move grab climb fly reach stumble shrink stir wrestle chop sweep sail
entire	financial sudden silent uncomfortable single empty clean honest complete favorite small Muslim
fair	radical unfair extraordinary extreme ugly equal local tough single fine free others
block	road concrete exit passage chip nut cake area path media access route
kiss	touch slap strike hit lick catch manipulate grind stun slam squeeze smash
operation	search business mission activity action enterprise doctor risk trade variation measurement provision
October	November September August January December February July April March June month period
example	information beauty evidence specimen representation exception apology sample idol criterion perfection idea
August	July September November January December February June April March month October year
shoot	hurt kill strangle slay erase eliminate execute fry hang prepare modify alter
require	claim tempt reserve beg apply invite provoke sue dare communicate plead pretend
according	differently tomorrow nearly today there almost soon always yet
per	among above upon except across within near beyond behind besides along towards
university	faculty administration college school gown body architecture building institution mall engineering establishment
spot	root tomb summit grave zone section target top point corner clause den
imagine	presume assume trust believe conceive evaluate forge evolve invent develop try attribute
usually	early home instead however tight sometimes where quite unfortunately quickly online together
risk	cause chance experiment campaign task project operation reform breeze marathon picnic enterprise
left	alone blank swell helpless mobile utter secondary depressed empty deaf missing final
Christmas	season Easter holiday year December festival period day Thanksgiving week morning time
cheese	butter cream milk cracker bread bush tomato egg meal cotton pepper rose
various	identical common public same northern daily social due interesting Muslim used important
fill	burn thrive dissolve conceive expire awaken integrate modify alter boil react decline
till	although unless whether though until since nor while than because or if
unit	family society meter den household outfit squad troop gang crew side team
common	individual rare single sole exclusive unusual particular various special Asian academic worldwide
smoke	consume drink swallow shine eat use dine dip quit prohibit forbid advise
teacher	principal coach tutor concept mistress substitute pupil student thing lawyer chancellor professor
exist	prevail dwell endanger consist obtain threaten breathe lie share cease invent prove
knee	elbow skirt chest chin ankle sleeve skin blanket thigh toe thumb protection
main	dependent mild petty gentle global economic political Arabic American social warm foreign
machine	computer press sort crank substitute manufacturer gin assembly motor device soul person
none	several either less least few each enough both such many every most
hundred	twenty thousand eight fourth fifth seven ten nine six million thirty half
prepare	knit brew weave modify alter bake create change make carve construct manufacture
evening	morning daylight afternoon period flower hour autumn night winter blossom overtime honeymoon
cell	phone battery guard compartment fiber bacteria reactor fuse filter circuit being cancer
sport	hockey golf tennis activity football basketball game soccer occupation business job festival
ice	frost crystal cream diamond jewel chocolate pearl object cone jewelry gem moon
joke	laughter riot wit humor celebration entertainment sport fun game activity topic cartoon
among	above upon per except across within near beyond besides towards below behind
above	among upon per except across within near beyond besides towards below behind
bear	wolf fox investor tiger cub lion baby cat dog cow bat mouse
medical	surgical thorough contrary urgent proper professional rare western due high different important
provide	hire sign dine appoint invest promise return pay repay undertake administer distribute
smart	dumb stupid foolish slow handsome ambitious awesome super cute average talented funny
upon	above among per except across within beyond near besides towards below behind
November	December September February August January July April June March October month year
focus	think study evaluate devote conclude reflect connect relate try improve compare believe
score	evaluation rating par eagle duck number assessment review cube cardinal square record
French	English native Spanish German Italian presidential good difficult major intent Russian foreign
arrest	seizure suspension suspicion riot acquisition receipt state degree exposure being possession deed
waste	dump use employ abandon apply recycle exploit implement devote dedicate commit remove
double	single lone sole unique joint standard negative Dutch yellow full large last
lock	sew tie hang stick insert tuck tick suspend attach move tackle bind
twenty	hundred fifth thousand eight fourth seven nine ten six million thirty twelve
effect	feeling notion belief harvest appearance impact response phenomenon law suspicion thought idea
director	executive administrator supervisor president superintendent counselor monitor boss chief member actor pledge
interesting	boring various useful original previous local Latin ancient funny foreign popular new
rich	poor worthless filthy cultural famous powerful natural historical vast contrary inner elder
surprise	gesture breakdown death transformation carnival variation separation transition circus revolution harm birth
crime	attempt violation fraud seizure theft assault vice sin blackmail hustle scam tribute
value	product toll importance quality weight zero quantity premium belief principle significance assessment
arrive	succeed reach accomplish achieve manage work depart notify rescue wait expect flee
strike	awaken ram disturb touch distract kiss catch manipulate grind lick stun slam
east	west north south middle region direction city land northeast southwest southeast northwest
alive	dead deceased dull asleep lucky thankful sexy grateful fortunate Latin glad careful
completely	partly utterly differently unfortunately almost course then outside finally yet now still
lucky	fatal unfortunate homeless miserable pathetic poor alive able wonderful safe close good
plant	tree crop herb animal palm tomato strawberry carrot flower vegetable rose actor
boss	secretary supervisor employer leader superintendent counselor monitor director employee mistress worker trainer
sea	water mountain gulf plenty mile canal lake river heap flock chunk batch
radio	television receiver reception system telephone internet exhaust media battery station phone cinema
photo	frame album representation plate icon drawing display document map image picture creation
slow	quick prompt swift rapid instant windy clever smart steady painful little boring
cop	escort officer investigator inspector detective captain warden marshal ranger deputy sergeant sheriff
river	salmon stream water snake milk gulf lake sea ocean brook creek bay
computer	keyboard expert machine website device user server client site mouse screen engineer
coach	teacher diner instructor car player leader assistant mistress principal cart wagon bicycle
address	package challenge request residence lecture code mail email nomination debate software root
policy	contract interference intervention charter lease partnership concept maneuver tactic scheme strategy program
total	partial solar visible southern opposite western international American
destroy	undo exclude devastate overcome drown defeat burn survive expel conquer beat exceed
property	acre sanctuary land rental lease estate scent composition concentration weakness mode makeup
themselves	anybody whose yours somebody everybody nobody whatever mine whom anyone everyone someone
data	statistic information evidence population fact collection process norm pattern acquaintance input consideration
weapon	sword gun shot spear lance missile steel knife instrument bomb robot cannon
boot	toe excitement shoe car compartment lace coat joy module locker stall cab
feed	afford offer accommodate equip satisfy sustain give appoint invest allow repay administer
military	civil advanced powerful armed massive significant Roman British strict united American official
yesterday	today downtown partly home safely here heavily unfortunately tomorrow why fairly apparently
anybody	themselves whose yours itself everybody nobody himself herself whatever mine whom myself
plane	fighter bomber chopper helicopter aircraft degree stage level circle shape craft summit
develop	create manufacture conceive forge invent imagine change discover figure grow increase undergo
increase	decrease rise thrive accelerate inject modify enhance expand combine include change bloom
dude	man monsieur bachelor ham bull boyfriend gentleman cat sir boy guy adult
boat	ferry ship junk tower vessel dish transport gig yacht monitor bowl craft
wedding	ceremony reception party occasion funeral ritual custom installation reunion mask dinner habit
gas	oil liquid air fluid plasma phase exhaust oxygen breath sky electricity protein
gift	donation contribution charity legacy prize aid award acquisition scholarship welfare grant distribution
cap	gown lid helmet hat nail torpedo bomb shirt baseball device sailor bath
cat	mouse tiger dog rat lion bird fox chick gossip woman man lady
worse	keen acceptable swell solid best good economic evil political dark cold public
whose	anybody themselves itself yours somebody everybody nobody herself himself whatever mine whom
cook	knit dissolve brew weave blend burst explode divide split mix break carve
fifth	twenty hundred thousand eight fourth nine seven ten thirty twelve six million
feeling	sympathy emotion effect pain happiness desire soul suspicion guilt atmosphere thought idea
county	region province reservation ward department town city state territory district reef mansion
leader	follower pope terrorist person trainer employer politician commander guide hero boss chief
official	corrupt Arabic narrative federal European senior democratic Spanish public general ex united
energy	heat electricity force power radiation strength light wind sunshine level signal intensity
December	January February November September August March July April June month October Christmas
difficult	easy simple elementary alike Chinese foreign Japanese Russian impossible English Arabic Greek
peace	harmony stability order war soul freedom agreement desire happiness conflict state summit
tie	conquer sew lock hang stick strangle blink classify tuck tick suspend attach
Thursday	Wednesday Tuesday Friday Saturday Monday Sunday day holiday night morning week evening
Tuesday	Wednesday Thursday Friday Saturday Monday Sunday day holiday morning December evening week
orange	lemon apple color fruit grape banana tree blossom strawberry pear cherry peach
guard	escort cell officer defender device survivor scout key reminder keeper fighter monitor
normal	teenage human scared social healthy different high Muslim others nice little old
science	math mathematics technology engineering chemistry economics physics subject intelligence philosophy politics biology
language	text communication conversation phrase charm discussion verse exchange cookie debate accent writing
soul	spirit mate self man god friend animal feeling being contestant acquaintance ruler
camera	footage equipment film phone developer telephone setup satellite system reel receiver sequence
site	web portal computer monument premises cemetery position lot server client machine plot
January	December February November September August July June March April month October year
period	century time sentence year month division cycle week age blossom overtime daylight
marriage	custom family ritual couple slavery habit survival clan ceremony institution pattern practice
credit	entry salute memorial purse debt sanction applause tribute percentage sum warrant permission
lawyer	prosecutor client referee counselor advocate counsel doctor sergeant publisher critic adult teacher
currently	
ticket	process platform passport sticker coupon estimate marker document mark warrant bill resignation
career	solo business progress specialty teaching occupation job education March movement support photography
appreciate	express intend suggest mean decorate drink conceive believe think imply aim represent
suit	shirt dress businessman coat clothes baron operator owner hill king diaper hose
chocolate	milk cake coffee food lemon straw alcohol tea ice liquid cookie booze
describe	communicate print copy reinforce manifest exaggerate disclose deceive certify interpret presume educate
favor	kindness tendency advantage forgiveness pardon handicap dislike sympathy trend privilege goods profit
island	zone earth ground continent spot place top tomb summit grave target neck
sun	ray star light glow planet moon radiation earth dwarf daylight titan celebrity
definitely	sometime someday better today again tonight right anymore there tomorrow exactly pretty
pressure	force boost wheel interaction reflection chaos resolution electricity cloud influence energy event
honey	sugar lover toast butter sweetie sweetheart pet bee soul person insect bear
beginning	middle end ending division origin creation birth trouble inning ingredient component bout
doubt	suspicion reservation self confidence ability curiosity consciousness confusion interest benefit guilt innocence
opportunity	hearing audience room sale existence being life prospect equality eternity presence state
memory	image mind recognition module representation faculty identity scene scent discrimination acquisition interpretation
oil	gas olive grease gasoline wax acid stain protein sugar water coat export
tough	protective elementary tender simple easy usual fair dry used strong English last
website	computer portal server client machine link web stock machinery gin assembly motor
society	culture unit chapter friendship association civilization mob institute gang conference league destruction
pack	coordinate put insert tuck swallow lay set clap install lean surround replace
damage	injury ladder cause translation explosion expense transformation variation separation transition revolution birth
style	sort form kind component setup lifestyle signature flavor description species brand model
weekend	period blossom overtime daylight honeymoon semester reign tide lease bout era peak
detail	discussion respect fact part information component portion expansion consideration communication truth indication
mad	disappointed likely natural jealous sad stupid sure dark whole scared late
jacket	coat jeans skirt suit shirt button envelope device key hook arm lure
band	collar streak conspiracy party chorus orchestra patch organization club pattern crowd choir
weird	everyday familiar usual natural little Spanish human used last English
discuss	whine chant bark whisper snap shout deliver sing read dictate hum communicate
available	additional limited primary content financial official public single poor German different next
pink	gray white bright cute popular beautiful big last
series	episode broadcast program rash sequence cycle chain train volume journal issue publication
belt	loop region accessory dress seat uniform clothes reef mansion vacuum paradise interior
remove	dispose expel extract dump dig throw bark unload erase dismiss abandon waste
cash	payment discount money singer currency traveler musician player incentive royalty refund premium
copy	describe draw construct produce generate publish make modify alter change bring put
busy	mere severe plain lazy simple usual likely super unlikely final little free
smell	perceive touch receive hurt catch listen hear feel see notice behold hum
approach	speed avenue closure door movement entrance structure maneuver pursuit stream flow progress
attempt	assault crime robbery offense essay contribution struggle trial battle activity support felony
salt	pepper ingredient sugar water grain soda egg dough ginger herb spice preparation
natural	artificial marvelous magical charming violent fake weird blond vast human massive original
somewhere	else nearby surely here maybe rather perhaps there tonight still probably already
subject	mathematics math philosophy science history question physics frontier engineering technology biology opinion
speed	approach movement expansion pace rate maneuver pursuit stream flow progress rush flight
goal	ball end basket terminal intention object education counter wire tape equipment tip
stomach	pump heart pit pain feeling tendency liver gut organ groove cheek trunk
smile	greet nod aim represent indicate communicate appreciate tell disclose impose expose inform
mess	difficulty situation pinch vitamin strain dish meal problem status condition food taco
manage	hold succeed tend act revise finish achieve keep work repay interact prosecute
professor	instructor principal teacher assistant tutor chancellor coach student publisher critic attorney lawyer
aunt	uncle cousin sister niece relative relation father husband wife child sibling ancestor
pen	pencil fountain creep drawer marker dock cage chamber sanctuary choir aisle spear
tax	duty custom assessment revenue income property debt amount donation possession principal loan
defense	team umbrella squad protection action enemy mechanism game verdict attack escort engagement
amount	proportion resource number wealth margin revenue purse coverage profit limit order debt
media	press platform cinema environment album vehicle film outlet television communication block journalism
birthday	anniversary date Halloween holiday Sunday June Monday year evening August November September
fat	slim thin skinny depressed slight fine ugly low healthy sweet high sleepy
simply	clearly sometimes quite actually once then often there well home too even
extra	essential necessary careful large glad little high likely late next hard
bread	toast rice butter grain bun cracker wheat money ingredient cheese cake egg
suffer	see mourn undergo feel care congratulate entertain regret change increase burn strengthen
ray	sunshine sun light daylight glow bias stem radiation bulb cane trunk branch
huge	lesser atomic slim tiny small little potential economic global western natural black
admit	pronounce cancel accept certify approve agree endorse evaluate qualify sign refuse expect
economic	political global strategic brutal severe environmental current cultural regional vulnerable remarkable civil
loss	failure sacrifice estimate acquisition heritage grant amount possession error fault mistake price
bus	shuttle train transport ride cord cable wire brake device litter lure comb
tired	original new sick usual constant asleep sleepy obvious little hungry super thirsty
image	memory representation impression quality appearance portrait face drawing display photograph document map
review	procedure examination section assessment criticism document autopsy inspection comparison survey evaluation rating
target	victim user reference spot place civilian casualty terrorist bull tomb summit grave
quiet	residential peaceful soft shy sudden western embarrassed flat empty Chinese little past
article	writing structure newspaper journal magazine rider section blog version fragment text art
effective	simple safe new high English used
battle	war combat assault effort attempt action custody marathon storm essay contribution encounter
quickly	slowly surprisingly relatively quietly very so downstairs fairly easily pretty away too
camp	jungle housing tent apartment structure suite rally gang audience bunch crew pair
bird	eagle owl swan pigeon penguin raven goose prey crow bat fish cat
opinion	belief conclusion idea pole judgment mind topic matter subject message proposal determination
manager	administrator trainer president assistant executive chief leader minister employee secretary worker employer
totally	partly actually right almost now even
accident	injury wreck casualty miracle scene cause lottery coincidence traffic disaster trip failure
itself	whose anybody yours whom somebody everybody nobody whatever mine anyone everyone whoever
political	economic cultural stable current spiritual distinct presidential democratic religious conservative major former
beach	coast spring slope fountain ridge depression cliff cave shore mountain object trench
generally	specifically very fast pretty well better only home too where right
contract	insurance lease agreement charter partnership policy term franchise auction employment treaty poker
product	export stock import feature quality value quantity freight flick shipment inventory cargo
recognize	embrace believe evaluate tolerate rely celebrate trust know depend bet conceive attribute
knock	slap beat ram touch smash kiss kick manipulate grind lick stun slam
football	baseball ball basketball sport cricket hockey game marble tennis golf shooter counter
swear	guarantee promise condemn plead testify advise propose suggest tell undertake certify boo
flight	stairs solo formation airline speed journey trip movement flank line ladder transit
standard	unusual rare particular special double moral lower high environmental international western Chinese
grant	award aid addiction scholarship welfare request portion gift distribution acquisition heritage loss
professional	comic medical personal used true real young strong difficult clean great own
hill	businessman building mountain temple structure castle baron operator owner suit king church
tear	isolate cut move dice trim carve hack chop chase roll scrape scratch
travel	accompany fly visit zoom roam whine swap scramble descend drift retreat wander
seriously	awfully very too so far never ago just ever today anymore
original	secondary ultimate senior tired last faithful holy Arabic natural interesting Japanese important
lovely	ugly sunny round little young clear red nice old new
scared	stiff dark normal silly nervous little alone lonely dead stupid likely others
clothes	laundry suit jeans accessory uniform import lid diaper hose robe vest fur
fault	failure virtue merit deed weakness value disappointment breach quality loss state interference
bomb	grenade weapon robot torpedo cap device gauge meter radar failure instrument explosion
deserve	specify underlie hum terminate decorate disagree consist confuse stink lend lean define
gentleman	lady sir man scholar butler monsieur bachelor ham servant bull boyfriend cat
lunch	meal picnic breakfast dinner feast supper snack tea sandwich jelly salad pizza
heavy	due wooden thick super late slow used dark big cold short large
direct	foreign superior current free new
queen	ant knight bee princess insect bishop jewel bug worker lady mate butterfly
load	merchandise product bin grocery bag equipment inventory stock maximum gun box leader
rise	increase bloom evolve build derive straighten gather travel add sit move go
Wednesday	Tuesday Thursday Friday Saturday Monday Sunday day week evening month afternoon morning
deliver	retrieve communicate bless dictate hum yell scream discuss ask convey nod greet
link	contact knot locker loop clip seal nail button website bow hook screen
spirit	soul ghost heart atmosphere courage character nerve status condition freedom level despair
trial	experiment audition effort attempt inquiry research essay contribution struggle battle error probe
taste	music smack sensation culture discrimination vision fashion sound distinction perception approval cult
belong	swim specify dwell underlie hum terminate decorate disagree consist confuse stink occupy
likely	unlikely remote supportive awake hungry depressed sensible desperate able violent late sleepy
perform	act accompany interpret renew forge render conduct marry refresh restore capture replace
grand	poor opening final guilty Chinese old left new
weight	importance value mat spike bag significance equipment ball shuttle basket basketball baseball
introduce	undertake activate communicate arrange establish found reinforce manifest exaggerate disclose deceive certify
driver	slave worker passenger expert participant player officer collector supporter poster servant operator
February	January December November March September August July April June month October year
holy	Roman Muslim original important good
soldier	commander marine officer worker man rebel insect captain vet sailor veteran ranger
proud	mild humble broken natural handsome ashamed Canadian American poor Russian personal real
significant	slight economic military Russian last
fund	infrastructure budget money charity bank net profit dough bread sugar organization company
produce	publish print create make provoke scrape incorporate compose initiate construct imply chop
flower	stem fruit plant spring herb seed festival season period rose cone autumn
invite	plead pretend require expect tickle frighten scare inspire relay acknowledge insist bid
Russian	worldwide Turkish Spanish German Greek European Asian eastern Swedish native English cultural
range	hearing spectrum horizon limit north extent maximum minimum patch plot desert yard
grab	bite claw capture move throw reach jump fly swing turn stumble shrink
hole	leak vent gap pocket pupil breach rent crack mouth jeans wall drill
afternoon	daylight farewell greeting morning evening salute hail reception period hour session blossom
victim	killer survivor prey target mug sucker lamb goat fool soul person child
witness	testimony expert speaker spy observer narrator person attorney star declaration soul evidence
mix	inject modify include melt bake dissolve burst explode divide split cook increase
truck	pickup semi car tank vehicle rig engine cart transport taxi wagon automobile
rose	bush plant wine vintage cotton pepper tea alcohol flower tree marijuana champagne
nine	fifth thirty twenty hundred twelve fifty thousand eight fourth seven ten sixth
heat	temperature energy electricity radiation sun power pain sweat perception signal weather light
education	school ignorance music experience culture acquisition support scholarship activity goal career knowledge
wood	pine oak log cherry material actress knot olive grove jungle actor player
enemy	opponent troop friend ally cancer slave leader lion mouse defense people lord
stone	cement mineral tablet ground matrix marble crystal material stuff paper earth cherry
material	explosive structure import wood export sand molecule ammunition atom diaper canvas lace
international	domestic national federal Olympic crucial standard western artificial English united official total
challenge	situation address circumstance inquiry examination question determination request balance resignation revelation denial
statement	evidence truth theme pro con proof prediction qualification summary declaration proposition input
beer	wine alcohol liquor tea booze sake coffee vintage gin vodka whiskey cocktail
German	Dutch English Swiss Russian Spanish Swedish Italian low secondary French Australian British
female	male lone nude constant prime separate human pregnant united German young American
tour	journey shift transit voyage expedition period trip ride trick night year movement
request	interview explanation message address information prayer appeal application collection assistance grant plea
performance	concert evaluation interpretation magic demonstration presentation improvement premiere mechanism routine benefit number
staff	management crook body bow club patrol rank cane immigration membership registration establishment
interview	request examination conference question session discussion inquiry challenge clinic negotiation debate argument
forever	together then here once ever away now
terrible	keen mild acceptable gentle swell solid best good fond current cold economic
worst	best keen mild acceptable gentle swell solid good average possible economic own
assume	trust reckon imagine guess believe think insist evaluate change figure conceive attribute
Chinese	traditional Japanese authentic Mexican characteristic standard Korean Indian actual official grand European
legal	false illegal wild new same used sure
nation	ally people relation council organization population lobby leader activist feminist rebel unit
access	door road entrance block privilege feature network portal arch quality franchise passage
juice	ingredient egg mixture cereal fiber grain meal food milk glow resistance sugar
immediately	downstairs almost inside away home back outside later better then so once
supply	market activity mission mask art variation measurement occupation teaching negotiation laughter buzz
apartment	studio building suite housing balcony floor camp bedroom structure house ward center
role	villain hero hat leadership duty utility audition behalf assignment task job method
British	American Scottish royal prime former Indian English independent general military German Chinese
effort	success workout difficulty exercise struggle stunt rally labor action achievement essay contribution
current	electric rapid political civil economic financial previous content prime satisfied direct strong
purpose	idea sake industry utility resolution education object culture meaning life quality energy
mountain	ridge sea hill flood ocean mile slope peak valley chunk battalion spring
nature	existence universe world humanity beauty harmony quality power effect role advantage balance
former	latter upcoming instant immediate prime British political American poor German important French
mission	assignment operation charge supply crew duty support maneuver campaign attack communication committee
development	progress improvement perfection correction reform remedy compensation amendment maintenance speed decoration transition
prison	situation institution acceptance complication environment challenge thing state degree life death domain
sad	keen acceptable swell solid glad best good lonely depressed dear happy unhappy
warm	cool global cold sunny usual generous thick soft dry gentle pleasant hot
skin	bone tooth hair surface feather nose screen jaw rib skull knee needle
escape	run avoid leave depart abandon quit start manage capture seize try distract
title	name subtitle legend nickname banner signature brand orphan verse text autograph cue
demand	plead pretend relay acknowledge bid pray crave convey instruct compel transmit tempt
client	lawyer therapist buyer reader guest consumer computer attorney server website site user
apply	pretend require expect relay acknowledge bid pray crave recycle convey instruct transmit
could	ought shall must should may would can will
anywhere	else anytime rarely never everywhere lately today straight recently hardly tonight almost
hire	provide undertake guarantee acquire declare get recommend swear condemn plead testify advise
degree	temperature award honor intensity summit ladder peak depth height quality plane property
fellow	member traveler inmate friend worker dog date immigrant man self citizen affiliate
dangerous	safe armed fatal chemical elderly illegal violent alone wild human sharp stupid
cute	super adorable sexy pink shy smart little real funny round stupid small
folk	name royalty country lot trash clan minority lobby sector population generation circle
hall	bathroom room closet corridor corner palace compartment classroom gallery engineering chamber toilet
print	describe draw construct repeat produce mock generate modify alter change put amend
seek	pursue act want cope play engage crave repay interact prosecute descend presume
quit	withdraw leave depart change run start undergo strengthen modify refresh adapt evolve
artist	architect con drawer musician photographer master self creator person developer maker designer
thought	suggestion provision consideration preparation thread explanation construction plan notion inspiration substance belief
careful	quick sharp extra sensitive Latin next hot opening little obvious alive dangerous
blame	condemn evaluate observe accuse mention try accept conceive assess anticipate reckon calculate
bother	fight stimulate endanger frustrate treat manipulate tease persuade dominate expose try modify
bye	goodbye alright wow welcome hello hi sorry thanks okay hey yeah yes
plus	minus specialty resource advantage quality calculation handicap resort assistance privilege goods profit
girlfriend	woman boyfriend wife friend siren mistress dame madam widow sweetheart peach beauty
beyond	besides towards below upon above among onto per except despite across near
angel	guardian devil god demon patron supporter sponsor brick sweetheart child fairy soul
hero	villain coward role defender guardian leader traitor reminder keeper escort monitor guard
represent	imply smile appreciate ask put tell highlight disclose expose indicate reveal repeat
dry	wet clean frozen southern warm Turkish hot cool tough cold red clear
fool	clown goose victim comedian person dummy lamb moron goat sheep dope idiot
relax	calm decrease fall thrive dissolve conceive expire awaken integrate shrink boil react
operate	hold pull handle coordinate organize conduct tend revise touch dominate strike kiss
section	review neighborhood clause passage introduction chapter episode article spot area seat writing
depend	accept embrace recognize cost tolerate celebrate specify underlie evaluate hum terminate decorate
scream	whine sing chant bark whisper snap deliver read dictate hum communicate discuss
discover	forge evolve invent develop imagine perceive manufacture figure smell receive create touch
conversation	language commerce chat exchange speech argument gossip dialogue jazz charm discussion negotiation
century	decade period span dozen year blossom overtime daylight honeymoon semester reign tide
butter	peanut cheese toast bread cream milk substitute ingredient fighter egg honey popcorn
twice	once already only fast almost usually right even today better never
duty	tax custom requirement assignment task function role office job custody mission hat
relate	publish instruct designate notify testify advise volunteer warn indicate announce remind introduce
feature	film movie product magazine badge aspect flick dimension jaw chin cheek forehead
strange	everyday native familiar usual old individual little true awake past human dark
evil	good innocent lesser prior pure necessary special human worse easy full Muslim
worried	easy frequent sick little slight nuclear mental global lost past late missing
wild	domestic legal giant deep native dangerous human crazy warm favorite free best
activity	exercise process behavior fun market business control sport communication growth variation measurement
guest	journalist customer client visitor host patron buyer reader consumer author writer traveler
engine	motor car aircraft truck generator carrier gear machine automobile motorcycle auto rocket
corner	room booth hall area point spot bar library sanctuary choir aisle place
quality	quantity goods air ability product difference dimension ingredient image value control degree
comment	scandal rumor report shaft courtesy observation reference statement request topic word mistake
settle	dissolve clap insert install lean arrange replace introduce finish break kill inject
stock	product shelf merchandise capital investment grocery pier brace rib stairs leg store
command	order authorities authority army armor headquarters enemy resignation revelation denial objection proposal
benefit	interest payment performance advantage sake goodness goods tip incentive royalty refund premium
bottom	top foot heel region front gum surface heart poll interior groove reef
central	petty Asian eastern European western nervous common public American large new
justice	warrior man judgment burger prosecutor ranger officer virtue victim ambassador minister page
calm	relax become thrive dissolve console conceive expire awaken integrate boil react decline
opening	last final grand Olympic new close American careful next great own
success	failure effort luck triumph victory health touchdown event welfare result achievement independence
award	medal scholarship grant contribution addiction gift decoration ribbon trophy degree symbol donation
neither	several less least few each enough both such many every most much
remind	communicate reinforce manifest exaggerate disclose deceive certify interpret presume educate demonstrate reflect
nurse	doctor woman keeper lady wife defender guardian patient girl mother bird physician
union	relation country turkey sex organization state republic company party territory army nation
buddy	friend comrade roommate companion associate fellow soul person secretary girlfriend date contestant
commit	act send convey upload transmit employ download apply use try recycle repay
map	chart representation treasure transformation expansion operator icon drawing display photograph document image
honest	tricky clever poor brave satisfied wise entire easy others hard strong sure
schedule	project fare program list plan portfolio guideline regime inventory outline stack menu
bridge	building gate shelter circuit gap structure communication dam connection stone block wall
used	fresh new revolutionary radical recent neat vocal chemical app professional thin nuclear
necessary	unnecessary extra sufficient evil painful worst complete fresh national social human healthy
fresh	used cold old antique rotten yellow weekly frozen soft pleasant delicious healthy
potato	carrot onion vegetable tomato pepper mash pea crop rice plant peel grape
federal	southern gray local official international American new
self	awareness consciousness confidence soul person artist doubt man fellow worker beauty jerk
restaurant	hotel building diner grill cafe tower cinema architecture ministry temple theater center
obviously	right yet sometimes well too there
upset	due disappointed little careful likely angry clear
average	great marvelous tremendous remarkable extraordinary terrific unusual rare fantastic particular wonderful special
customer	buyer reader guest consumer waiter representative transfer employee user owner worker diner
advice	recommendation warning proposal lesson proposition suggestion message hint trace advance criticism information
direction	path trend east tendency route northeast southwest southeast northwest south north west
suspect	killer soul person suicide being spy detective con peanut contestant acquaintance ruler
software	virus upgrade routine procedure code supervisor spider address worm editor version source
wine	beer champagne vodka rose alcohol bishop port booze liquor sake milk gin
avoid	prevent forbid escape embarrass cross frustrate stop disappoint ruin undo betray fail
correct	false wrong native natural wise sure English following perfect complete possible free
rice	grain cracker bread cereal potato bean wheat corn grass vegetable author writer
league	association team federation mob lodge rod palm institute nail gang inch yard
option	decision preference election action intention appointment interaction kindness opposition achievement employment execution
owner	slave goat worker patron publisher letter pet businessman holder dog soul person
besides	towards below beyond onto upon above among per despite toward throughout across
male	female typical separate average white human tall black American red blue true
super	cheap little lesser atomic slim limited tiny commercial small attractive cute friendly
gain	extract acquire enlist regain retrieve inherit isolate recruit recover borrow earn hire
tip	terminal guidance counsel benefit destination goal payment incentive royalty refund premium bribe
wash	unload shave fetch highlight retrieve polish shrink repair amend modify alter improve
grade	rank slope suite rally status gang audience bunch crew pair crowd camp
separate	collective corporate joint identical male female private white public German important English
shape	triangle body cone disc person pyramid flare tower circle plane size universe
nearly	ago badly according fast now today away always well yesterday
towards	below besides beyond onto upon above among per despite except throughout across
winner	loser contestant soul person judge participant competitor starter rival shooter opponent athlete
speech	phrase conference lecture charm discussion conversation nomination debate contest resignation revelation denial
crowd	jam crush army city suite rally audience pair grade camp community meeting
below	towards besides beyond onto upon above among per despite except toward throughout
tape	record video strip audio wire destination goal locker cramp reef disc disk
spread	deploy move fly stumble scatter shrink stir wrestle chop sweep hop sail
ruin	starve burn devastate disappoint reserve deny devote betray fail forbid prevent keep
transfer	introduction delivery being soul person student computer customer decoration passage improvement ending
individual	common helpless dependent mutual joint public unique vulnerable emotional social creative rare
responsible	tricky global independent economic own others certain clean young likely wrong
insurance	contract shelter protection security health charter lease partnership franchise treaty convention debt
shake	move reach stumble shrink stir wrestle chop sweep hop sail twist click
impossible	possible alike difficult current unlikely short foreign next true dark easy past
network	transportation railroad transport cloth fabric material railway connection scheme system access rail
trick	device shift spell tour magic trade teaching setup violation activity decision foul
compare	analyze reflect examine wonder seem inspect specify underlie diagnose hum terminate decorate
positive	negative false prime individual others wrong Muslim hard last little
pleasure	pain happiness selection choice sex comfort feeling bonus input relief despair enthusiasm
jail	institution university structure spa outlet office monument plaza balcony porch fountain arena
refuse	accept acknowledge answer weaken greet explode wonder allow let admit offer cite
conference	summit meeting speech seminar session interview discussion association clinic forum negotiation mob
regular	occasional clean full important small long used good
secretary	boss president supporter assistant chief type administrator instrument deputy executive lieutenant model
firm	business publisher dealer corporation newspaper magazine franchise manufacturer maker partnership agency enterprise
disease	diabetes cancer plague complication sickness illness disorder madness flu dose leak addiction
survive	overcome defeat breathe destroy expel conquer beat exceed lick swallow cheat thrive
district	province city town jurisdiction acre region precinct parish suburb venue reservation ward
hunt	pursue stalk haunt acquire move get go regain expel elevate retrieve inherit
theory	basis quantum concept conspiracy assumption explanation model belief universe teaching conclusion key
criminal	gangster thug accessory traitor runner hood murderer punk thief torpedo robber assassin
publish	translate disclose expose indicate reveal repeat relate inform convey betray predict quote
wide	narrow thin limited awake deep whole black tall long high small big
pair	portfolio choir suite rally core gang audience bunch crew crowd grade camp
drunk	sober blind super last naked little local dead likely stupid low asleep
industry	finance business fishing building trade determination purpose output yield venture advertising storage
launch	kick throw hit open pop bounce toss move carry expel elevate stir
safety	net area equipment health regulation device salvation relief status condition freedom state
breathe	expire choke lend contribute survive exist add sniff blow inform gasp modify
particular	frequent universal democratic ordinary gross broad popular average standard common general local
screen	curtain computer protection surface crack armor shade housing shelter shield roof skin
faith	god cult church establishment belief institution yoga charity sentiment conviction prospect expectation
boyfriend	man girlfriend boy monsieur bachelor ham bull gentleman cat dude sir lover
minister	president executive chancellor ambassador page administrator preacher shepherd priest prosecutor ranger bishop
sky	gas air fluid oxygen breath exhaust liquid matter bird cloud firework rain
otherwise	fast once better now early away often tomorrow even never today only
paint	capture illustrate renew forge perform act cover refresh restore replace play accompany
plenty	sea flood bounty wealth quantity excess chunk battalion ocean mile amount maximum
lake	pond water stream ocean pool sea river stone rock dye stain gulf
download	upload convey transmit communicate commit send install relay acknowledge move reserve beg
cheap	expensive super splendid artistic outstanding supreme superior brilliant prime excellent solar dear
farm	ranch job acre workshop laboratory laundry lab studio shop port address point
percent	proportion scale rate ratio efficiency frequency control investment discount pace jerk flow
connect	cite attach refer mention join think quote knit evaluate insert assemble tackle
grandfather	father ancestor cancer uncle slave relative relation torpedo baby parent wife sibling
famous	unknown historic Brazilian rich ancient Greek Roman American united Chinese awake beautiful
herself	whom whose anybody yours whoever somebody everybody nobody whatever mine anyone everyone
airport	strip installation facility station shuttle exit runway transit forum grid transportation assembly
emergency	brake button state crisis case governor exit bell elevator occasion alert gag
location	track determination intervention activity jungle region point identification variation measurement provision occupation
wave	motion crash movement roller pulse tide rotation gesture jerk stroke dash approach
lieutenant	colonel officer supporter assistant marshal captain warden policeman ranger sergeant sheriff defender
pound	ounce penny dollar ton unit mole gram ban cord gal barn acre
glove	baseball scarf coat hat rubber bag base mask thumb plate mat accessory
signal	electricity output input alert beam whistle symbol alarm energy communication code radiation
switch	undo return sell amend dispose recover dump change turn undergo strengthen modify
channel	tunnel passage transmission chap aisle throat crack communication runway corridor extension tube
vehicle	car truck fuel craft rocket motor media cart wagon vessel aircraft missile
thirty	twelve fifty nine sixth fifteen fifth forty twenty eleven hundred thousand eight
meaning	sense concept word point implication thought idea essence burden lesson interpretation message
shock	combat encounter vomit conflict struggle battle war reaction response revelation action discovery
wound	infection slice trauma harm pain distress pinch bruise fracture bump sacrifice mouse
grandmother	ancestor father mother relative relation sweater machine hood sibling partner cousin child
magic	performance interpretation fairy demonstration presentation exhibition belief trick carnival circus exhibit display
digital	essential new
popular	unusual rare particular special contrary historical worldwide scientific Latin American Korean young
election	opposition option status contest government state decision action campaign freedom equality par
foreign	domestic native constitutional inner internal direct English hostile negative cultural dependent inevitable
apparently	yet abroad already yesterday quite too very anymore just else so only
affect	change irritate manipulate modify persuade dominate alter stretch expose refer relate increase
quarter	division inning ingredient component bout factor element beginning period middle precinct concept
ability	intelligence skill quality knowledge brain module science talent reason sense doubt difference
recently	relatively fairly quite anywhere once only ago together even outside very well
wing	clip stage mirror organ elevator platform device tail bat leg runway pier
collect	summon pick keep retain preserve save grab manifest reserve deny devote recruit
affair	concern celebration ceremony interest involvement relationship installation enthusiasm bash funeral wedding state
village	community hood house region suburb west parish territory neighborhood district north center
heaven	hell region dream imagination reef mansion vacuum interior atmosphere layer depth zone
version	type bible interpretation breed writing sort form kind article text flavor explanation
contain	include embrace forget pronounce consist spill spread remain fill set found smoke
identify	conceive believe think admire recall determine set decorate drink evaluate isolate vote
cent	dollar copper coin dime nickel eagle species currency money cash bill unit
bone	skull skin transplant tooth flesh muscle jaw rib chopper forehead feather shell
crew	unit mission board den household outfit squad troop side team family suite
responsibility	action requirement domain arena orbit custody sanction discrimination realm occupation enforcement punishment
sock	hose flare stake shoe accessory uniform signal clothes dress hole lid diaper
beauty	charm woman perfection example girl glory wife soul appearance nature siren mistress
hurry	negotiate consult wrestle handle travel act move go speak talk whine chant
magazine	flick newspaper edition issue book feature publisher publication press article production product
square	number desert center triangle patch plot yard range site field park lot
similar	Italian southern northern Turkish Spanish different modern Russian Arabic same Japanese German
beef	pork cow meat cattle steak bull chicken objection goat sheep exception complaint
lift	move expel stir squeeze spill disturb pour slide wrap swing lock lay
technology	science teaching profession application business discipline subject job biology journalism architecture politics
worker	employer bee owner soldier insect fellow collector supporter poster servant rat assistant
owe	figure specify underlie hum terminate decorate disagree consist confuse stink lend lean
crash	wave noise casualty injury scene rattle roar thunder bang boom blast cause
measure	communicate introduce nod greet impose inform decide speak write pay ask talk
twelve	fifty thirty sixth fifteen nine forty eleven fifth twenty hundred thousand eight
chase	dice trim carve rip hack chop scrape stalk haunt scratch claw isolate
excellent	commercial cheap physical Russian German English short French small good great close
possibly	how tomorrow already else so now even well only right
apart	slowly far sometimes ahead also together else almost once so inside even
lack	motivation confidence absence capacity difficulty health necessity awareness status condition situation enthusiasm
soup	dish salad composition situation liquor meal taco chili barbecue pizza cake mixture
committee	panel jury board bureau intelligence council agency office mission unit cabinet organization
earn	acquire get buy find regain retrieve inherit isolate obtain recover borrow gain
bond	attraction certificate treasury gravity force thrust patent passport deed assignment license bill
fifty	twelve thirty sixth nine forty eleven twenty hundred thousand billion eight fourth
weather	rain wind storm snow cloud sunshine breeze frost Easter hail draft fog
connection	internet contact network involvement alliance bridge container hardware transport means device equipment
yard	garden playground field foot park lawn campus patch plot desert square range
pool	organization lake water lane party ditch lap coalition affiliate federation establishment alliance
killer	victim whale suspect suicide convict soul person being difficulty contestant acquaintance ruler
screw	spin knit attach bind stick throw turn connect move fix stumble shrink
senior	junior teenage petty tender secondary initial prime basic original small young little
moon	satellite titan planet earth object sun star month land ice ground orbit
announce	communicate reinforce manifest exaggerate disclose deceive certify interpret presume educate demonstrate reflect
crack	window bowl vent fracture nut screen cup chip groove breach rent channel
confirm	reinforce demonstrate establish prove show excuse explain modify alter ensure claim check
kitchen	cabinet room bedroom bathroom convenience floor compartment lounge classroom lobby gallery engineering
garden	patch yard backyard grove plot bush bed playground collection field lot wood
actor	waiter musician singer comedian principal plant tree performer talent demon writer politician
occur	repeat become come arise appear recall flirt prevent punish admit notice lie
treatment	massage management attention injection therapy disposal guidance finance administration permission commission mode
angry	healthy liable natural bitter slight rude disappointed silent sad obvious likely careful
breakfast	meal tea supper lunch dinner cereal feast picnic snack egg milk dish
argue	continue flirt plead proceed communicate tell say convey nod greet impose inform
suddenly	nowhere aside loud then away so quite very sometimes why outside again
truly	ever never only well once then always even now yet
prince	heir frog fairy leader king dragon knight queen lord lady sir planet
reality	experience fact perception truth life illusion fantasy objective reminder being existence idea
idiot	referee dummy sheep dope fool person soul being goose clown boss man
strength	weakness zip energy intensity capability property silence quality capacity violence age unity
awesome	smart last new
agency	intelligence employment organ navy army business activity action state police franchise manufacturer
goodbye	alright bye wow welcome hello hi sorry thanks okay hey yeah yes
excited	upcoming super nervous real new likely same whole happy little
celebrate	accept mourn embrace recognize meet believe rely trust evaluate depend bet conceive
intend	tell ask appreciate put highlight disclose expose indicate reveal repeat transmit betray
prefer	entitle designate assign cast reduce enjoy love alternate rotate appoint nominate authorize
production	film estimate process flick output yield inspiration volume fruit newspaper magazine movie
attorney	referee counselor prosecutor advocate client sergeant publisher critic witness adult instructor principal
object	earth moon goal construction sentence clause phrase ribbon curiosity prop destination hail
freedom	independence state equality safety action peace being slavery death election order status
adult	child lion teen woman man baby teenager host type boy beast creature
campaign	reform venture expedition race support experiment danger risk business task project maneuver
surprised	sudden rapid romantic little same able late unhappy alive French guilty honest
response	feedback outcome consequence activity statement effect result message request vomit shock prediction
skill	ability power knowledge art talent module faculty intelligence capability wit invention instinct
swim	go travel move want belong fly zoom roam specify whine underlie hum
mail	message carrier transport address communication package litter trailer vehicle junk examination transmission
colonel	lieutenant marshal captain officer clay commander man admiral hull corporal sergeant vet
culture	society tradition experience appreciation taste education knowledge concept discrimination idea food purpose
regard	evaluate decorate refer relate drink look attribute assess anticipate calculate assign reject
rent	income payment yield gap breach crack hole mouth net profit space store
clearly	simply easily slowly quite straight very so then well anymore still better
willing	free unlikely others personal clear sure poor new likely clean
repeat	convey transmit betray predict publish instruct designate notify testify advise volunteer warn
writer	poet reader ghost scholar butler buck journalist grass singer sand snow actor
council	meeting nation city bureau intelligence commission agency committee office class summit forum
determine	accomplish provoke assess motivate initiate locate identify count undertake induce activate execute
dig	remove work evacuate extract delete serve throw unload rotate modify erase bark
sight	scene audition aspect sense perception ear background coast representation presentation profile module
lesson	teaching instruction warning tuition significance import lecture meaning advice profession essence burden
bless	communicate deliver convey greet impose assign inform express speak write pay ask
convince	sell assure stimulate induce oblige compel encourage inspire decide let enforce implement
planet	earth dwarf star sun scientist moon alien follower person universe creature sponge
theater	cinema building communication region movie performance architecture ministry temple restaurant hotel center
whom	ourselves herself itself whoever whose anybody themselves yours somebody everybody nobody himself
powerful	helpless lame pale vulnerable faint weak military tiny wealthy rich modern economic
physical	mental psychological rational intellectual moral emotional complex excellent social human important full
bathroom	closet bedroom stall hall kitchen room convenience compartment lounge classroom lobby gallery
movement	maneuver rotation pursuit gesture jerk stream flow progress rush wave speed approach
engage	fascinate act provoke volunteer seek stimulate overcome overwhelm injure invite wake try
tight	too extremely usually pretty so really even very always right now just
bell	alarm button press device telephone emergency chorus whack beep buzz rap sigh
indeed	very far quite well right so there now
guilty	innocent grand little fine likely sure surprised bad wrong
deny	reject devote starve kill resist smash dismiss ignore ruin defeat evaluate keep
forgive	relieve spare agree resolve conclude arrange settle solve pay pray beg apologize
improve	become thrive dissolve conceive expire awaken integrate modify alter boil react decline
spell	shift possession time trick anxiety trauma depression moment bit minute day status
express	write appreciate tell nod greet impose inform speak pay talk translate wish
bright	sober dull stupid red merry visible green yellow pink blue dark naked
knowledge	power ignorance wisdom ability intelligence mind experience belief culture science education place
dirty	clean pleasant nice public wet full afraid little blue dark left old
associate	teammate participant ally mate member date friend peer groom supporter pledge bride
refer	regard affect connect apply involve calculate fascinate divide solve suppose guess say
salad	dish soup sandwich meal taco chili barbecue pizza cake dessert lunch potato
replace	refresh restore clap insert install lean succeed arrange settle introduce inject deploy
employee	administrator bartender clerk worker boss boxer salesman waiter server monitor customer collector
everywhere	nowhere absolutely there anywhere almost once always even where else together
modern	classical antique ex classic Greek ancient traditional historical mid European unique western
behavior	activity pattern offense manner action exhibit display attention suspicion variation measurement provision
specific	universal gross broad general possible high used
stadium	park structure monument balcony porch fountain memorial housing shelter tower bridge hill
split	dissolve blend burst explode mix cook break roast isolate bake melt snap
pretend	reserve beg apply demand invite ask warp communicate plead require expect relay
fake	authentic genuine natural real own personal used sick true hard
gate	bridge fence revenue door module hatch circuit barrier sum amount guard dam
attend	accompany assist help dwell occupy stretch extend belong fill cover lie sit
cast	quote elevate promote tell say submit entitle reply observe declare respond reduce
establish	undertake activate arrange introduce confirm lay open provoke motivate determine dispose induce
license	registration liberty patent passport deed certificate assignment bill law document freedom treaty
organization	affiliate party club government group distribution bench executive calendar management design plan
host	virus adult guest being party type woman man soul person mutant dwarf
investigation	research examination analysis search poll experiment autopsy inspection comparison surveillance survey review
cream	cheese butter whip cone ice elite milk perfume powder meal egg layer
disappear	terminate cease fade finish expire blink kidnap appear continue ignore figure notice
monster	dragon alien mutant troll geek witch character fish imagination soul person being
collection	stamp variety library book publication petition request magazine garden heap wardrobe batch
bunch	knot collection coma lump chunk suite rally audience pair grade camp community
rush	flow movement maneuver fountain pursuit stream progress speed approach closure immigration stroke
towel	fabric cloth cotton shred rag patch tag material diaper canvas lace silk
trap	lure bait drain elevator gin web net device design plan pipe layout
painting	landscape art application icon drawing sculpture canvas architecture frame philosophy labor history
neighborhood	house hood section community gang middle landscape presence parish settlement village class
wheel	gear ride roller force power pressure valve pump governor influence control reel
distance	altitude gauge span separation size region clearance density perimeter concentration reef mansion
danger	chance venture status condition health experiment campaign cause task threat project situation
reveal	threaten convey transmit predict translate quote publish show instruct designate notify testify
secure	safe sure little used new long
ourselves	whom whoever whose anybody yours somebody everybody nobody whatever mine anyone everyone
sexual	strong large young same important
comfortable	uncomfortable bad flat soft cheap possible warm small own safe others new
hook	nail curve influence key arch knot envelope crook locker loop clip seal
empty	full meaningful thirsty pregnant vast content homeless entire quiet left dark whole
exchange	conversation language attendance participation commerce involvement transaction cooperation revolution conflict chat competition
nor	whenever till although unless whether wherever though until since while than because
daily	stiff formal essential average various special satisfied perfect important great clean small
coast	aspect scene view slope shore background beach profile sight upgrade bank perception
hungry	likely tired super huge awake little worse sure angry full
aware	potential hostile financial unhappy own past difficult sure easy important French bad
potential	actual enormous nuclear full huge aware wealthy amazing economic great high others
onto	despite below towards besides toward throughout beyond upon above among per except
being	beast animal anti presence coward transfer soul possibility amateur person parent killer
television	radio receiver media reception satellite viewer film device system phone newspaper internet
blanket	layer body pillow hood roof sleeve lap skirt knee feather pit skin
pray	communicate reserve apply demand invite claim ask convey nod greet impose inform
loan	debt word term hybrid principal form particle stem root phone name payment
blind	rational keen subtle reasonable sharp deaf lame dumb lower drunk close low
loud	quietly upstairs so suddenly too extremely pretty then very outside rather sometimes
bowl	dish crack vessel spoon boat tub tin jar bucket barrel bath tank
medicine	prescription cure dose powder engineering physics surgery science profession vomit pill biology
library	collection room compartment lounge classroom lobby gallery engineering chamber toilet bedroom surgery
financial	limited current economic major desperate available due entire aware poor strong true
nut	peanut fruit seed crack block coconut bean coffee god berry olive spike
cancer	survivor disease scientist researcher soul person enemy patient tumor man uncle virus
pocket	wallet envelope bag hole key treasury space backpack purse glass container box
silver	gold metal nickel copper tin treasure iron fortune element material color stuff
shift	translation spell trick tour transition improvement advance night week accommodation adjustment recovery
traffic	commerce communication accident delay law marketing payment collection trade business transaction deal
threaten	expose reveal tell show instruct designate notify testify advise volunteer announce remind
fantastic	virtual realistic everyday practical ordinary familiar usual average
alright	goodbye bye wow welcome hello hi sorry thanks okay hey yeah yes
bury	conceal hide set put clap insert install lean arrange replace settle introduce
sentence	term period question clause judgment construction object phrase session year appeal sequence
freak	mutant fan supporter champion believer being parent advocate dwarf hybrid clone democrat
expert	computer relation witness sensation observer analyst therapist investigator wizard shooter specialist veteran
shower	bath rain toilet throne pot sink fog hail improvement snow wind weather
newspaper	magazine article publisher press production product writing book firm house edition flick
dumb	smart clever deaf blind young big
management	staff disposal finance administration treatment establishment organization permission commission sanction discrimination occupation
guide	god escort star tourist leader bible visitor trainer employer politician commander hero
weak	strong stiff severe powerful magnetic poor German human small sick used likely
function	hat duty transformation expansion utility operator behalf search assignment task job mission
clock	alarm timer gauge meter radar instrument ruler bomb battery whip weapon arm
equipment	camera safety tool setup satellite load telegraph reactor mat developer generator rig
citizen	voter civilian fellow mayor immigrant politician patriot soul person child contestant acquaintance
episode	series pilot experience broadcast program drama section news end clause passage introduction
slip	inject skate lay set move put climb clap install lean arrange replace
edge	limb perimeter platform frontier outline surface curve ceiling interior bow nose terminal
struggle	effort combat attempt war government workout difficulty exercise labor essay contribution encounter
tank	truck vessel tub tin jar bucket barrel bath bowl bottle car container
cultural	lone lonely alone artistic political economic unique complex foreign rich important western
labor	market slavery effort birth class workout exercise application struggle paperwork task procedure
odd	chronic strict exact usual perfect little true English next
competition	game playoff bout tournament championship match race event industry attendance participation semi
giant	small lesser atomic slim tiny little gentle wooden solar wild economic red
document	letter representation resignation charter patent resolution confession certificate platform source report writing
item	piece component portion part inventory container access collector substance basis unit member
dare	ask instruct warn require prohibit summon forbid overwhelm act reserve beg apply
wire	chain tape cord destination cable bus goal strip device light lure comb
assistant	editor instrument deputy lieutenant secretary model worker manager physician companion escort associate
commercial	splendid outstanding supreme superior brilliant prime excellent super new
defend	prevent tell say exclude reply observe declare respond announce mention shut explain
soap	bribe water preparation payment incentive royalty refund premium bonus penalty reward benefit
chain	series wire rash sequence cycle train link mail connection molecule streak parade
cheat	exceed overcome lick treat handle mock ignore expel tease roast interact defeat
champion	believer competitor defender rival guardian advocate reminder keeper addict escort monitor freak
sake	goodness alcohol behalf intention purpose welfare benefit booze liquor wine idea vintage
bite	grab penetrate seize tickle snatch claw capture intercept soak dip tick smell
device	battery computer system trick button lure comb bait valve sensor filter keyboard
holiday	Thanksgiving Halloween Easter day honeymoon picnic Christmas season anniversary summer Tuesday Thursday
proof	confirmation argument statement quantity pro symptom con trail amount track information lump
limit	maximum minimum range extent ending end amount speed hearing orbit scope terminal
afford	buy pay feed appoint equip offer compensate repay repair restore cater administer
darling	good
ignore	mock interact evaluate tease roast deny choose try deceive cheat conceive attribute
healthy	risky angry tasty wealthy delicious essential mutual active fat strong natural fresh
mate	soul animal associate beast creature lion drone affiliate participant colleague ally fellow
pregnant	hollow blank empty female due possible safe high left long
flat	rear round small comfortable opposite sharp ancient big nice warm new large
eventually	else back probably away later right always how again
beg	pretend require expect relay acknowledge convey instruct transmit tempt warn prohibit provoke
cheer	congratulate flatter promote recommend push stimulate evaluate assess amuse tickle frighten tempt
purple	gray deep white black
relevant	irrelevant long
brand	name mark sort form kind label marker flavor description species manner style
desire	dream feeling rage passion happiness hunger impulse tendency ambition sex addiction appetite
rid	get manage need try want use let wash decide help wish wear
solution	equation injection method mixture term statement government technique composition suspension metal prediction
easily	so clearly fully quickly quite very too usually once away pretty even
sixth	fifteen forty eleven fifty twelve thirty billion nine fifth twenty hundred thousand
advantage	handicap welfare privilege goods profit benefit favor asset plus weakness sake interest
division	fork inning ingredient component bout factor element quarter beginning period middle concept
apologize	reply tell say observe declare respond announce mention explain add answer suggest
divorce	attendance participation involvement transaction cooperation revolution conflict competition struggle exchange battle action
maintain	continue resume retain save collect manifest reserve deny devote recruit starve enter
gather	pour climb add grow thrive accelerate inject modify summon enhance interfere communicate
royal	British full
joint	distinct sole exclusive individual separate double upper lower Japanese
birth	death delivery hatch labor beginning control transformation variation separation transition revolution harm
senator	congressman whip representative deputy politician mayor governor leader trainer employer commander guide
successful	disappointed confident economic handsome smart united single hard German rich own happy
protection	service armor shade housing escort patrol shelter shield roof screen defense insurance
locate	determine acquire count move get expel elevate retrieve inherit stir isolate squeeze
album	photo volume book media chart notebook novel track cinema production vehicle product
email	address transmission channel confirmation communication detail receipt extension examination objection exam expression
thumb	bead glove hand decoration protection member lid mat armor rug envelope sleeve
register	inventory tone transcript translation log entry note color record memo pony subtitle
method	technique solution science teaching ethic discipline program government role wisdom villain ability
mostly	sometimes also home away right just very only still
ocean	water stream lake mountain river heap flock chunk batch battalion mint stack
perfectly	well still outside almost together then always so right here there already
circle	triangle conspiracy party plane shape pencil group flare clan minority tribe sector
button	press skirt bell emergency device elevator knot locker loop clip seal nail
ought	could shall might must may would can will
audience	opportunity chance gallery room possibility suite rally gang bunch crew pair crowd
prevent	avoid cross exclude frustrate embarrass defend shut stop protect disappoint interfere ruin
recommend	evaluate assess declare cheer modify condemn plead alter testify swear promise change
awful	keen acceptable pleasant swell solid nice best good delicious last
soft	hard smooth delicate brown super fresh warm quiet comfortable clear nice black
ghost	writer spirit shadow author soul butler buck poet journalist grass singer sand
particularly	however well never right there
path	direction resistance road way lane orbit circuit block alley mall jungle trend
negative	positive keen acceptable swell solid best good double enormous native mental foreign
neighbor	relative goat gossip soul person baby nephew jerk dog friend fool contestant
application	process painting engineering technology exercise job petition request support labor abuse activity
ally	country enemy associate commonwealth nation affiliate teammate participant colleague mate fellow partner
mass	temperature flood collection equivalent chunk battalion ocean weight sea mile destruction system
drag	initiate tow let permit allow tolerate endure authorize attract trust certify approve
hardly	ever anymore nowadays lately however so anywhere home there ago again maybe
influence	exposure impact support force power lure bait anchor hook interest action trigger
reduce	confine designate shrink assign elevate restrict promote cast improve change modify alter
fifteen	sixth forty eleven twelve thirty billion nine sixteen sixty twenty hundred thousand
noise	sound tap music hell rattle roar thunder bang boom blast crash trouble
shame	conscience feeling fear tragedy disaster confusion trouble guilt despair enthusiasm gratitude dislike
guarantee	swear declare specify hire sign condemn plead testify advise propose provide suggest
banana	apple fruit strawberry orange peanut herb berry pear cherry grape peach leaf
content	inappropriate current available empty high due low rich certain happy important alone
nervous	central super little excited sensitive scared shy likely real large
stress	importance accent disorder anxiety sweat delivery drone health tone level rating trauma
route	way highway orbit circuit direction block artery trail street trend passage lane
tool	hammer developer user engineer way equipment comb drill slave punch worker means
directly	why home never
pilot	episode fighter flyer sailor mate broadcast program whale passenger cutter fisherman butcher
meal	snack breakfast dinner dish ingredient lunch feast picnic supper tea salad dessert
breath	air pause rest activity wind consumption suspension reaction response gas sex control
Japanese	traditional martial Korean Chinese American English typical compound polite average Mexican native
agreement	contract harmony conspiracy bargain settlement deal statement accommodation peace prediction qualification summary
mainly	
commission	charge fee panel jury board tuition toll admission permission management salary bureau
bath	shower tray vessel mat tin jar bucket barrel tank bowl bottle container
lane	highway road path pool passage route access approach street sidewalk mall aisle
highly	ever quite today very away only too
estate	market property class land rental lease craft labor world possession people country
exercise	activity routine yoga effort rehearsal abuse application scissors difficulty struggle sport fun
propose	condemn plead testify swear promise undertake boo assure organize guarantee intend tell
kinda	
surface	interior boundary layer screen skin atmosphere bottom front top module road frontier
solve	divide guess underestimate resolve conclude understand penetrate grasp interpret classify translate suppose
capture	paint illustrate snatch claw attract grab intercept renew forge bite perform act
facility	transportation storage transit forum grid assembly zoo station arsenal archive terminal headquarters
governor	timer politician prisoner valve mayor leader emergency congressman whip representative deputy button
talent	genius star judge actor expert ability sensation observer analyst therapist investigator wizard
recent	upcoming antique instant immediate used yellow old remarkable global economic due following
progress	development reform career March journey movement improvement maneuver pursuit stream flow rush
fashion	cult pattern practice setup lifestyle signature appreciation taste property mask slavery cooperation
aim	imply smile deploy appreciate ask put tell highlight disclose expose indicate reveal
suicide	bomber murder killer poet suspect slaughter homicide ending soul person shooting abortion
tall	elementary short simple easy slim handsome blond thin skinny super average gorgeous
incredible	long
conduct	administer coordinate organize perform act do steer tend operate hold try repay
innocent	guilty vicious subtle wicked evil nuclear sweet certain young sure true
communication	language activity means examination transmission objection exam expression discussion traffic theater mail
flow	fountain rush movement rate maneuver pursuit jet progress speed approach translation creep
threat	warning declaration caution alert danger statement revelation introduction report denial hazard accusation
chip	block fragment piece crack rock dirt bag kit coal shoulder urine vomit
respond	cite observe permit declare regret announce mention agree explain add allow act
western	eastern legitimate superior Olympic central European enormous international standard cultural total independent
appeal	judgment conviction verdict plea request adoption lawsuit hearing suit case petition beauty
zoo	installation facility museum transit forum grid transportation assembly station arsenal archive terminal
balance	tension equality challenge composition situation nature density acceptance complication concentration distribution rig
latest	antique mid ex previous favorite great next
generation	span people period country blossom overtime daylight honeymoon semester reign tide lease
sample	rock coupon distribution example exception apology arrangement organization mechanism nest carpet existence
capital	venture means stock middle center percentage sum investment resource protection amount credit
lazy	quick prompt swift rapid instant windy busy brown stupid rich human used
vision	sensation imagination audition taste dream sound perception ear scent perfume smack flavor
usual	different exotic extraordinary unusual curious odd fantastic strange weird funny late busy
punch	tool thrust cocktail spike alcohol comb drill jaw booze liquor sake wine
ridiculous	wise little old
prisoner	hostage convict con governor survivor loser victim guard soul person judge being
nephew	uncle sibling cousin brother son sister neighbor relative relation ancestor partner child
pepper	salt ginger spice sauce pickle potato tomato bush cotton rose tea herb
roof	vault protection nest tile panel armor shade housing shelter shield screen hood
metal	nickel copper iron element steel silver gold tin mixture sheet acid stone
therefore	away very always never
lip	tongue comeback finger skirt button meat ear echo face bottom chap leaf
online	nowadays course also usually often far now only still too ever always
somehow	straight even home so always today just still there here
surgery	room medicine compartment lounge classroom lobby gallery engineering chamber toilet bedroom library
basic	secondary ultimate senior last human Japanese English French used good
wet	dry thirsty cold dirty warm likely used hard left next
bullet	shot gun pistol train missile pitch arrow weapon arm curve grape ball
studio	apartment suite workshop laboratory laundry lab housing farm shop job ranch camp
warning	threat caution alert lesson advice label revelation introduction report recommendation proposal trigger
row	fuss dispute difference column line strip controversy argument rank seat formation piece
graduate	inherit assign reserve administer distribute compensate modify alter acquire cancel change get
whenever	nor wherever till although unless whether though until since while than because
session	clinic semester conference term interview discussion sentence hour week morning period train
chest	belly drawer chin knee box head arm face area coffin heart container
valley	depression hill mountain canyon trench sink bed collector kettle pit tunnel slope
border	limb region outline surface interior side terminal limit end bottom front top
princess	knight queen fairy dragon leader king frog lord lady sir trainer employer
commander	chief soldier man officer leader captain admiral trainer employer politician guide hero
injury	accident illness pinch bruise fracture bump damage casualty slice wreck mouse sacrifice
ad	flyer trailer promotion plug message account disrespect significance reminder wit petition guidance
structure	building form article material concrete brain monument infrastructure balcony porch fountain fabric
freeze	shut fall become die thrive dissolve conceive expire awaken integrate boil react
package	address transport upgrade routine procedure container code mail supervisor spider deck collection
extremely	tight slowly loud lately well also fast quickly far then pretty
lemon	orange fruit tree tea chocolate wheat amber straw pear cherry peach gold
author	poet butler maker buck journalist grass singer sand ghost snow critic fan
indicate	nod convey transmit betray translate quote publish smile sign communicate reinforce manifest
purchase	acquisition assumption gift wind marketing outcome consequence effect result seizure donation legacy
zone	island spot place region park area northeast southwest southeast northwest tomb summit
possibility	rule assumption model prospect expectation concept being chance existence realm conclusion basis
despite	toward throughout onto below towards besides beyond via upon above among per
tiny	great large big heroic epic tremendous extensive enormous vast massive giant super
construction	clause phrase assembly thought object process sentence provision preparation thread creation explanation
cookie	cutter text cake chef farmer pancake lyric language curl fisherman flyer butcher
rescue	steal conquer seize rob sneak drown burn volunteer dive collapse shine injure
dump	waste abandon remove swap switch distribute give repay cater administer render resign
jury	commission committee body board immigration membership faculty registration establishment colony settlement leadership
familiar	exotic ignorant unusual curious fantastic strange weird funny Japanese English young good
silly	sincere thoughtful sober wise serious real ashamed human scared little true
mayor	deputy candidate politician citizen governor authorities authority leader congressman whip representative senator
argument	discussion difference pro con proof evidence row conversation negotiation conference language fuss
civil	martial rude military bloody diplomatic American current economic united last lost same
forty	eleven fifteen sixth billion fifty twelve thirty sixteen sixty nine fourteen fifth
detective	policeman officer operative copper inspector cop captain suspect expert gun warden marshal
diamond	necklace bracelet earring ice jewel carbon pearl jewelry gem element square bead
expensive	cheap wooden super rare mobile delicious useful white private black flat fresh
inch	mile foot barn acre rod palm nail yard league finger unit dam
rarely	often frequently nowadays anywhere anymore ever outside very tonight together home early
aid	teaching present scholarship welfare grant boost gift support service resource activity research
personally	too so better very never always right only
wrist	ankle elbow hip knee shoulder hand groove cheek belly trunk organ tissue
bay	water crow roar tree pear cherry peach willow oak palm coffee olive
stranger	foreigner soul person friend man dog contestant acquaintance ruler gem traveler observer
frame	photograph photo window picture person body grill rack representation painting barbecue mat
authority	rebel advisor consultant judge expert command soul person child control man counselor
organize	revise make administer coordinate conduct propose intend create steer tend operate hold
rare	common frequent democratic ordinary popular average standard general medium atomic precious individual
swing	travel move go set fall walk grab hit come zoom roam whine
population	people country data nation collection world group heap wardrobe batch mixture bundle
victory	end independence pin success halt outcome destruction result slaughter rack consequence decision
inform	write convey nod greet impose express speak pay ask talk change brag
appointment	nomination decision rug carpet selection furniture option choice wardrobe curtain lamp bureau
shadow	ghost illusion scene venue area front playground representation arena resort safety corner
honestly	quite also never even better why well right here so really just
attitude	disrespect acceptance tendency respect knowledge culture dislike carriage sympathy trend perspective height
fully	yet easily almost still never even ever again now
bedroom	bathroom closet room kitchen compartment lounge classroom lobby gallery engineering chamber toilet
unfortunately	luckily fortunately completely already too usually yesterday only right well anymore there
European	eastern Asian central official Brazilian Greek Latin American northern western Russian united
skirt	mini knee shirt button jacket dress diaper hose robe vest fur laundry
prize	contribution honor scholarship present gift possession donation legacy aid decoration ribbon medal
loose	skinny serial little used long
yell	whine chant bark whisper snap deliver sing read dictate hum communicate discuss
failure	luck success doom result loss breakdown abortion destiny fate mistake experience negotiation
resource	amount assistance aid wealth asset plus maintenance specialty percentage sum investment capital
limited	worldwide extensive universal broad wide super financial available economic free difficult French
proper	universal gross broad general medical young clean important English late sure long
mental	physical crucial constant negative serious due worried poor important great high different
pillow	blanket mattress tooth gun cone installation decoration cloth fabric marker creation layer
climb	gather add grow zoom thrive accelerate inject modify enhance expand combine include
reaction	reduction thought idea activity vomit notion inspiration substance belief impression suggestion theme
bike	car automobile auto truck cart wagon vehicle ride heap jeep pickup semi
calendar	table list arrangement organization portfolio inventory stack menu flag schedule database distribution
gang	association unit neighborhood den lodge household institute outfit squad troop conference league
surround	insert invade tuck swallow cover pack bark rub attach scratch wrap fight
desk	lamp booth counter file furniture drawer chair bar wardrobe bureau cabinet closet
prime	ultimate commercial senior cheap last former British positive Italian current female national
wrap	cover move put expel elevate stir bark squeeze spill disturb pour slide
rat	mouse bat cat worker pet squirrel dog crank peasant insect worm critic
tower	building boat center structure castle church ferry junk vessel cathedral restaurant block
iron	metal nickel rod gold bar steel hammer pan fabric spear lance tin
advance	accommodation adjustment recovery transformation shift proposition suggestion transition translation creep entrance flow
nail	clip hook finger tooth hammer hardware knot locker loop seal button link
harm	reduction pinch bruise fracture bump wound ladder slice mouse action sickness translation
brilliant	commercial cheap stupid young
rough	smooth strict exact polite perfect obvious little used old
profit	income advantage fund store yield amount infrastructure handicap revenue privilege goods rent
monitor	supervisor vessel defender guardian satellite baby superintendent yacht counselor boat boss director
eleven	forty billion fifteen sixth fifty twelve thirty sixteen sixty nine fourteen seventeen
violence	force level riot intensity strength action disorder degree robbery interaction zip kindness
obvious	rough intelligent unable tired sick wrong careful asleep strong angry happy able
friendly	hostile aggressive super helpful electric generous local American warm united Chinese German
pattern	behavior slavery cooperation ritual motive tattoo fashion decoration strand grid activity structure
warn	tempt wrestle communicate handle provoke sue dare reinforce manifest exaggerate disclose deceive
fork	spoon division branch removal withdrawal plate flank translation explosion dish harm damage
bind	oblige interact insert tackle violate offend fix knit assemble sew interfere communicate
complain	claim confirm verify justify excuse explain stop treat smell bark tend cook
forest	grove jungle earth ground brush bush garden collection law heap wardrobe batch
rank	level army personnel grade line status state patrol row staff equality par
toy	doll store device shelf rattle balloon hobby sword box lure comb bait
ugly	handsome beautiful splendid glorious gorgeous lovely fair good fat yellow stupid poor
region	northeast southeast west north belt south boundary top east empire air palm
seal	fur container envelope squirrel rabbit fox knot locker loop clip nail button
pig	cow user camel dog deer crank peasant insect bum worm critic creep
troop	enemy unit cavalry artillery battalion regiment squad division company den household outfit
politics	economics science profession business sport journalism architecture engineering technology philosophy occupation job
actual	legendary fabulous false potential possible lower Chinese human
reference	input remark comment target mark nun shaft courtesy observation statement request signal
fruit	strawberry seed berry peach pear blossom apple cherry banana nut grape lemon
lately	constantly hardly anywhere quite extremely so often rather well very pretty almost
click	pop hum move whine scream stumble shrink stir wrestle chop sweep hop
junior	senior elderly elder ancient gray old high short English French same good
devil	angel god belief vampire fairy presence dwarf elf creator goddess maker lord
literally	quite so too right now never just
previously	here
pure	satisfied evil white simple natural blue black true young old
profile	chart aspect scene view account history picture background coast video sight record
lover	fighter husband roommate wife friend follower sweetie sweetheart pet honey soul person
bug	insect phone defect flaw worker queen butterfly cricket ant bee speaker soldier
net	safety income trap fund store yield gin web device ball infrastructure revenue
background	information aspect scene view coast heritage profile sight acquaintance input consideration circumstance
impact	bump influence outcome consequence effect result crisis activity bash smack jar rap
exciting	scary final boring new young last
museum	art zoo archive storage library installation facility gallery warehouse display transit forum
sink	depression toilet throne pot shower shore bed torpedo trench valley kitchen sea
environment	media domain arena orbit scope context circumstance street destruction situation scenario activity
toward	throughout despite onto via below besides beyond unlike upon above among per
illegal	legal serious foreign dangerous fine true sure used
Spanish	Italian Mexican English Latin Russian native official German Greek Dutch European similar
squad	defense unit cavalry artillery battalion regiment troop division company club den household
throughout	toward despite onto via below towards besides beyond unlike upon above among
association	mob lodge institute gang conference league society club membership organization government chapter
executive	chief director president minister commissioner establishment administration organization manager secretary officer leader
retire	move cease travel stop go zoom roam whine swap scramble descend drift
foundation	charity relationship prop basement basis building bank establishment institution relation communication academy
extend	raise expand dwell modify alter occupy stretch attend belong fill lie sit
debt	loan liability principal amount credit law treaty contract gratitude obligation sum charter
mirror	comb wing device light brush lure bait valve sensor filter imagination symbol
ankle	knee wrist toe elbow hip shoulder bone groove cheek belly trunk organ
arrange	undertake activate establish introduce found constitute clap insert appoint install lean replace
experiment	test trial inquiry venture research probe poll danger investigation campaign risk cause
flag	banner list stripe portfolio inventory stack menu pattern calendar schedule database motive
payment	cash rent refund ransom tribute incentive royalty premium bribe commerce bonus penalty
sue	ask instruct warn require prohibit summon forbid overwhelm reserve beg demand invite
wise	foolish ignorant absurd insane silly ridiculous clever intelligent wealthy others ancient old
tomato	vegetable carrot potato pepper plant onion herb crop cheese ginger honesty mint
pet	tiger owner mouse lover beast creature rat being dog snake cat sweetie
horrible	human cold last
regret	weaken react respond feel accept wonder greet explode acknowledge answer agree congratulate
reward	approval consequence payment effort acceptance adoption championship service incentive royalty refund premium
investment	yield business finance venture commitment stock pyramid advertising storage fishing transport industry
joy	emotion sorrow happiness pride excitement grief feeling triumph bonus thrill boot pain
lost	previous tragic mobile beloved due eastern worried valuable Australian afraid civil final
asleep	awake sensible sensitive alive boring tired usual obvious bored drunk close long
approve	sign tolerate endure admit trust think conceive attribute assess initiate anticipate reckon
root	spot branch carrot word fruit form point leaf address square corner position
whoever	ourselves whom ours herself itself whose themselves yours everybody nobody himself whatever
shout	communicate dictate hum discuss convey nod greet impose negotiate consult advise inform
basically	inside home right only so here
photograph	frame representation icon drawing display document map image picture album creation painting
presence	demon being existence neighborhood god life vampire devil eternity possibility fairy section
delete	evaluate assess praise congratulate flatter promote recommend push cheer conceive attribute extract
frequently	rarely quite together anymore very how here always
status	wealth action relationship equality despair innocence participation nomination motivation par equation dignity
pencil	pen marker carbon drawer circle spear lance gig rod needle brush iron
element	metal oxygen earth point division carbon accessory hardware substance crystal addition inning
desert	square field park south region land lot place patch plot yard range
fox	wolf rabbit squirrel dog bear fur cat traitor fraud liar seal hunter
solid	lousy naughty rotten hollow painful negative awful sad worst terrible worse bad
port	harbor wine vessel vintage rose outlet gap exit alcohol throat crack hole
circumstance	environment event case status condition information challenge domain arena orbit scope street
scale	rate proportion index criterion percentage percent gauge norm era copper ratio currency
classic	modern black white sweet perfect
golden	unhappy miserable gray beautiful small long
ancient	small upcoming teenage tender instant immediate junior young little Egyptian Greek Roman
previous	upcoming mid instant immediate following latest late next current short lost interesting
fuel	coal vehicle food gasoline punk jelly poison agent system gas matter drug
shine	burn crawl smoke stand specify underlie hum terminate decorate disagree consist confuse
journey	transit expedition circuit tour trip ride progress improvement movement hike flight maneuver
achieve	succeed work manage arrive aim overcome determine set focus dare depend seek
mood	status feeling condition despair innocence participation enthusiasm nomination gratitude dislike motivation affection
bat	rat attack bird grip cow cat practice snake squirrel ape elephant monkey
candidate	mayor politician soul person peel democrat communist leader contestant acquaintance ruler gem
alarm	trigger clock system bell device fear siren horn signal button dread lure
dozen	decade century factor number unity ace zero cube cardinal square score record
engineer	scientist architect chief tool soul person computer cracker operator father contestant acquaintance
slowly	quickly rapidly surely apart carefully quietly extremely forward clearly away very then
procedure	search review package software calculation activity upgrade groove paperwork task labor investigation
update	information news word info ammunition propaganda confirmation format database intelligence material evidence
complex	simple industrial chemical physical cultural common human single real same small large
abuse	exercise disrespect harassment pattern application practice outrage activity prescription subject cheek patience
analysis	investigation criticism prediction inquiry examination search research thought article review text autopsy
investigate	hear consult analyze study inspect diagnose compare check watch decide promise start
knight	bishop princess queen lady bachelor opponent castle lord sir king peer baron
active	local healthy social used long old good
zero	sum concept number value quantity unity ace quantum product policy span brace
spin	screw turn flush spill toss flip bend twist roll cut move stumble
password	card identification secret bin account fingerprint file plastic log info evidence information
passenger	fare traveler driver astronaut flyer foreigner follower messenger companion runner carrier tourist
naked	visible invisible bright drunk little wrong own left
cigarette	tobacco alcohol ground straw cotton wood material drug stuff beer crank marijuana
thus	far only very
addition	component element expansion concentration extension reduction accessory ingredient hardware crystal limitation correction
borrow	acquire get buy regain retrieve inherit isolate obtain recover earn gain hire
onion	garlic carrot potato tomato vegetable stem pumpkin plant cane trunk branch pea
entirely	partly else almost later still too right well
quote	disclose expose indicate reveal cast inform convey transmit betray predict publish instruct
scientist	engineer cancer planet whale alien psychologist researcher investigator soul person politician star
proceed	communicate argue ask convey nod greet impose oppose inform express travel act
universe	galaxy nature star planet creator matter theory collection shape law creation god
cloud	storm sunset lightning weather wind coma rain sunrise fog interaction reflection chaos
reserve	plead pretend require expect administer distribute relay acknowledge starve bid pray crave
inspire	tickle frighten tempt scare invite overcome motivate intimidate provoke induce terrify initiate
cable	elevator rope meter telegram cord wire bus device ride lure comb bait
pizza	taco dish chili barbecue salad soup cake meal lunch food breakfast sandwich
stare	peep peek admire regard notice lean stop sit lay continue stand catch
youth	age pupil puppy blade teen teenager child kid man soul person childhood
drama	tragedy comedy episode script verse poetry writing dialogue scenario style manuscript paragraph
manner	kind sort form courtesy setup lifestyle signature behavior flavor description species brand
temperature	heat degree mass pain perception chill level weight depth sensation sound zero
defeat	expel conquer survive destroy deny reject acknowledge accept admit exceed lick swallow
accuse	blame steal commit cheat kidnap deny dare lie confess spread ruin set
creature	alien head snake insect slave fish mutant predator prey stunt survivor pet
slave	master owner driver puppet creature tool child man soul person enemy being
vacation	honeymoon picnic summer week winter year period month spring decoration transition passage
telephone	receiver pole booth equipment media bell reception camera radio ring cinema setup
nuclear	conventional tactical peaceful potential global united innocent Japanese human safe used worried
prayer	plea Thanksgiving request activity inquiry examination challenge question resignation revelation denial variation
sin	envy anger offense vice crime tan felony gaming violation fraud attempt function
religious	ethnic super moral Jewish political Muslim social public American others strong different
permission	sanction passport consent commission management disposal guidance finance administration treatment applause tribute
text	language book bible passage cookie paragraph writing letter publication version orphan verse
trace	proposition indication hint advance shred handful pinch spray proposal couple bit hair
visible	undercover invisible underground naked southern total bright large white human black small
bull	cow cattle man beef monsieur bachelor ham boyfriend gentleman cat dude sir
billion	eleven forty fifteen sixth sixteen sixty fifty twelve fourteen thirty seventeen tenth
concept	theory idea zero meaning quantity dimension category regulation possibility division rule law
means	transport road salvation instrument tool communication capital transportation system production container hardware
marine	soldier man whale vet veteran ranger officer rebel fish commander cutter fisherman
expose	threaten convey transmit predict translate quote publish instruct designate notify testify advise
sheriff	outlaw warden policeman marshal ranger deputy sergeant lieutenant officer defender guardian investigator
discussion	argument expansion consideration detail negotiation debate communication conference speech language action examination
species	breed variety sort form coin currency flavor description manner brand style model
multiple	lone sole unique single Roman same small
slide	skate travel move go roll walk zoom roam whine expel elevate swap
vice	gaming virtue offense sin crime lottery felony violation fraud attempt association seizure
surely	slowly somewhere better already there well now too right so only
navy	army bureau agency office organ personnel police blonde intelligence commission council committee
crush	leather crowd grain kid loyalty worship fur mob emotion army squirrel rabbit
internet	connection troll access radio system media web television exhaust forum site computer
pitch	curve bullet tone tune key place voice site station post tent intensity
sweater	coat soul person turtle diaper hose robe vest fur laundry scarf skirt
sheet	paper metal page tablet carbon pad tissue card material space stuff compartment
promote	evaluate assess cheer cast delete reduce help endorse conceive attribute alternate anticipate
nowhere	else everywhere suddenly rather tonight there still just
volunteer	communicate work dedicate reinforce manifest exaggerate disclose deceive certify interpret presume educate
task	breeze marathon picnic venture enterprise adventure duty attention office effort attempt difficulty
demon	presence angel actor lord realm crank peasant insect bum worm critic creep
delay	departure shipment arrival extension suspension pause traffic period rest train justice deed
incident	scene consequence earthquake storm discharge disorder destiny boom miracle fate occasion flash
brave	pale yellow general strong honest great cold young alone big little new
emotional	intellectual physical sensitive individual personal others human little good
suitable	blank simple English human easy young sure good
intelligence	agency ability information science knowledge imagination wit genius brain info power word
priest	father bishop god cardinal preacher pastor shepherd minister rabbi leader pope child
tend	care manage handle administer coordinate assist organize conduct help hold look specify
romantic	practical hopeless Italian Russian perfect German surprised great bad same little used
insane	wise own little
impress	awaken disturb touch distract catch worry try admit seem handle pretend think
factor	cause number point division product inning bout producer quarter beginning period middle
chat	gossip conversation raven crow commerce exchange speech bird language dialogue jazz swan
trail	evidence route road symptom proof information highway lump cramp sickness confirmation syndrome
delivery	transportation transfer birth tone style transplant stress transformation variation injection separation vein
steel	metal iron weapon arm ball beam spear lance missile knife gun instrument
mask	party supply dress glove fashion burial reunion reception wedding dinner costume habit
oven	stove refrigerator fridge cake surface grocery pan accessory uniform clothes dress lid
transport	means system furniture train package bus freight ferry business ship truck litter
encourage	stimulate tickle induce frighten tempt scare invite intimidate terrify provoke endorse oblige
poison	food dose jelly fuel vehicle quality agent medicine liquid matter soup distinction
insist	presume assume invite reserve apply demand claim ask pretend require expect communicate
religion	church cult establishment institution yoga belief charity philosophy academy company organization society
contest	playoff bout tournament championship match race game election speech semi campaign occasion
twin	brother sibling baby soul person sister child girl boy relative relation contestant
aside	suddenly then else so better always
pump	stomach shoe ride liver gut reel prop anchor organ hammer clip gear
tail	end rattle ending head spine spur bump tongue knife wing horn conclusion
relation	expert union sibling ancestor partner cousin nation soul person sex man woman
rainbow	prospect expectation curve possibility arch envelope crook belief hook sentiment conviction philosophy
tune	piano adjustment signature theme pitch music song variation motive backup tone statement
independent	helpless dependent national British western responsible strong important own young old long
fancy	mere severe plain simple great new
recover	heal turn acquire get thrive dissolve undo conceive expire awaken integrate boil
golf	sport tennis cricket hockey football game soccer baseball basketball hobby fun fishing
reporter	anchor president announcer gossip author writer soul person butler buck poet journalist
duck	goose chicken rabbit score bird par eagle swan number meat penguin cube
uniform	dress accessory clothes lid diaper hose robe vest fur disguise collar helmet
display	parade picture representation demo carnival demonstration circus presentation behavior entertainment icon drawing
mount	horse Arab pony poster ride movement assault maneuver pursuit stream flow progress
sexy	alive cute young
scare	tickle tempt inspire invite provoke encourage cheer overcome overwhelm injure wake discourage
abandon	dump waste depart remove run start flee escape explore stumble found adopt
cancel	pronounce acknowledge admit evaluate confess qualify conceive attribute assess anticipate reckon calculate
fry	bake turn kill thrive dissolve conceive expire awaken integrate blend burst boil
recall	correspond refresh identify agree consist announce fit vote accommodate blend satisfy coordinate
polite	rude rough others Japanese nice Canadian little possible young used
funeral	wedding ceremony installation occasion affair graduation celebration bash contest competition playoff prom
bleed	deceive treat betray wander manipulate handle blow mock ignore tease roast inject
brief	chronic endless eternal long possible
dragon	monster character creature troll cow dog princess prince hero crank triangle peasant
declare	undertake boo submit guarantee recommend specify reply observe respond hire mention explain
turkey	chicken country union city state crank peasant insect bum worm critic creep
terrorist	fighter leader hostage target soul person agent villa rebel contestant acquaintance ruler
baseball	basketball football glove cricket ball soccer sport marble bag game cap hockey
ending	beginning abortion destruction retirement conclusion tail limit removal slaughter graduation homicide disaster
string	guitar instrument piano cord lace thread gut purse package device light strand
electric	current friendly blue small strong clean same used new last long
equal	opposite fair others natural human public black young English long
grave	place spot summit zone target top ending point end den island monument
pride	joy satisfaction ego dignity feeling fear heritage despair enthusiasm gratitude dislike sentiment
dentist	doctor physician intern vet specialist surgeon resident nurse psychiatrist publisher critic attorney
growth	activity evolution backup deposit birth phenomenon photography loop execution consumption hatch infection
battery	device cell phone android artillery torch unit reactor fuse filter circuit collection
appearance	attendance format stain perspective impression beauty image effect face quality disguise discharge
barely	anymore even so just ago yesterday
income	rent yield net profit fund store infrastructure sum amount purse coverage tax
strip	cramp reef ribbon tape row club spike piece part wire airport mall
sergeant	corporal officer warden policeman marshal ranger deputy sheriff attorney lieutenant lawyer defender
false	true correct precise valid logical legitimate genuine accurate exact actual legal positive
attract	haul fascinate capture drag tow move set offer create expel elevate stir
muscle	tissue bone bully shoulder transplant gum flesh predator beast offender organ heart
silence	guilt darkness comfort reign status condition wisdom strength sound voice intensity despair
assault	attempt storm engagement conflict battle pony horse offense crime combat poster mount
hobby	toy photography fishing profession game rattle balloon doll owl eagle bird music
resident	physician doctor inmate tenant intern vet specialist surgeon psychiatrist dentist soul person
armed	dangerous military ready
cure	medicine drug vomit prescription dose physics powder pill agent crank cocaine heroin
pork	beef meat food money chicken sausage bird dough fund bread sugar saddle
sacrifice	loss deed injury wound damage interference disposal motivation departure distribution residence judgment
estimate	production calculation judgment coupon ticket rating document justice loss inquiry research deed
motion	wave rotation jerk stroke scene carnival feather circus reduction adjustment promotion roller
sword	weapon arm toy spear lance missile knife gun instrument firearm cannon arrow
tongue	lip organ spine spur bump tail pie cheek belly ridge heart ear
mystery	plot story novel confusion myth legend fiction distraction fog fantasy curiosity consciousness
flash	lightning spark experience thunder discharge destiny boom miracle fate occasion motion appearance
throat	passage aisle channel ear frog outlet gap exit port crack hole window
confidence	self lack security doubt expectation status condition curiosity consciousness distraction coma awareness
spare	repair repay cater administer distribute render relieve lend contribute provide allow offer
ex	latest modern official military Muslim blue new best young good last
pal	comrade roommate companion associate fellow soul person secretary girlfriend date contestant acquaintance
chemical	atomic compound toxic organic harsh complex dangerous certain clean used large human
instance	
description	term sort form kind sketch label truth statement flavor species manner brand
sharp	blunt faint cloudy blind dull careful sudden flat dangerous full used left
critical	others
concert	performance broadcast premiere routine benefit number series attraction program flick episode film
select	define decide govern resolve measure try hold put
occasion	wedding celebration ceremony crisis ground reason installation bash funeral emergency discharge destiny
fee	admission commission stake percentage premium transportation rate pledge mortgage freight allowance footage
tag	sticker patch towel cloth fabric marker material mark diaper canvas lace silk
nerve	courage spirit transplant gum flesh muscle ambition initiative enterprise energy character tissue
broad	narrow unique thin proper limited specific particular special
jeans	shirt dress jacket cloth fabric material clothes hole diaper canvas lace hose
fridge	stove oven container grocery item accessory uniform clothes dress bottle cream lid
budget	fund project plan program education guideline regime outline schedule design money thought
wolf	fox dog lion sheep bear rabbit barber coward cage musician puppy lamb
pot	kettle pan cup lid sink shower vessel stove scoop handful mug tub
theme	variation motive statement melody strain tune thought idea question song message notion
twist	pop toss flip stretch roll cut move weave lean spin stumble shrink
spy	mole operative viewer witness agent suspect observer representative being enemy delegate soul
stretch	pop bend twist affect weave lean lie dwell occupy extend attend belong
writing	essay manuscript diary report journal article thesis poem script paper blog novel
sail	move go turn stumble shrink stir wrestle chop hop twist click climb
stream	river water lake movement ocean maneuver pursuit progress rush speed approach series
heal	recover amend turn burn die become thrive dissolve conceive expire awaken integrate
deck	dime platform runway pier dock package stage bundle wing container floor surface
tire	ring track bracelet strap collar strip pump cramp reef ribbon tape iron
factory	plant arsenal building output production toy college structure machinery equipment monument balcony
genius	talent expert worker intelligence person mentor observer analyst scholar therapist investigator shooter
southern	northern federal blue remote visible total similar small dry hot large
capable	immune unable human complicated clear others own easy young English old French
thin	thick fat gross broad wide tall pale brown warm used high small
strategy	bubble plot intrigue conspiracy maneuver tactic policy discipline subject program plan frontier
pipe	drain elbow trap hose barrel column stem airline drum passage aisle throat
mouse	rat cat lion elephant bruise pet computer baby soul person rabbit snake
attractive	super mature foreign intelligent young tall little old new
missing	dear dead single left German full worried human important late whole high
tap	noise bump button bash smack jar bang impact chorus whack beep toll
plain	elaborate fancy busy vast ordinary English useful white stupid wrong used old
pin	jewelry triumph victory marker mark medal bead earring bracelet necklace jewel independence
sudden	surprised sharp frightened dark due nice entire quiet short alone old last
dive	drip drop go travel move fly return zoom roam whine swap scramble
relative	uncle neighbor friend sibling ancestor partner cousin soul person being father grandchild
qualify	specialize acknowledge spoil cancel admit fit accommodate coordinate confess evaluate think consider
permit	agree endorse drag sign react respond greet decline explode acknowledge refuse wonder
adopt	specify nominate dial elect fix vote pick set decide define measure acquire
personality	celebrity disorder type toast lion beauty woman titan sun adult man appearance
alien	creature monster import scientist planet traveler machine astronaut flyer follower messenger companion
basis	theory assumption conclusion form component portion foundation possibility part model concept idea
ton	ounce pound meter unit mole gram cord gal barn acre rod atmosphere
legend	myth title story subtitle plot mystery fiction novel fantasy headline banner orphan
bloody	satisfied civil stupid
duke	peer lord baron knight sir bachelor princess prince leader queen lady trainer
chick	owl girl cat maid babe woman turkey siren mistress madam widow sweetheart
snake	creature turtle prey mouse river frog pet bird offender bat dinosaur grass
branch	root limb stem fork olive tree office bulb cane trunk department fruit
chairman	speaker leader trainer employer politician commander guide hero boss chief soul person
snap	burst communicate dictate hum yell scream discuss convey nod shatter greet grind
offense	felony violation fraud attempt anger behavior seizure theft assault vice sin outrage
pill	dose crank peasant insect bum worm critic creep turkey demon rat medication
spoon	fork cup bowl drawer iron plate scoop handful mug tub bin jar
territory	north south state country area jurisdiction acre city region independence union northeast
entry	credit installation initiative establishment formation constitution journal transcript translation log register note
complicated	simple contrary political Arabic capable little Japanese human easy likely afraid French
chapter	lodge society club phase section stage verse novel clause passage introduction association
technique	method solution expertise efficiency facility ethic discipline program government wisdom state art
candy	gum jelly jam vitamin dish meal mess corn popcorn food taco chili
plot	mystery novel intrigue scheme strategy garden story bed bubble grove myth legend
monkey	terror child kid ancestor orphan peanut drill pet cow bat mankind humanity
administration	university medication management bench executive therapy body guidance finance treatment permission commission
toilet	stall sink shower room convenience closet compartment lounge classroom lobby gallery engineering
primary	secondary petty available Arabic economic used English new little French
comfort	silence relief convenience ease pleasure status condition security feeling soul assistance aid
fantasy	fiction novel dream bubble imagination reality science error mistake story thought idea
bend	pop toss flip stretch roll cut weave spin change move break undergo
height	length dimension degree stage level carriage ladder extent attitude plane property state
crown	top symbol jewel icon token marker stamp region award honor mark spray
basketball	baseball ball football tennis sport game marble soccer shooter hockey mat spike
lonely	ethnic cultural social sad likely others sick scared left cold afraid
disgust	horror dislike feeling taste despair enthusiasm gratitude sentiment affection sympathy gravity temper
sand	clay ground author writer material soil dirt grain butler buck poet journalist
pleased	mild humble broken new likely angry best sure
cow	cattle bull beef sheep goat pig dog bat dragon horse squirrel ape
broken	pleased proud Arabic English careful last expensive difficult left old able small
producer	singer maker creator cause generator author tree developer architect designer farmer factor
unique	universal triple gross broad multiple double general individual characteristic Asian cultural modern
skip	neglect overlook bounce fail forget move turn stumble shrink stir wrestle chop
Indian	American British native Chinese national English Japanese used new French long
crisis	situation depression emergency occasion impact swamp nightmare difficulty climate experience health problem
define	distinguish select choose nominate dial elect adopt vote pick underlie hum terminate
conflict	war absence combat assault action feeling marathon storm encounter shock defense attendance
exact	false rough odd round wrong opposite same unknown own used hard sure
fortune	treasure phenomenon wealth outcome consequence silver effect gold result stock harvest impact
debate	discussion proposal speech address language negotiation conference lecture session interview nomination charm
chart	map profile album representation icon drawing display photograph document image photo picture
tone	voice pitch register color delivery tune key intensity silence sound style property
hop	bounce move drive stumble shrink stir wrestle chop sweep sail twist click
peach	tree fruit apple strawberry woman pear cherry berry grape banana siren mistress
tiger	lion cat cub shark beast prey pet animal panther ounce soul person
journal	writing article blog series issue publication entry paper edition collection book manuscript
bid	reserve apply demand invite claim ask communicate pretend require expect relay acknowledge
identity	recognition operator memory function map shape culture disorder mind transformation expansion discrimination
visitor	guest traveler guide astronaut flyer foreigner follower messenger companion runner rider carrier
hip	shoulder hand groove cheek belly trunk organ tissue toe region chest bottom
repair	spend buy spare enhance consume educate relieve polish restore invest afford travel
pour	assemble gather move interact put expel elevate interfere stir squeeze spill communicate
chamber	room monument vault compartment lounge classroom lobby dock gallery cage engineering toilet
annual	average small
dust	particle earth rubbish scrap trash material stuff litter molecule ammunition atom mineral
editor	assistant chief publisher cutter fisherman flyer butcher painter founder sailor hunter man
prior	evil special due
curious	bored everyday familiar usual likely others little new used
sunny	cloudy warm lovely hot clear cold nice beautiful great left good
shell	ammunition feather bone material stuff structure armor hardware molecule atom mineral fiber
novel	fiction fantasy mystery book plot writing volume story film notebook album movie
fate	failure condition death toilet discharge boom miracle occasion flash motion appearance incident
boring	interesting exciting slow asleep bored cool crazy alone likely same long English
emotion	joy fear feeling hatred anxiety anger action dread outrage madness satisfaction excitement
congress	meeting parliament senate diet summit forum convention council conference seminar court suite
motor	engine machine vehicle generator starter machinery gin assembly computer agent press device
singer	actor dancer cash backup manufacturer musician producer player author writer actress berry
log	wood account index knot pine olive oak cherry transcript translation entry register
bicycle	motorcycle car transport cart wagon vehicle ride carriage carrier engine truck coach
trash	junk dust stuff exhaust paper material folk urine vomit molecule ammunition atom
finance	industry business government economics investment management terrorism venture advertising storage fishing transport
highway	road lane route artery trail street passage path access approach alley avenue
outfit	dress unit disguise costume habit rig equipment wig den household mask squad
scary	exciting dark little used high last new
naturally	just better always only very why
phase	chapter period plasma liquid gas blossom overtime daylight honeymoon semester reign tide
adventure	task project search breeze marathon picnic venture enterprise experiment danger campaign risk
fighter	jet plane aircraft lover terrorist pilot airplane defender guardian boxer butter master
kingdom	empire state country domain arena orbit north land independence homeland turkey province
observe	criticize reply declare respond announce blame explain add answer pick condemn plead
trigger	alarm gun device bar rifle lure comb bait valve sensor filter keyboard
hunter	fisherman prey man fox cutter flyer butcher painter founder sailor editor worker
badly	well better so nearly pretty quite very too how usually often yet
alternative	preference selection thought pleasure process awareness provision consciousness pursuit quest consideration preparation
tube	hose barrel drain column airline elbow passage device stem drum trap screen
dish	salad soup pizza meal bowl boat taco chili barbecue cake supper cup
gear	wheel roller engine robot device pump ride android valve governor lure comb
deputy	mayor supporter assistant warden congressman policeman marshal ranger whip representative sergeant sheriff
shooting	homicide gunshot murder assassination massacre slaughter suicide thrust ending deed practice abortion
reasonable	radical extraordinary extreme blind likely sure long
explanation	request theory key thought interpretation definition reason statement nonsense provision consideration preparation
additional	available
plastic	glass food card powder crystal parole password identification credit matter bin gem
assure	promise condemn plead testify advise propose convince suggest sell undertake boo submit
elbow	knee pipe drain tube prop trap hose barrel column segment airline passage
diet	food vitamin parliament senate congress menu council court rice cake soda chocolate
scratch	cut dice trim carve rip hack chop chase isolate attach snap surround
blast	wind puff noise breeze Easter draft weather rattle roar thunder boom crash
decent	human young hard good
sausage	meat balloon aircraft pork beef bird cheese food potato craft chopper saddle
useful	useless plain app international interesting foreign English certain expensive others French glad
native	foreign exotic strange American English French negative Spanish correct Indian cruel Russian
protest	demonstration government opposition dispute exception complaint beef war media attendance resignation participation
friendship	relationship society company acquaintance membership account circumstance state happiness pleasure slavery loyalty
lion	tiger trainer adult mouse cub prey wolf beast lamb goat animal cat
laptop	notebook computer battery server client website site screen machine portal key machinery
beast	tiger being lion bird mutant predator prey stunt survivor pet mate adult
tradition	culture institution habit ignorance essence heritage representation substance wisdom topic convention belief
upper	lower humble low stiff joint
bible	book text passage version guide verse gospel dictionary writing publication collection magazine
opposite	same identical exact complete ideal equal total true shy flat poor likely
script	writing dialogue drama language manuscript paragraph autograph transcript criticism diary essay literature
decade	century period year dozen number blossom overtime daylight honeymoon semester reign tide
jealous	others little likely mad
grape	apple fruit orange shot emperor ball berry pear cherry missile peach banana
global	national warm economic environmental nuclear recent average major general local main due
oppose	speak talk flirt proceed continue communicate endure convey nod greet impose inform
strawberry	fruit berry peach banana tree pear cherry seed apple plant herb orange
fishing	industry business venture advertising storage finance transport building hobby commerce sport activity
gut	cord lace liver thread string pump stomach heart organ canal kidney lung
castle	mansion house building tower hill bishop knight tile cottage villa residence cabin
examine	inspect diagnose scan explore compare check consult poke flip watch cross pick
habit	ritual custom dress tradition disguise costume outfit survival wig institution mask marriage
principle	ethic logic law concept value thought idea education idol criterion perfection quantity
length	depth height extent dimension orbit scope boundary coverage limit range pace rate
alcohol	whiskey beer drug booze sake wine liquid vintage gin vodka cocktail punch
therapy	medication administration injection treatment massage attention radiation replacement paperwork task procedure labor
witch	wizard frog magician psychic monster character imagination soul person man woman believer
minor	major local due big old good
bush	rose tree cotton pepper tea plant garden marijuana cheese frontier willow oak
breast	oyster thigh slice neck member face head bit limb mug pledge hand
disturb	modify alter impress strike change move amend expel accelerate weaken elevate depress
panic	fear anxiety mode dread horror thrill chill alarm emotion hatred trauma depression
happiness	joy feeling pleasure sorrow desire misery pain satisfaction state emotion concern peace
kidnap	claw capture grab intercept bite accuse involve disappear claim kill believe find
carefully	slowly very inside once quickly so away then
fog	confusion distraction weather cloud shower rain sunshine mystery secret wind coma curiosity
cafe	restaurant diner grill building floor school architecture ministry temple theater hotel center
farmer	seed crop sheep creator worker chef cookie developer architect maker designer producer
assist	attend work tend endorse cooperate occupy encourage volunteer promote contribute suppose win
arrangement	provision preparation distribution calendar design plan structure calculation formation thought layout upgrade
slightly	better only even away right now just home
festival	carnival celebration autumn music flower spring sport year period month summer July
attach	knit sew connect tie lock hang tuck tick suspend screw rub scratch
appropriate	inappropriate wrong formal clear sure
niece	sister daughter aunt relative relation brother girl sibling ancestor partner cousin soul
passion	desire feeling despair enthusiasm gratitude dislike sentiment affection sympathy gravity temper expectation
unusual	frequent chronic democratic everyday ordinary familiar usual popular average standard common general
volume	notebook novel album production product series diary capacity flick output yield inspiration
steam	suspension soup mash mixture composition metal solution water substance injection steel tea
sweat	blood hormone fuss stress heat sunrise ink sunset cloud weather storm milk
instruction	tuition lecture lesson activity prescription destination recipe formula rule profession message seminar
pardon	mercy warrant kindness favor pickup action process grant interaction opposition achievement employment
grandma	ancestor father relative relation dad mom sibling partner cousin parent child soul
counter	table bar seat booth desk furniture goal machine ball equipment bag phone
anniversary	day birthday Halloween holiday flower Thanksgiving period October Easter blossom overtime daylight
miracle	accident event discharge destiny boom fate occasion flash motion appearance incident failure
angle	triangle space pole compartment void vacuum frog gap resident view soul person
combine	fold increase blend climb gather grow thrive accelerate enhance expand rise bloom
sandwich	jelly salad torpedo submarine bomber sub burger dish lunch cake picnic butter
umbrella	defense coalition reunion shelter action engagement conflict protection battle war case train
wipe	scrape scrub tear spill remove prevent smile use fight cook forget remember
institution	academy custom tradition religion faith company school organization university family cult clinic
operator	businessman identity baron function owner map hill suit king engineer driver patron
combination	sequence collection gene series heap wardrobe rash batch mixture bundle biology prosecution
autumn	season spring summer winter festival flower evening night year period month morning
loser	winner contestant participant competitor starter rival shooter opponent survivor athlete prisoner victim
draft	constitution resolution sketch wind breeze Easter blast drawing weather puff sunshine plan
bow	knot arrow staff nose club locker loop clip seal nail button link
initial	ultimate senior last white high
advise	promise condemn plead communicate swear reinforce manifest exaggerate disclose deceive certify interpret
complaint	objection disorder exception protest beef resignation revelation denial addiction pregnancy proposal explanation
mill	plant bacon arsenal scholar student reader scientist college doctor gear mentor psychologist
sensitive	asleep emotional cold shy nervous careful human
pie	pumpkin cake puff tongue meat apple food biscuit pancake romance cookie bread
gene	sequence combination series rash cycle chain train sentence streak parade stream question
silent	narrative vocal graphic dead entire wise whole long dark black angry others
divide	solve guess dissolve underestimate blend burst explode mix cook break roast bake
torture	embarrass confuse provoke distract stimulate overcome overwhelm invite wake tickle frighten devastate
comic	professional favorite own Japanese old French
curse	charm speech language resignation revelation denial objection proposal explanation description command request
core	portfolio choir brace pair point collection origin root corner spot source position
babe	child girl gal dame maid doll chick bird woman daughter son grandchild
traditional	Japanese Chinese modern wooden Russian popular German used beautiful new long little
nightmare	dream situation imagination swamp crisis difficulty vision depression pickle pinch strain jam
mobile	static stiff frozen app expensive lost left large important new used
stake	fee percentage instrument pledge mortgage allowance slice honor whip weapon arm flare
exit	block death emergency entrance withdrawal shipment farewell dispatch gap throat port crack
virus	bacteria software host authorities anti scientist worm computer expert state cancer cell
temple	building church hill feature chapel architecture ministry theater restaurant hotel center school
sixteen	fourteen seventeen tenth thirteen billion eighteen eleven forty fifteen eighty ninety seventy
expression	communication demo examination transmission objection exam discussion traffic theater mail media test
seed	fruit apple strawberry farmer bean nut coffee participant player plant flower peasant
error	judgment calculation illusion fantasy trial sum failure thought idea deed essay disappointment
compete	play gamble dice bet allow suppose hope love win want try make
radar	gauge meter instrument ruler timer clock bomb whip weapon arm device transit
economy	efficiency scheme system justice state machinery network sector sand expertise technique facility
charity	fund foundation gift religion faith donation contribution kindness bank event yoga establishment
intention	sake idea goal action selection option choice destination objective object election decision
jerk	motion movement rate ape self neighbor rotation gesture wave being geek carnival
Catholic	petty narrow Roman Jewish important high used
luggage	suitcase grip locker portfolio sleeve wallet kit shoe container mold envelope tin
succeed	work accomplish achieve replace manage arrive undertake enable elect bind fail depend
sixty	fourteen seventeen tenth thirteen eighteen billion eleven forty fifteen eighty ninety seventy
leak	hole gap disease pupil complication breach rent crack mouth sickness illness space
shore	beam timber coast sink anchor seal guy pier slope fountain brace ridge
rumor	gossip comment scandal report revelation introduction warning caution debut alert threat resignation
grateful	harsh sore unhappy bitter painful alive likely sure able
normally	only how very again today just so
insult	humiliate provoke stimulate overcome overwhelm invite wake tickle frighten devastate tempt offend
reputation	fame name honor celebrity glory respect destruction rating importance status attitude being
horn	alert alarm device tail siren lure comb bait valve sensor filter keyboard
kit	kitten cub lamb portfolio sleeve rig wallet luggage shoe container equipment hog
midnight	hour sunrise sunset noon dawn morning data statistic norm information acquaintance input
suggestion	idea thought couple hint advance bit notion inspiration substance belief impression theme
representative	delegate agent ambassador advocate customer operative chancellor premier whip deputy senator president
upstairs	downstairs loud back still right
tale	message disrespect significance reminder publicity wit petition guidance info fiction memorial import
hug	clutch grip scissors ownership guidance possession activity restriction variation measurement provision occupation
flip	bend twist roll cut spin examine move inspect expel elevate stumble shrink
reject	accept deny conceive attribute assess anticipate reckon calculate assign approve choose expect
label	description brand warning name sketch order resignation atom revelation denial nickname objection
personnel	department patrol rank organization cavalry treasury ministry navy horse army branch coalition
impression	suspicion image thought idea appearance heart representation inspiration substance suggestion theme concept
palace	court house mansion regime authorities government hall circus building empire state cottage
anger	frustration rage outrage madness offense fear emotion envy sin excitement feeling harassment
expense	ransom payment harm damage price charge incentive royalty refund premium bribe fare
warrant	pardon visa pickup process ticket applause tribute recognition permission credit patent passport
handsome	ugly tall athletic clever young smart charming dark successful rich proud sweet
dawn	sunset hour night period noon midnight alpha beginning day blossom overtime daylight
properly	maybe how sometimes even then yet away always only well never why
web	site trap gin tent net device website object lure comb bait valve
jet	fighter aircraft bomber flow chopper helicopter coal engine fountain rush craft balloon
float	travel move go zoom roam whine swap scramble descend retreat wander accompany
ban	treaty dollar patent passport deed certificate assignment license bill law unit penny
doll	girl toy gal maid babe woman rag mother rattle siren mistress balloon
northern	southern gray mild European Turkish various similar united green high beautiful rich
boom	noise rattle blast crash discharge destiny miracle fate occasion flash motion appearance
consequence	decision significance reward fruit harvest impact response phenomenon importance incident purchase wind
smooth	rough soft beautiful used
disappointed	productive successful little sad angry mad upset likely left sure
Jewish	Catholic Muslim religious American large important new used old
guitar	string piano drum instrument device organ whistle lure comb bait valve sensor
majority	minority age number amount quantity zip margin childhood youth zero summer period
belief	opinion devil god knowledge suspicion effect sentiment prospect expectation philosophy faith theory
authorities	empire palace command soul court person state control virus being mayor contestant
carrot	tomato potato vegetable onion plant herb root ginger honesty mint tobacco galaxy
invest	render provide pay compensate repay repair feed offer buy give restore improve
warrior	justice soul person contestant acquaintance ruler gem traveler observer cripple orphan ape
wherever	whenever nor till although unless whether though until since while than because
scientific	spiritual valuable popular human important best new good
crystal	ice stone rock glass gem component element fish accessory frost ingredient hardware
disaster	destruction ending accident distress pity shame abortion retirement trouble misery toilet trip
forehead	feature bone jaw chin rib cheek skull temple tooth chopper skin hand
embarrass	hurt provoke forbid torture prevent avoid stop stimulate overcome overwhelm injure invite
actress	wood player singer comedian principal plant tree performer idol coward magician geek
corporation	belly firm house publisher dealer business newspaper magazine franchise manufacturer maker partnership
massive	lesser atomic hollow slim tiny small little military economic natural next
custom	marriage duty ritual habit survival institution wedding pattern practice search tax heritage
valuable	worthless scientific safe human lost own free old great good
elect	vote specify nominate dial adopt fix pick set define decide govern resolve
Roman	Catholic ancient holy Greek Latin multiple military European famous Japanese great used
poem	rhyme writing lyric dialogue fiction novel fantasy story manuscript paragraph autograph transcript
combat	engagement encounter conflict shock battle struggle assault action war train marathon storm
piano	guitar string tune instrument drum keyboard key device organ whistle sound lure
toe	boot foot head shoe member protection steel groove cheek belly trunk organ
ceremony	graduation wedding church installation presentation funeral occasion affair activity burial service award
patch	garden bed grove streak shred rag tag desert pattern towel yard square
liar	thief traitor fraud fox offender convict shark outlaw predator crook bully beast
routine	exercise groove package software performance process workout upgrade calculation premiere concert benefit
brush	tooth comb canvas spear lance gig rod needle iron tool bar bush
championship	game approval contest competition acceptance adoption reward support state distinction playoff bout
garage	store building shop shed salon outlet stall architecture ministry temple theater restaurant
math	science subject physics biology psychology discipline economics chemistry politics frontier engineering technology
penny	pound copper dime nickel eagle dollar species money currency cash unit ban
desperate	safe financial likely used
coin	dime nickel eagle cent dollar species copper bill currency money cash buck
dealer	seller fence firm house butcher publisher corporation business supplier provider accountant broker
downtown	yesterday far often tomorrow where how today there
eastern	western European central Russian large small great lost
unknown	legendary famous exact full afraid great new
moral	physical standard corrupt religious high good
gorgeous	ugly dead tall young
relief	comfort safety satisfaction compensation feeling convenience pleasure allowance status condition pain delight
instrument	string piano drum maker supporter assistant whip weapon arm means device way
via	unlike throughout toward despite beside beneath underneath onto below towards besides beyond
ours	whoever ourselves whom herself hers itself whose anybody themselves yours somebody everybody
entertainment	distraction music carnival demonstration circus presentation exhibit display celebration joke sport fun
Olympic	opening western international due important next close last
rope	cable strand painter cord ladder bridge lace thread gut soap grip cone
Greek	Latin ancient modern Roman athletic European Turkish Italian Russian Spanish English famous
ease	tension comfort quality wealth convenience status facility condition luxury pain distinction popularity
principal	teacher idol chancellor actor player debt comedian instructor actress plant tree performer
scheme	bubble plot intrigue conspiracy maneuver machinery tactic economy network policy program plan
regulation	limitation guideline restriction safety concept quantity notion dimension category possibility division theory
convention	treaty meeting summit forum protocol congress council conference contract heritage custom tradition
tunnel	channel subway aisle corridor passage kettle pit hallway hall depression throat exit
gamble	fight compete act bother take pay repay interact prosecute cope descend presume
clue	evidence indication token identification testimony argument statement record gesture symptom trace fingerprint
medal	award honor pin trophy prize degree symbol icon token marker stamp crown
cycle	period series rash sequence chain train sunrise eternity suspension pause streak tide
chill	fever symptom fear dread lump cramp sickness syndrome terror scar cough horror
obtain	enlist acquire exist draw change recruit regain dwell endanger undergo retrieve strengthen
thick	thin depressed fine warm black heavy white tall short clear large used
republican	American
electronic	mechanical easy used new
extreme	modest mild gentle conservative medium reasonable fair cold due high
reflect	instruct notify testify advise volunteer warn announce remind introduce describe teach prove
bishop	knight cardinal priest queen father castle wine king preacher vintage pastor shepherd
punish	execute hang commit criticize deserve lie occur behave seek cheat escape smoke
stable	risky political clean strong next
asset	specialty resource advantage quality handicap resort assistance privilege goods profit aid favor
revolution	attendance transformation participation variation separation involvement transition transaction cooperation conflict motion harm
academy	school establishment institution tech religion faith company organization university college cult clinic
flood	light lot heap flock batch mint stack pile mass plenty mountain deal
gross	skinny slim slight unique thin proper specific particular special national
jam	difficulty crowd jelly pinch mob strain army situation meeting status condition traffic
hearing	range opportunity chance adoption lawsuit appeal suit limit room possibility aid prosecution
sweep	rub move scrape scrub stumble shrink stir wrestle chop hop twist click
officially	yet now never
priority	distinction championship status safety respect currency coincidence equality par equation dignity retirement
empire	kingdom state region regime authorities government domain land palace court north realm
taxi	car automobile auto truck heap jeep ambulance motorcycle bike pickup semi rig
glory	honor beauty celebrity reputation respect appearance name rating importance charm flash appeal
goods	quality virtue kindness advantage welfare benefit handicap privilege profit favor value merit
reverse	true used
contribute	allow repay cater administer modify distribute render alter spare breathe provide offer
broadcast	news concert episode series message pilot match attraction performance game telegram flick
assign	conceive assess anticipate reckon calculate entitle reject approve graduate reduce bless prefer
avenue	approach street alley artery route road invention design creation highway writing shop
technical	due able good
typical	teenage male Canadian Japanese Muslim American high young old
gym	installation facility equipment transit forum grid transportation assembly zoo station bag arsenal
satellite	moon earth phone monitor follower titan equipment sponge sheep lover fan television
concentrate	thrive dissolve expire awaken integrate modify alter boil react decline freeze improve
praise	delete expect conceive attribute anticipate reckon calculate assign reject approve accept choose
drill	rehearsal tool monkey comb punch hole activity hammer fire ape spear lance
conclusion	opinion assumption judgment mind ending end basis possibility theory sentiment model tail
capacity	volume lack liability strength status ability condition despair innocence participation nomination motivation
sometime	together today definitely maybe again soon exactly probably tomorrow why away
inspector	policeman officer investigator copper detective cop captain expert warden marshal ranger deputy
courage	heart nerve character spirit wisdom determination sand resolution discipline pride behavior specialty
advanced	young military final English new
possession	spell prize storage treasure property guidance relation activity land clutch restriction grip
precious	worthless rare human true little good
fence	dealer gate barrier merchant dam rail seller butcher building goat hatch door
platform	media runway pier dock deck stage document train ticket edge wing floor
thief	murderer robber pirate outlaw crook criminal liar gangster thug accessory traitor runner
musical	favorite different
dedicate	communicate volunteer write convey nod greet commence impose employ inform express apply
depth	intensity length extent region degree level foot orbit scope boundary coverage limit
sector	department aspect feature badge tree dimension government attention industry triangle clan minority
proposal	objection advice opposition message debate opinion report consideration resignation revelation denial explanation
ordinary	extraordinary special marvelous tremendous remarkable terrific unusual rare fantastic particular wonderful great
variety	collection species crop breed selection garden tribe type heap wardrobe batch bundle
internal	external outer foreign own
user	tool computer addict consumer target soul person hog pig bully speaker customer
explore	examine consult hear analyze study inspect compare check watch abandon fascinate dive
reply	add observe declare announce mention explain condemn plead testify advise quote propose
rub	sweep attach surround cover modify overwhelm alter drown change cut amend accelerate
bean	peanut coffee seed rice pea nut fruit vegetable herb berry olive spike
rocket	herb vehicle ginger honesty mint tobacco galaxy vegetable dock carrot strawberry tomato
specifically	generally
edition	magazine book issue publication newspaper journal series collection group library text production
impressive	
clever	stupid foolish dumb slow wise handsome honest others beautiful young little sure
nonsense	decoration message explanation pattern sense disrespect bead significance reminder publicity wit stripe
superior	humble commercial cheap western direct others English good
shark	whale fish tiger offender baby expert dolphin blood type convict sensation observer
humor	sense pity gag cartoon feeling joke fun message story despair enthusiasm gratitude
lifetime	period blossom overtime daylight honeymoon semester reign tide lease bout era peak
breed	species type variety version sort form kind flavor description manner brand style
thrill	excitement fear dread terror horror panic alarm joy emotion decoration hatred transition
engineering	science medicine profession application room discipline subject compartment journalism lounge classroom architecture
awake	asleep sleepy wide likely famous strange long deep whole strong late dark
corporate	distinct spiritual separate high
expand	increase include bloom evolve build derive climb gather add accelerate inject modify
mercy	pardon forgiveness compassion kindness pity soul sympathy humanity permission sake clearance quality
ensure	confirm demonstrate establish prove show maintain receive prepare remain use care bring
sweetheart	woman lover siren mistress dame madam widow girlfriend cat lady wife girl
flame	flare reaction reduction mechanism spark feedback survival sink corruption transport sea heat
senate	parliament diet congress council court house suite rally gang audience bunch crew
liberty	independence license equality state death safety security unity perfection unemployment ownership separation
assignment	mission duty distribution writing function role office job patent passport deed certificate
privilege	advantage access equality handicap franchise goods profit favor door teacher thing asset
dismiss	evaluate deny try conceive attribute assess anticipate reckon calculate assign approve accept
charm	beauty curse speech language object music discussion conversation glory commerce negotiation accent
meanwhile	there
waist	middle region area shoulder portion part palm side arm bulb hub segment
interrupt	terminate act finish dare keep dissolve resolve conclude settle decide break kill
missile	aircraft arrow bullet shot weapon arm grape ball spear lance sword steel
permanent	temporary
smash	starve catch stun slam reserve deny kick devote touch knock keep scatter
politician	puppet peel democrat communist candidate mayor governor leader actor voter scientist merchant
speaker	narrator witness phone chairman chair user leader receiver bug announcer gossip trainer
supreme	commercial cheap
childhood	summer age youth period trauma minority majority state blossom overtime daylight honeymoon
steady	slow strong ready sure long
invent	conceive evolve develop imagine discover figure make create provoke scrape incorporate compose
swell	lousy naughty rotten painful negative awful sad worst terrible worse bad red
treasure	gold fortune wealth art map possession creation silver sculpture landscape painting picture
dirt	mold clay sand earth ground chip material stuff urine vomit molecule ammunition
deposit	earthquake flood matter backup delta growth mineral fluid system phenomenon interaction reflection
delicious	healthy awful raw fresh cheap sweet expensive special hot last good
violent	mild peaceful gentle natural human likely dangerous American used left
costume	dress disguise habit outfit wig mask accessory uniform clothes lid diaper hose
toast	bun bread butter celebrity honey lion personality egg cracker titan sun biscuit
injure	break stimulate shatter overcome overwhelm invite wake tickle frighten devastate tempt offend
drown	exclude starve strangle destroy turn fall thrive dissolve conceive awaken integrate boil
apology	example specimen exception sample farewell greeting admission receipt information cause coupon explanation
closet	bathroom bedroom hall room toilet furniture box gag convenience cellar drawer lamp
lean	clap insert install arrange replace settle introduce inject deploy pop coordinate stretch
garlic	onion herb sauce ginger spice pepper salt bread ingredient vegetable butter honey
panel	commission committee window body board roof plate immigration membership faculty registration establishment
goodness	sake welfare benefit beauty quality merit conscience advantage interest bounty distinction popularity
whip	cream dessert instrument congressman representative deputy senator politician weapon arm device mayor
reader	writer customer client scholar student patron buyer guest consumer soul person bacon
behave	continue repay interact prosecute cope blink descend presume flirt anticipate react sneak
creative	individual intelligent common used new
fourteen	seventeen tenth thirteen eighteen sixty sixteen eighty ninety seventy nineteen billion eleven
punk	bully outlaw crook criminal gangster accessory traitor runner murderer thief torpedo robber
rabbit	fur fox squirrel meat bunny mouse duck wolf seal deer lion leather
manufacture	develop sew knit brew weave conceive forge evolve bake cook prepare imagine
aircraft	carrier jet fighter missile engine craft runway chopper airplane helicopter plane vehicle
encounter	combat shock conflict struggle battle experience translation explosion harm damage war removal
entrance	door examination portal arch registration invasion arrival access approach block exam translation
delight	sorrow soul bonus input comfort feeling cue relief despair enthusiasm gratitude dislike
peak	season hour maximum minimum limitation degree period stage level winter time mountain
eagle	owl bird prey coin score dime nickel penny cent dollar species par
participate	act repay interact prosecute cope descend presume flirt anticipate react sneak pursue
rifle	gun shot firearm shotgun pistol trigger cannon weapon arm spear lance missile
civilian	citizen target voter soldier patriot soul person contestant acquaintance ruler gem traveler
assistance	boost support service resource activity request approval comfort variation measurement provision occupation
tournament	contest competition playoff bout championship match race game semi campaign occasion affair
majesty	quality distinction popularity utility publicity attraction humanity romance goodness goods asset ease
bump	trauma harm injury smack jar belly rap tap impact pinch bruise fracture
spoil	specialize rot qualify fail expire change undergo strengthen refresh adapt evolve transform
pursue	act hunt seek travel move go want try zoom roam repay whine
shield	armor protection shoe shade housing shelter roof screen cannon helmet vault curtain
exam	quiz communication entrance preparation transmission objection expression discussion traffic theater mail media
chop	dice trim carve rip hack chase make scrape scratch create move claw
execute	induce implement serve terminate punish kill help dissolve provoke motivate initiate resolve
minimum	maximum skeleton limit peak range limitation hearing boundary terminal end shred handful
melt	mix change blend burst explode divide split cook break rise increase undergo
visual	invisible
hopefully	soon again better right tomorrow today too never there back
mushroom	plant being mutant dwarf hybrid clone beast relative creature host soul animal
survey	research result examination summary autopsy glance inspection comparison observation review investigation outline
robot	android bomb weapon gear device system computer valve pump governor ride lure
mall	shop store outlet sidewalk path strip university salon grocery market spa office
unable	confident capable able due complete obvious own left high long
overall	well very
sum	zero lump quantity revenue purse coverage quantum collection product concept error gate
comedy	tragedy drama fun wit humor gag cartoon verse poetry joke style message
vessel	artery yacht monitor boat ship craft tub tin jar bucket barrel bath
resist	endure deny reject confuse dismiss ignore try evaluate lean conceive attribute assess
weigh	communicate nod greet impose inform speak write pay ask talk dictate whine
cage	barber coward wolf lion musician dock chamber pen tiger artist bird creep
existence	nature state life eternity presence possibility death soul mechanism nest survival carpet
pan	pot container stove spider titan chaos iron god mold envelope tin bin
pit	stomach chamber kettle tunnel depression throat scoop valve hood roof bowl blanket
aspect	sector background coast feature department badge profile dimension sight perception attention quality
shave	highlight wash scrub decrease polish amend confine shrink improve enhance restrict educate
discovery	insight revelation determination deed exposure identification location appreciation interference disposal motivation departure
cave	slope fountain ridge depression cliff shore beach spring object wall trench delta
servant	master lord worker butler maid gentleman man collector supporter poster slave rat
Canadian	typical average American prime proud polite French favorite English different old true
tattoo	decoration pattern motive transition passage improvement ending transfer arm chest streak patch
penalty	detention payment incentive royalty refund premium bribe execution bonus reward benefit cash
con	pro artist prisoner argument statement scam hostage suspect man offense proof crime
absolute	partial corrupt favorite
pose	exaggerate inform brag constitute instruct designate notify testify advise volunteer warn indicate
stroke	maneuver motion movement seizure wave pursuit stream flow progress rush speed approach
grass	cereal author writer goat wheat chess corn rice sheep butler buck poet
entitle	prefer designate assign cast appoint reduce alternate rotate nominate use try take
annoy	frustrate tease offend bark interrupt seem smell find fly look shut complain
hack	dice trim carve rip chop chase scrape scratch claw isolate snap tear
acquire	regain retrieve inherit isolate obtain recover borrow earn gain hire accept receive
cowboy	performer hand magician geek comedian musician dancer actor player groom soul person
commissioner	administrator executive member pledge sister brother associate chief director affiliate teammate participant
employ	recycle exploit implement devote dedicate commit waste enjoy share decide become speak
column	tube file row hose barrel pipe airline elbow line spectrum matrix passage
toss	bend twist roll cut spin launch kick hit pop bounce move stumble
ward	soul person contestant acquaintance ruler gem traveler observer cripple orphan ape creator
Mexican	Spanish Chinese American favorite Japanese good
install	clap insert lean arrange replace settle introduce inject deploy coordinate aim slip
wage	pension price incentive royalty refund premium bribe bonus penalty reward benefit cash
cliff	slope fountain ridge depression cave shore beach spring edge object trench delta
solo	career trip flight activity variation measurement provision occupation teaching negotiation laughter buzz
appoint	afford initiate render provide undertake nominate authorize activate arrange introduce feed offer
casino	poker parliament patience game spa outlet auction contract office building plaza headquarters
bake	fry roast mix knit brew weave prepare dissolve blend carve construct burst
explosion	discharge translation harm damage leap removal fracture encounter division bomb cause reduction
Korean	Japanese Chinese American popular difficult hot English young used good
notebook	book volume laptop writing novel album production product sketch diary flick output
rely	accept embrace recognize tolerate celebrate evaluate conceive attribute assess anticipate calculate assign
wallet	pocket portfolio sleeve kit luggage shoe container suitcase grip trunk mold envelope
following	previous prompt recent narrow social large Japanese Russian complete correct public certain
garbage	bag tray message ground exhaust scrap container material stuff truck bull urine
sofa	seat furniture chair bench table bed wheelchair wardrobe lamp bureau cabinet closet
sneak	stumble stalk rob act try splash take repay interact prosecute cope descend
random	
nasty	elementary pleasant simple easy nice used cold
lend	return offer pay repay cater administer modify distribute render alter spare breathe
sponsor	angel advocate provider donor uncle democrat representative champion soul person believer brick
vampire	demon devil presence fairy angel god belief dwarf elf creator goddess maker
pace	speed dispatch frequency jerk length flow limitation correction dose addition neighborhood supply
unlike	via beside beneath underneath throughout toward despite alongside onto below towards besides
lung	heart chest liver gut pump stomach organ kidney wing muscle ear eye
perspective	light appearance respect format stain impression attitude beauty image effect face democracy
seventeen	tenth thirteen eighteen fourteen sixty sixteen eighty ninety nineteen billion eleven forty
someday	definitely abroad perhaps maybe again back well still together even soon always
rude	polite civil others angry full used bad little
commitment	participation involvement cooperation investment representation intervention compromise gravity attendance transaction revolution conflict
surgeon	doctor physician intern vet specialist resident psychiatrist dentist analyst rock psychologist nurse
temporary	permanent eternal essential little sure last
submit	declare condemn plead testify swear promise send undertake boo assure guarantee cast
meter	rhyme unit mile cable gauge radar instrument dam ruler timer clock bomb
acid	protein water rain oil metal preparation salt spice soda rubber explosive gasoline
rear	flat
Muslim	holy Jewish religious worldwide typical vast ordinary strict western cultural ex united
couch	bed seat bench chair furniture table wheelchair wardrobe lamp bureau cabinet closet
deeply	even
anytime	soon anywhere back maybe probably again here home better there always
tech	school company academy university college industry establishment institution business religion faith organization
pulse	wave sunrise tide sunset motion movement stroke cycle evidence discharge destiny boom
stab	ram hurt push shove move expel elevate modify stir alter squeeze spill
destiny	event doom failure condition toilet discharge boom miracle occasion flash motion appearance
demonstrate	instruct designate notify advise volunteer warn indicate announce remind introduce describe teach
institute	association mob lodge gang conference league society club organization chapter coalition affiliate
powder	medicine explosive protein medication sugar remedy perfume prescription dose physics cure cream
drum	instrument guitar piano chorus whack beep toll stem buzz rap sigh whistle
domestic	international foreign external wild close
promotion	advertising plug ad message reduction adjustment motion movement spur action flyer trailer
aboard	now
recovery	process improvement advance rally ransom deed accommodation adjustment transformation shift road salvation
originally	now where
accomplish	induce implement serve determine help terminate succeed decide dissolve provoke motivate initiate
tenth	thirteen eighteen seventeen fourteen sixty sixteen eighty ninety seventy nineteen billion eleven
dancer	singer performer pole soul person magician geek comedian musician cowboy actor player
colleague	friend affiliate teammate participant ally mate partner member peer groom pledge bride
forth	back so always just
journalist	guest author writer butler buck poet grass singer sand ghost snow politician
pile	money flood collection dish chunk battalion ocean sea mile wood wardrobe mixture
gallery	art salon room porch audience compartment lounge classroom lobby engineering chamber toilet
soccer	hockey baseball sport cricket game basketball tennis golf practice championship fun fishing
mighty	helpless high
wreck	accident casualty injury trip status condition tragedy pity disaster shame despair innocence
thirteen	tenth eighteen seventeen fourteen eighty ninety sixty seventy nineteen sixteen billion eleven
judgment	appeal determination conclusion decision sentiment opinion error evaluation rating estimate justice deed
scout	boy girl supplier provider guard cub lad defender guardian chap fellow woman
collapse	tuck knit change warp undergo strengthen modify refresh adapt evolve transform resume
immediate	upcoming historic distant historical previous ancient recent former past late last new
slight	fundamental remarkable gross significant fat large important cold foreign worried German angry
constant	variable mental due female political foreign tired others crazy sick English great
eliminate	kill strangle undo slay erase execute fry shoot hang need take want
unbelievable	slick true
Dutch	Swedish German double Spanish English difficult easy French happy little used
blade	youth leaf fan pupil puppy ribbon pad thread grass teen teenager needle
clip	nail wing case knot locker loop seal button link video voice bow
shelter	bridge insurance hut tent protection security structure umbrella armor shade housing harbor
admire	deem identify appreciate include conceive believe look think decorate drink peep peek
romance	intrigue relationship quality interest language distinction popularity utility publicity attraction humanity goodness
edit	tell disclose expose indicate reveal repeat convey modify betray predict alter translate
makeup	lipstick structure property event infrastructure fabric way perfume powder cream scent concentration
eighteen	thirteen tenth seventeen fourteen ninety seventy nineteen sixty sixteen billion eleven forty
terrific	mild gentle everyday ordinary average
restore	refresh replace pay compensate repair spend buy consume invest afford forge perform
bride	groom participant friend associate partner father affiliate teammate colleague ally mate fellow
lecture	teaching instruction speech address tuition lesson criticism profession wig nomination rap debate
fold	knit combine warp blend change sit put undergo strengthen modify refresh adapt
occupy	work invade cooperate assist stretch volunteer extend attend belong cover lie sit
afterwards	shortly then together home better again only now so never there
severe	mild elaborate lame pale vulnerable faint gentle fancy weak busy economic due
flesh	bone person body transplant gum muscle tissue belly skin skirt lip button
ambassador	representative minister page advocate prosecutor ranger justice judge officer supporter democrat sponsor
starve	smash ruin drown reserve deny strangle devote turn get thrive dissolve conceive
approximately	how here
salary	pension payment commission incentive royalty refund premium bribe bonus penalty reward benefit
headquarters	company office arsenal armor command enemy post base installation facility unit spa
difficulty	problem effort handicap pickle pinch strain jam killer mess situation trouble status
pearl	necklace jewel diamond jewelry globe ice ball earring bracelet pin strand color
polish	enhance relieve shave repair fix help highlight wash heal scrub modify alter
remote	liable likely close southern dead
revenge	payment justice attendance participation involvement transaction cooperation revolution conflict competition struggle exchange
spit	peep grunt moan shout yell scream cry sing bleed blow walk call
harbor	sanctuary asylum port shelter hut tent structure address acre point anchor ship
enterprise	task project business organization operation breeze marathon picnic adventure job franchise manufacturer
fascinate	engage provoke attract stimulate overcome overwhelm injure invite wake tickle frighten devastate
scan	examine inspect check poke flip continue see make
pole	dancer rod telegraph sentiment opinion angle fish shaft telephone judgment idea mind
cruise	voyage journey movement transit expedition hike circuit tour flight trip ride maneuver
possess	manipulate persuade affect unite stimulate endanger combine bother treat involve carry wear
helicopter	airplane plane aircraft ship bomber jet fighter craft balloon vessel sausage vehicle
eyebrow	hair curl coat haircut fur beard bang feather skin hood roof blanket
narrow	wide liberal Catholic broad following dark afraid big old little long
household	unit den outfit squad troop gang crew side team organization armor expedition
practically	already today here so back now there
keyboard	computer key press holder device piano lure comb bait valve sensor filter
urge	motivation motive ambition dream feeling addiction appetite despair enthusiasm gratitude dislike sentiment
raw	intact medium whole safe delicious bad
merely	also never today there
swallow	insert tuck consume surround pack drink overcome defeat smoke eat use expel
patrol	protection personnel escort defense rank activity staff police cavalry artillery battalion regiment
symbol	icon token marker stamp crown award honor mark dream badge elephant signal
topic	question area opinion message territory story comment joke ignorance essence representation substance
Asian	European central unique American common Russian black English large big beautiful old
storage	facility business warehouse venture advertising fishing finance transport industry building ownership commerce
slap	knock beat kiss touch hit manipulate grind lick stun slam squeeze smash
tissue	paper muscle nose tablet carbon pad sheet card transplant gum flesh material
confess	pronounce cancel qualify evaluate believe conceive attribute assess anticipate reckon calculate assign
pleasant	lousy filthy harsh sore unhappy bitter painful nasty awful dirty fresh warm
campus	field lawn yard playground backyard garden place patch plot desert square range
phrase	clause construction language speech object sentence question suite solo song communication charm
charming	natural intelligent handsome funny young old little
symptom	fever cough headache lump cramp sickness syndrome scar chill pain evidence indication
surrender	donate refuse die give
maximum	minimum boundary limit peak range load extent limitation hearing skeleton orbit scope
bonus	payment royalty refund bribe penalty reward benefit cash delight joy pleasure input
exception	objection example complaint protest beef specimen apology sample rule information resignation revelation
lad	dog boy scout man soul person monsieur bachelor ham bull gentleman cat
circuit	journey bridge system route path transit voyage expedition trip ride module gate
lap	thigh domain arena orbit limb realm sleeve province kingdom skirt responsibility environment
entertain	consider interact feel assemble interfere communicate gather treat handle sing show convey
fever	symptom chill cough headache lump cramp sickness syndrome scar pain expectation evidence
murderer	thief convict torpedo butcher outlaw crook criminal booth gangster thug accessory traitor
medium	radical extraordinary raw extreme rare large small
category	sort form kind concept stamp sex flavor description species manner brand collection
celebrity	toast lion personality gossip honor titan sun fan adult glory reputation respect
whisper	communicate dictate hum yell scream discuss convey nod greet impose negotiate consult
stamp	collection category symbol class family envelope letter icon cube token crown award
basement	floor story building prop foundation structure window classroom apartment monument balcony porch
hammer	tool nail iron pump bone ride comb drill punch weapon reel prop
brick	sweetheart angel soul person wall patron provider donor supporter sponsor uncle contestant
signature	autograph melody strain tune name mode manner fashion style way nickname theme
practical	romantic fantastic crazy strong easy English new
darkness	silence scene status condition glow venue shade area despair innocence participation nomination
necessarily	better just there always right today so
marketing	retail sale commerce auction payment traffic trade business transaction refund ransom tribute
defendant	judge contractor soul person contestant acquaintance ruler gem traveler observer cripple orphan
palm	tree plant coconut foot region area willow oak coffee rod waist bush
era	age criterion period year reign gauge blossom overtime norm daylight honeymoon semester
somewhat	always even better today so still now
crawl	hum travel appear seem move look go shine fall walk zoom roam
leadership	role activity status body variation measurement provision occupation teaching negotiation laughter buzz
compromise	accommodation cooperation representation loyalty settlement commitment negotiation discussion attendance participation involvement transaction
horror	disgust fear dread thrill chill panic alarm dislike emotion hatred anxiety anger
convict	fraud murderer offender prisoner killer hostage shark outlaw predator traitor crook bully
raid	theft invasion attack robbery felony charge fire seizure offense crime ambush blackmail
Latin	Greek Spanish Roman Italian European artificial American ancient English dead popular Russian
sauce	garlic pepper mole pickle rice ginger herb spice salt egg cream ingredient
preserve	manifest recruit enter hold enlist collect reserve deny devote starve smash ruin
privacy	separation freedom blood respect state temper patience unity perfection unemployment ownership integrity
extraordinary	ordinary modest chronic conservative everyday medium reasonable usual average fair
ideal	corrupt opposite ready good
noble	human good
stairs	flight elevator leg pier brace shelf rib stock device saddle strap beam
acknowledge	refuse accept convey transmit pronounce cancel reserve beg apply demand invite claim
explode	dissolve greet blend decline acknowledge divide split refuse mix cook accept wonder
spider	insect pan supervisor prey creature package software worm virus editor upgrade routine
bubble	scheme strategy illusion fantasy plot globe ball idea intrigue conspiracy maneuver tactic
ashamed	poor silly proud past own old
testify	condemn plead communicate propose swear suggest promise reinforce exaggerate disclose deceive interpret
elevator	stairs cable trap shaft button press wing device ride emergency floor lure
jungle	camp forest wood location path grove city region point middle suite rally
cabinet	file kitchen compartment furniture drawer module stall cab box board car lamp
mode	panic setup lifestyle signature status condition property despair innocence participation nomination motivation
heel	bottom villain head spine arch front top dog surface hip soul person
bounce	pop hop skip travel move go launch kick throw zoom roam whine
useless	useful dead old hard next new
liberal	conservative petty narrow democratic
bee	ant insect queen worker drone honey bug supper meeting party animal colony
poetry	rhyme style drama vein delivery device theme writing tragedy comedy language communication
merry	round bright happy new little good
helpful	friendly little used
cabin	house compartment module cottage mansion villa locker stall residence cab box car
punishment	detention execution sanction discrimination occupation enforcement obligation management responsibility duty government legislation
closely	very together how too so
definition	term explanation word interpretation reason statement version cause prediction qualification summary declaration
resistance	path force action slavery sound interaction kindness achievement employment execution selection arrival
everyday	marvelous exotic stiff tremendous formal remarkable extraordinary terrific unusual curious fantastic strange
engagement	combat assault action meeting party marathon storm parole oath defense war umbrella
clinic	session hospital conference building establishment institution asylum surgery architecture ministry temple theater
depression	sink anxiety crisis trench valley bed situation trauma spell collector kettle pit
sustain	accommodate satisfy feed undergo resume dine give repay administer distribute render lend
communist	comrade politician peel democrat candidate leader member bacon trainer employer guide hero
decline	weaken rot answer thrive dissolve conceive expire awaken integrate greet boil explode
pathetic	fortunate lucky happy
sequence	film gene combination rain series reel footage rash cycle chain train sentence
communicate	sign continue dictate whine prescribe clap instruct designate chant flirt notify bark
behalf	sake interest function role office welfare benefit hat duty assignment task advantage
inner	outer external foreign solar rich small close
fleet	collection railway railroad airline subway rail heap wardrobe batch mixture bundle biology
custody	battle obligation responsibility duty requirement cage restriction slavery sanction discrimination occupation enforcement
exhibit	parade evidence behavior carnival demonstration circus presentation entertainment sculpture testimony performance distraction
scarf	coat glove hat dress diaper hose robe vest fur laundry sweater skirt
accurate	false wrong essential reliable
ultimate	initial prime basic original
generate	make create provoke scrape incorporate compose initiate construct chop organize publish print
layer	blanket atmosphere cake surface snow region place coat horizon wall cream cone
drain	pipe trap tube removal elbow hose barrel withdrawal airline passage flow division
bored	curious stiff narrative dull boring likely asleep little wrong long alone left
imagination	power vision dream fantasy intelligence nightmare symbol witch monster heaven character hell
conclude	dissolve solve agree decide finish break kill think implement accomplish execute interrupt
reform	progress campaign cause improvement perfection correction venture development remedy compensation amendment maintenance
contribution	award prize gift effort attempt charity legacy essay aid struggle trial battle
nearby	somewhere there away where always even
exclusive	mutual joint common
disorder	anxiety personality complaint confusion riot status condition stress state disease addiction pregnancy
react	thrive dissolve conceive expire awaken integrate cite boil concentrate permit regret freeze
constantly	lately even home why often
frozen	mobile hot solid fresh dry hard long last
cotton	fabric silk towel bush crop cloth material pepper rose tea straw export
objective	reality destination intention viewer laser device sake idea lure comb bait valve
plug	outlet publicity promotion cord advertising ad obstacle barrier wall structure message cable
booth	assassin corner table murderer counter desk torpedo butcher furniture room outlaw crook
adjust	change comply modify alter listen compensate oblige cancel tie amend accelerate weaken
scissors	razor axe workout exercise clutch grip yoga effort lance difficulty hug trigger
whistle	tin signal chorus whack beep toll buzz rap sigh drum tap noise
electricity	energy power heat signal storm sensation radiation light interaction reflection chaos resolution
translate	publish interpret disclose expose indicate reveal express inform convey betray predict thank
withdraw	cease quit travel release move stop go zoom roam whine swap scramble
hostage	terrorist prisoner inmate convict con being survivor loser victim soul person child
painful	keen acceptable pleasant swell grateful solid beautiful best good slow necessary long
leather	grain crush kid fur squirrel rabbit fox seal silk feather shell bone
retirement	ending withdrawal status abortion destruction removal slaughter departure graduation homicide disaster suicide
ambulance	car automobile auto heap jeep cab taxi motorcycle bike truck transport pickup
creep	pen crank peasant insect bum worm critic pill turkey demon rat room
incredibly	probably fast actually so well still
organ	liver tongue transplant bureau agency office wing brain navy army gut muscle
Australian	American German English beautiful lost French
forbid	cross ask tempt provoke sue dare frustrate embarrass avoid stop reserve beg
literature	history writing mathematics philosophy manuscript paragraph autograph transcript criticism diary essay journal
escort	guard policeman officer cop guide defender guardian protection service companion building reminder
coverage	news extent sum amount orbit boundary revenue purse depth length limit range
hockey	sport soccer game cricket football baseball golf tennis basketball fishing celebration entertainment
bench	seat establishment administration organization lounge couch sofa chair furniture wheelchair executive management
convert	change modify alter amend accelerate weaken elevate depress straighten undergo awaken strengthen
whale	dolphin shark fish killer scientist marine animal soul person pilot horse cow
creation	job art representation invention production activity product beginning drawing construction design building
historical	upcoming legendary instant fabulous immediate modern popular rich important great able
spill	flush move drop spin expel elevate stir squeeze disturb pour slide wrap
importance	stress significance accent weight value respect consequence toll rating honor price status
infection	illness wound sickness trauma harm injury handicap disability pinch bruise fracture bump
origin	cause beginning point place producer factor creation fire corner spot position alpha
bureau	furniture organ navy army wardrobe lamp cabinet closet seat police table intelligence
rage	anger desire outrage offense emotion excitement frustration harassment temper hatred anxiety joy
robbery	attempt theft felony raid involvement seizure offense crime blackmail tribute violence violation
trunk	suitcase locker stem bag grip bulb cane branch part box car portfolio
bail	maneuver tactic scheme warrant strategy policy program plan bubble plot guideline regime
dine	cater provide accommodate satisfy sustain consume dip give repay administer distribute render
fairly	well recently quickly already actually now still yesterday today yet so home
ranger	man warden vet prosecutor policeman marshal sailor veteran deputy sergeant sheriff marine
shortly	afterwards back here home
backup	singer replacement peer associate soul person melody strain tune affiliate teammate participant
trailer	bum semi transport advertising ad litter mail vehicle car flyer publicity promotion
recruit	manifest preserve save obtain derive extract gain keep retain draw collect reserve
sack	bag backpack purse container space scoop handful mug tub bin jar bucket
squeeze	grind move drop put expel elevate stir spill disturb pour slide wrap
housing	building protection apartment camp structure armor suite shade shelter ward shield studio
protein	acid powder sugar wax oil grease gasoline gas preparation salt amber spice
tennis	basketball sport golf football soccer hockey baseball game hobby fun cricket fishing
philosophy	subject history science wisdom logic mathematics economics teaching democracy belief religion politics
tent	shelter web camp sanctuary asylum hut structure canvas pitch building harbor wall
suspend	fix modify sew alter tie lock stick change tuck tick attach amend
photographer	amateur artist painter drawer musician master creator developer architect maker designer farmer
objection	proposal demonstration exception complaint beef communication opposition dispute resignation revelation denial examination
invitation	letter document note attraction representation text request icon petition lyric drawing display
atmosphere	layer top flavor spirit feeling surface air status region condition reef despair
improvement	perfection correction reform development accommodation adjustment recovery performance health transformation shift situation
announcement	statement prediction qualification summary declaration proposition input amendment remark reservation formula explanation
approval	acceptance adoption championship reward support rating assistance aid preference recognition taste feeling
settlement	accommodation agreement community body compromise parish conspiracy bargain neighborhood deal house immigration
clown	fool comedian performer goose politician gentleman magician geek musician dancer cowboy actor
ski	leg device arm pole lure comb bait valve sensor filter keyboard instrument
relieve	help enhance educate polish repair spare forgive fix heal modify alter shave
boil	burn thrive dissolve conceive expire awaken integrate modify alter react decline concentrate
soil	clay mineral mold mud sand earth rock object material stuff health molecule
satisfied	utter bloody pure perfect current daily unlikely honest new large happy
hood	bully outlaw crook criminal neighborhood village gangster accessory traitor runner murderer thief
sigh	chorus whack beep toll buzz rap whistle drum tap noise bell voice
furniture	sofa table transport curtain wardrobe lamp bureau cabinet closet seat lounge bench
resolve	dissolve solve agree finish break kill implement accomplish execute interrupt govern modify
thread	needle cord thought silk blade lace provision consideration preparation gut explanation string
confident	shy unable successful complete strong used French
athlete	substitute amateur pro contestant star batter participant competitor starter rival opponent loser
essential	unnecessary petty extra mutual invisible digital accurate temporary daily healthy foreign human
barrel	tube vessel hose drain column pipe tub tin jar bucket bath tank
arrival	departure traveler achievement entrance delay action astronaut flyer foreigner follower messenger companion
elephant	mouse lion badge symbol animal cow bat stripe squirrel ape monkey rat
bully	thug hood punk muscle outlaw crook criminal predator beast offender user victim
spray	water perfume decoration shred handful pinch hint suggestion trace couple bit hair
pirate	ship thief robber outlaw crook criminal vessel gangster thug accessory traitor runner
ace	expert observer analyst therapist investigator shooter specialist veteran shark authority talent computer
discipline	frontier engineering technology science ethic program government mathematics psychology philosophy math strategy
beam	light laser timber shore steel radiation signal guy pier brace shelf rib
embrace	recognize believe evaluate grasp tolerate rely celebrate trust include depend bet try
industrial	complex average new great used
advertising	business flyer trailer promotion venture storage fishing finance transport industry building commerce
alter	amend accommodate accelerate weaken elevate depress straighten awaken strengthen terminate specialize decorate
medication	prescription therapy administration dose physics powder vomit pill injection agent massage attention
celebration	ritual festival occasion affair carnival entertainment pattern joke sport practice fun game
dock	herb platform ginger honesty mint tobacco galaxy vegetable rocket carrot strawberry tomato
shy	sufficient confident awkward unfortunate sensitive opposite cute super used quiet little public
alliance	organization connection state commonwealth community affiliate federation establishment enterprise personnel institution association
detect	perceive smell receive touch catch listen hear feel see behold sniff intercept
vegetable	tomato carrot potato plant meat herb pumpkin onion corn rice ginger honesty
awkward	elegant handy convenient shy little wrong alone
worship	activity loyalty crush variation measurement provision occupation teaching negotiation laughter buzz preparation
accompany	perform travel go attend move zoom roam whine swap scramble descend renew
tourist	guide traveler astronaut flyer foreigner follower messenger companion runner rider carrier arrival
poet	writer author scholar butler pope suicide scientist buck journalist grass singer sand
pope	cardinal leader poet butler author writer rabbi buck journalist grass singer sand
expectation	possibility belief feeling rainbow sentiment conviction philosophy fever confidence faith theory thought
carrier	aircraft mail traveler ship engine astronaut flyer foreigner submarine follower messenger companion
republic	union state clan minority tribe sector circle organization folk band society body
genetic	human different
vital	
formula	instruction statement equation prediction qualification summary declaration proposition input prescription amendment destination
rebel	authority soldier activist feminist villa contestant marine farmer nation king terrorist man
champagne	wine vintage rose alcohol bishop port booze liquor sake northeast southwest southeast
predict	disclose expose reveal repeat inform convey transmit betray translate quote publish instruct
analyze	inspect diagnose investigate compare check explore watch consult hear let take
airline	hose railway railroad tube flight subway rail barrel drain fleet column pipe
educate	preach show designate notify testify advise volunteer warn indicate announce remind introduce
headache	symptom burden fever sorrow grief input distress stitch cue lump cramp syndrome
chef	farmer cookie cutter fisherman flyer butcher painter founder sailor hunter editor man
terrify	stimulate tickle tempt inspire invite encourage provoke wake cheer overcome overwhelm injure
homework	project breeze marathon picnic venture enterprise adventure experiment danger campaign risk cause
craft	vessel aircraft vehicle art occupation business job class yacht monitor boat ship
compliment	recommendation puff sanction applause tribute recognition warrant permission credit message salute spur
surveillance	investigation inquiry examination analysis search research autopsy inspection comparison review paperwork task
slam	shut stun smash kick catch touch move lock stumble shrink stir wrestle
imply	aim represent appreciate tell disclose expose indicate reveal repeat transmit betray predict
emperor	king grape chancellor premier president representative butterfly delegate berry insect pear cherry
selection	pleasure decision action mixture variety intention alternative appointment interaction kindness opposition achievement
conservative	liberal progressive radical extraordinary extreme political American whole English old used
hint	proposition suggestion indication trace advance shred handful spray proposal couple bit hair
counsel	lawyer referee prosecutor tip message sergeant publisher critic adult instructor principal nurse
resort	hotel area spa inn building playground arena assistance aid safety corner section
fairy	dwarf elf magic princess prince author child devil angel god belief frog
shade	protection color armor housing shelter shield roof screen darkness vault curtain blonde
maintenance	improvement payment perfection correction reform resource development incentive royalty refund premium bribe
rally	effort recovery stunt achievement suite gang audience bunch crew pair crowd grade
critic	referee judge author crank peasant insect publisher bum worm creep pill turkey
portion	bulb hub segment substance waist basis element item detail unit piece member
academic	forensic formal common major high different good
poll	top inquiry research probe experiment investigation bottom trial front test calculation surface
coordinate	accommodate satisfy pack correspond administer organize conduct lay agree set put qualify
turtle	snake sweater shirt bird pet creature diaper hose robe vest fur laundry
designer	specialist creator developer maker farmer producer expert artist soul person sensation pioneer
fluid	substance water gas blood ink liquor alcohol matter mixture atom essence chemistry
recipe	instruction destination rule secret message protocol regulation disrespect significance reminder publicity wit
rubber	glove glue gum preparation acid salt boot spear lance gig discharge rod
rail	balcony railway railroad barrier bar subway dam bolt fence network guard airline
wander	soak rob travel move go bleed treat handle mock ignore zoom whine
shed	building garage house storage architecture ministry temple theater restaurant hotel center school
certificate	bond registration document patent passport deed assignment license bill law resignation charter
pity	sympathy mercy humor tragedy disaster kindness concern trouble feeling accident trip interference
destruction	disaster ending death rack environment abortion retirement state war removal triumph slaughter
parade	circus exhibit display streak train carnival demonstration presentation series entertainment exhibition performance
requirement	obligation responsibility duty custody sanction discrimination occupation enforcement punishment penalty management government
gentle	fierce keen brutal wicked intense severe terrific violent extreme worst terrible main
stun	confine slam smash kick catch modify decrease alter touch change trim shrink
fraud	convict theft offense crime voter hustle scam traitor liar fox victim felony
dramatic	
intelligent	stupid ignorant creative charming attractive wise super beautiful obvious simple human young
flee	leave depart abandon quit start manage avoid jump catch arrive try open
cherry	blossom tree wood fruit strawberry pear peach berry grape banana apple stone
slice	wound percentage couple trauma harm injury oyster allowance thigh pinch bruise fracture
betray	indicate repeat inform thank convey soak transmit rob predict translate quote publish
replacement	backup variation peer departure tide difference associate reduction adjustment promotion motion movement
jewelry	earring bead bracelet necklace pin strand pearl diamond stripe frog decoration ice
candle	holder lamp match bulb torch device flood cake lure comb bait valve
generous	bare warm friendly poor rich used left
server	participant computer player bunny seed employee client website site contestant machine bartender
auto	heap jeep cab ambulance taxi motorcycle bike truck pickup semi rig carrier
stink	specify underlie hum terminate decorate disagree consist confuse lend lean define tend
Italian	Spanish Latin Greek similar prime Turkish German European romantic American French English
pad	leaf paper blade rocket carbon tissue sheet card nut material cake stuff
burger	sandwich justice judge torpedo submarine bomber sub prosecutor ranger officer dish bun
coal	fuel fragment jet scrap chip bit piece part oil gas segment strip
assembly	construction building machine installation facility machinery gin motor computer press device parliament
miserable	fortunate golden lucky happy likely rich whole little
democracy	philosophy essence teaching belief regime illusion sentiment conviction prospect expectation perspective faith
illness	infection injury disease complication tumor breakdown trauma harm handicap disability pinch bruise
strain	signature difficulty theme music relationship beginning variation pickle pinch motive backup jam
brake	emergency disc press gag bus light device ride cuff knot locker loop
bout	division contest competition period inning ingredient component factor element quarter beginning middle
trauma	pinch bruise fracture bump wound slice mouse sickness illness infection anxiety depression
outstanding	invisible commercial cheap
soda	salt sugar water dope stain mixture preparation acid alcohol chocolate milk tea
eighty	ninety seventy nineteen thirteen tenth seventeen fourteen sixty sixteen billion eleven forty
ninety	seventy eighty eighteen thirteen tenth seventeen fourteen sixty sixteen billion eleven forty
seventy	nineteen ninety eighty eighteen thirteen tenth fourteen sixty sixteen billion eleven forty
nineteen	seventy eighty eighteen thirteen tenth seventeen fourteen sixty sixteen billion eleven forty
kettle	pot pan pit tunnel scoop handful mug tub bin jar bucket basket
pear	apple fruit tree strawberry cherry peach berry grape banana olive lemon orange
windy	lazy slow cold dark little
cloudy	distinct sharp sunny clear cold
pop	click bounce hum tick bend stretch twist whine weave lean launch scream
lower	upper high standard actual joint solar average blind national human little difficult
buck	horse goat author writer bill butler poet journalist grass singer sand ghost
pro	con athlete argument statement substitute amateur contestant batter proof participant competitor starter
rip	dice trim carve hack chop chase scrape scratch claw isolate split pull
rob	deceive betray wander manipulate sneak treat handle mock ignore tease roast interact
lab	workshop laundry studio farm shop job ranch port address point residence harbor
bang	noise haircut smack jar rap tap hair rattle roar impact crash curl
alert	warning siren horn caution threat signal emergency revelation introduction report situation output
sub	sandwich burger carrier ship pirate vessel dish yacht monitor craft taco chili
cab	automobile auto car carriage compartment heap jeep ambulance module locker stall cabin
railroad	track subway network airline station fleet business franchise manufacturer maker partnership agency
rating	score mark assessment judgment approval review importance estimate justice honor criticism deed
suite	apartment hotel studio housing solo song rally gang audience bunch crew pair
sweetie	lover pet honey soul person boyfriend girlfriend contestant acquaintance ruler gem traveler
underground	bald visible large
fade	decrease vanish shrink disappear detain dip drop increase climb gather add grow
menu	list food portfolio inventory stack flag calendar schedule dish database diet breakfast
frequency	attendance cardinal audio ratio rate elf efficiency pace jerk flow speed number
consult	preach communicate hurry push speak talk convey whine nod greet chant impose
carpet	curtain furniture appointment mechanism nest existence universe sample stone rock body world
corn	grain popcorn cereal wheat rice grass vegetable butter plant crop seed potato
fabulous	historical actual real
intense	mild gentle cold last
spark	flash fire lightning storm expression face enthusiasm discharge destiny boom miracle fate
emerge	manifest cover become figure start believe study run hope see
needle	thread button leaf spear lance gig rod brush iron tool bar arm
teenager	adult child youth kid soul person orphan pupil peanut puppy blade monkey
drawing	sketch picture art plan representation painting draft icon creation display photograph document
maid	girl gal dame doll babe chick bird servant woman siren mistress madam
cruel	native sweet foreign English poor beautiful
remarkable	everyday slight ordinary average recent economic English young last
climate	condition health status state event activity action crisis despair innocence participation nomination
skull	bone jaw rib tooth chopper forehead skin hammer transplant gum flesh muscle
regional	economic
rap	song bump bash smack jar bang impact chorus whack beep toll buzz
reservation	doubt confirmation statement suspicion province ward county department town country city state
urban	rural major large American new used
liquid	substance gas milk ink alcohol plasma phase chocolate tea coffee water matter
oxygen	element carbon atom molecule air earth water metal substance gas nickel tin
confuse	hurt torture seem look provoke resist refuse appear wake stand specify underlie
negotiate	preach hurry push speak talk whine chant bark whisper snap shout deliver
foul	violation penalty activity offense vice sin trick crime variation measurement provision occupation
humanity	nature quality benefit ape monkey value mercy face cow bat distinction popularity
accent	stress importance language speech rating honor groan laughter sigh charm discussion status
embarrassed	cool public little likely quiet English
consent	permission sanction passport proposal applause tribute recognition warrant credit message salute spur
justify	verify claim tell say reply observe declare respond announce mention add answer
formal	casual everyday daily academic appropriate black English
burst	snap laugh dissolve shatter blend grind divide split mix cook cry chew
survivor	cancer victim beast creature soul animal person guard loser prisoner contestant acquaintance
lamp	light desk table candle furniture bed torch wardrobe bureau cabinet closet seat
jazz	music dialogue reel rag conversation gospel commerce chat exchange chorus melody ballet
clay	soil sand dirt mold earth ground marshal colonel lieutenant captain officer commander
bargain	plea agreement acquisition conspiracy settlement statement price accommodation gift prediction qualification summary
veteran	man expert sailor ranger marine officer sensation observer analyst therapist investigator wizard
puppy	dog youth owner hound pupil blade wolf fox child kitten bear teen
teen	adult youth child kid girl soul person orphan pupil peanut puppy blade
democratic	unusual rare particular special liberal official social united political new
sacred	human
wrestle	discourage warn handle preach hurry push speak move talk whine chant bark
testimony	witness declaration evidence denial accusation exhibit cue identification info clue argument statement
distract	hurt torture provoke impress strike stimulate overcome overwhelm injure invite wake tickle
downstairs	upstairs immediately still quickly back right probably already now
employer	worker mistress boss leader trainer politician commander guide hero chief soul person
distinguish	isolate define determine remember set assess underestimate lie love look need
interior	surface commerce dot region boundary bottom front top reef treasury mansion vacuum
compound	simple organic chemical Japanese
weakness	strength flaw advantage property virtue defect exposure fault scent composition concentration mode
patience	game poker parliament casino auction contract effort practice abuse support activity blood
transmission	channel communication extension email examination objection exam expression discussion traffic theater mail
execution	injection mechanism action punishment penalty interaction kindness opposition achievement employment selection arrival
constitution	law amendment draft federation installation initiative debut introduction entry decoration transition passage
triple	lone sole unique single
uncomfortable	comfortable little entire others whole left close own
ultimately	
belly	chest corporation bump groove cheek trunk organ tissue toe hip region bottom
consumer	customer client user patron diner sucker buyer reader guest soul person cutter
lick	exceed overcome cheat understand tickle penetrate grasp interpret translate defeat touch kiss
instant	upcoming historic historical previous ancient lazy recent former slow past late last
survival	custom ritual habit prosecution chance activity marriage wedding existence being life risk
noon	hour morning sunrise sunset dawn midnight data statistic norm information acquaintance input
extension	delay transmission addition suspension pause channel concentration reduction communication email rest discount
heavily	so yesterday pretty even very home today
highlight	convey suggest ask put intend thank mean shave aim represent wash appreciate
crop	plant variety output farmer cotton potato tomato collection rice corn wheat industry
tragedy	comedy drama pity shame trouble accident trip experience death interference outrage blaze
offend	provoke oblige bind interact stimulate overcome overwhelm injure invite wake tickle frighten
transportation	facility network delivery charge installation system means premium rate forum grid assembly
badge	stripe feature elephant aspect dimension symbol sector attention quality character concept department
lightning	bolt flash thunder cloud storm spark fire rain sunrise impulse sunset spike
beside	beneath underneath unlike via throughout toward despite onto below towards beyond upon
electrical	major
cough	symptom fever lump cramp sickness syndrome scar chill pain evidence ache rash
physics	chemistry mathematics biology science math subject medication medicine remedy prescription dose powder
grandpa	ancestor dad father relative relation sibling partner cousin parent soul person heir
partnership	contract business charter lease insurance policy relationship franchise manufacturer maker agency firm
dip	decrease soak consume weaken penetrate shrink detain fade relax dine sting bite
steak	beef meat saddle rack rib shoulder neck flank bacon ham chicken sausage
grip	luggage shoe bat trunk scissors hug locker portfolio sleeve wallet kit ownership
donate	surrender persuade cross consider save convince talk wonder decide die use need
opponent	enemy boxer player king knight contestant soul person participant competitor starter rival
burden	headache significance import meaning lesson sense point sorrow grief input message cone
poster	horse worker pony mount Arab collector supporter servant slave rat assistant employee
wagon	cart truck bicycle bike car pickup semi rig vehicle carriage carrier engine
ministry	building treasury department architecture profession temple theater restaurant hotel center school personnel
isolate	distinguish acquire snap tear cut get dice trim carve rip hack chop
liver	organ kidney soul person transplant contestant acquaintance ruler gem traveler observer cripple
anxiety	depression fear disorder separation panic concern emotion feeling stress health hatred trauma
auction	sale marketing contract retail commerce poker parliament patience casino painting game payment
skate	slide slip go travel move zoom roam whine swap scramble descend drift
talented	ambitious young smart
loop	belt knot locker clip seal nail button link bow hook gag brake
creek	fish crow river water soul person salmon snake milk contestant acquaintance ruler
recommendation	puff advice compliment warning streak aspect proposal spot lesson quality sanction proposition
spike	fruit ball punch berry olive seed strip mat weight impulse equipment discharge
spiritual	corporate scientific political
retreat	travel move go zoom roam whine swap scramble descend drift wander accompany
violation	offense crime foul felony fraud attempt seizure theft assault activity vice sin
peanut	butter bean nut child banana kid pea orphan monkey fruit suspect herb
motive	theme pattern impulse urge variation tattoo statement decoration melody strain tune streak
haunt	chase hunt travel move go come zoom roam whine swap scramble descend
stack	list flood portfolio inventory menu flag calendar schedule database dish chunk battalion
widow	woman mother siren mistress dame madam sweetheart peach beauty girlfriend cat lady
lobby	room people hotel compartment lounge classroom gallery engineering chamber toilet bedroom surgery
introduction	transfer section installation initiative establishment formation constitution revelation warning report clause federation
wisdom	knowledge experience philosophy power silence eye goddess method ignorance essence representation substance
arrow	shot missile bow bullet weapon arm grape ball spear lance sword steel
wealth	poverty status health luxury treasure amount resource bounty plenty quantity ease fortune
rod	iron willow basket bacteria shaft pole glass spear lance gig needle brush
madame	dame lady woman siren mistress widow sweetheart peach beauty girlfriend cat wife
essay	writing effort attempt paper contribution struggle trial battle art activity manuscript paragraph
employment	job agency occupation business action contract state photography profession craft career sport
mortgage	pledge stake fee percentage payment allowance slice rent sum investment resource capital
residence	house address deed cottage mansion villa cabin hall government lodge palace castle
thunder	lightning heroin noise flash rattle blast crash cocaine chorus whack beep toll
substance	liquid water implication significance thought idea mixture atom chemistry fluid element material
rig	truck pickup wagon kit outfit automobile motorcycle auto bike car equipment heap
depressed	thick fat high sad likely little left
maker	god instrument generator producer author business singer son developer architect designer farmer
passage	bible throat text channel block section decoration improvement ending transfer corridor tunnel
laundry	shirt clothes diaper hose robe vest fur scarf sweater skirt suit workshop
welfare	health aid advantage sake interest goodness goods scholarship success grant gift behalf
ranch	farm workshop laboratory laundry lab studio shop job port address point residence
frankly	quite so very
rider	traveler clause article astronaut flyer foreigner follower messenger companion runner carrier tourist
musician	actor amateur singer performer artist barber coward monk cage wolf cash magician
echo	laughter comeback god siren lip bat resignation revelation denial goddess objection proposal
nest	area roof feather mechanism carpet existence universe sample stone rock body world
boost	assistance aid job pressure support service activity amount approval comfort thrust quantity
scholarship	award prize aid education welfare grant gift experience donation legacy contribution present
carbon	oxygen atom paper earth diamond element product clone tablet representation pad tissue
mysterious	ancient dark beautiful
scar	symptom face lump cramp sickness syndrome cough fever chill pain evidence appearance
violate	oblige bind restrain interact modify assemble interfere alter communicate gather treat handle
lease	contract month period property charter partnership insurance policy franchise treaty blossom overtime
mature	juvenile attractive young little old last
cease	vanish withdraw retire disappear expire exist move work start talk ask
concrete	structure block cement bridge floor timber stone steel wall tile brick board
purse	bag container sum amount credit shoe backpack sack mold envelope tin bin
elder	petty secondary junior young rich
import	export product material foreigner alien partner essence burden lesson sense point traveler
observation	measurement input remark comment glance survey view truth shaft courtesy reference activity
peaceful	fierce furious violent hot atomic nuclear quiet human possible small used
tension	ease balance status condition despair innocence participation nomination motivation identification guilt climate
basket	rod willow goal ball container mold envelope tin bin purse pan vessel
devote	deny starve employ apply use think smash ruin study choose recycle evaluate
bark	communicate dictate hum yell scream discuss convey nod greet impose negotiate consult
remark	shaft courtesy observation reference statement attention subject prediction qualification summary declaration proposition
dot	disc commerce disk interior treasury ministry department signal personnel cone scroll curl
trend	direction way dislike sympathy route path favor attitude prejudice preference bias orbit
reception	wedding party television radio reunion mask dinner salute afternoon morning telephone feast
madam	woman siren mistress widow sweetheart peach beauty girlfriend cat wife girl adult
resign	deliver change undergo strengthen modify refresh distribute adapt evolve transform resume boil
statue	bronze marble sculpture art picture gem treasure block creation landscape painting stone
strongly	very away so home right today
overwhelm	summon ask tempt stimulate injure sue dare invite wake reserve beg apply
blank	narrative vocal pregnant full suitable left last
conspiracy	theory agreement intrigue circle band lot scheme strategy charge bargain settlement bubble
divine	human
environmental	global standard economic serious major human clean new long
gap	breach rent hole mouth bridge space chap vent gulf fracture leak compartment
stir	move expel elevate stumble shrink wrestle squeeze spill chop sweep pour hop
serial	loose
dope	marijuana soda moron sheep idiot fool soul person goose clown alcohol chocolate
mister	rabbi nickname name father signature brand title autograph label phone word hybrid
weekly	local fresh new
guardian	angel reminder keeper escort fighter monitor champion hero nanny warden policeman marshal
riot	violence gag joke disorder wit confusion humor arrest action state robbery cartoon
sheep	cattle goat cow wolf lamb lion farmer follower shepherd nanny worker deer
worthy	good
Thanksgiving	holiday petition prayer request Easter appeal Christmas plea inquiry examination Halloween anniversary
goat	sheep baby cow beard dwarf owner lion nanny buck neighbor victim soul
urgent	medical economic important new left
curve	distribution pitch arch envelope crook hook bullet rainbow perimeter boundary edge loop
await	answer know work
memorial	pyramid recognition structure credit message balcony salute porch fountain arena housing shelter
inspiration	source production product thought idea flick output yield volume fruit newspaper magazine
revenue	gate sum amount yield purse coverage net profit rent fund store tax
snack	meal feast picnic supper breakfast lunch dinner tea food popcorn vitamin dish
beneath	beside alongside unlike via throughout toward despite onto below towards besides beyond
choke	breathe expire sniff blow change undergo strengthen gasp modify refresh adapt evolve
enable	change modify alter amend accelerate weaken elevate depress straighten awaken strengthen terminate
deed	interference disposal motivation departure distribution residence judgment recovery discovery sacrifice communication production
hail	salute rain snow weather shower object afternoon morning sunshine wind breeze frost
vast	lesser atomic slim tiny small little plain empty natural American Muslim rich
underwear	gown vest bra diaper hose robe fur laundry scarf sweater skirt suit
manual	automatic
presidential	political American next French new
physician	intern vet specialist surgeon resident psychiatrist dentist assistant analyst rock nurse publisher
selfish	greedy others true little beautiful own used
terminal	destination tip goal station battery installation boundary facility limit region wire connection
democrat	politician advocate peel communist candidate supporter sponsor representative champion leader soul person
terribly	so still
interfere	assemble communicate gather treat handle ask convey oblige nod greet tease mock
tribe	federation variety species type clan minority sector circle organization league band society
shrink	weaken detain confine trim dip fade reduce relax drop cut move restrict
discount	rate cash price refund reduction payment freight footage incentive royalty premium bribe
obligation	requirement liability custody state sanction discrimination occupation enforcement punishment penalty management government
protocol	rule convention regulation instruction closure prescription destination recipe formula message heritage custom
enforcement	sanction discrimination occupation obligation punishment penalty management responsibility duty government terrorism legislation
stall	toilet bathroom car compartment market shop store module locker cab cabin cabinet
roast	bake treat handle ignore interact dissolve blend burst explode divide split mix
offensive	defensive
component	point division style accessory hardware crystal addition inning substance bout basis item
guilt	silence feeling status condition sorrow shame doubt despair innocence participation nomination motivation
coincidence	accident lottery slope slot direction list room meeting currency priority discharge destiny
statistic	data norm fact information acquaintance input consideration circumstance background example evidence hour
overcome	inspire expel stimulate exceed conquer lick injure cheat survive invite destroy wake
loyalty	cooperation representation worship compromise crush power emotion value attendance participation hatred involvement
numerous	
specialist	doctor psychiatrist physician designer expert analyst rock intern vet surgeon resident sensation
chemistry	physics science mathematics biology substance psychology math mixture atom essence fluid element
buyer	customer client seller patron reader guest consumer user diner sucker cutter alcoholic
mud	soil mold sand earth ground assassination material stuff resignation molecule ammunition atom
universal	unique proper limited specific particular special human English used
confession	document resignation charter patent resolution certificate platform source report writing coupon registration
shove	poke ram stab move expel elevate stir squeeze spill disturb pour slide
preparation	calculation arrangement thought activity soap acid salt consideration thread explanation construction exam
activate	undertake arrange establish introduce found constitute modify alter appoint lay change provoke
ram	poke stab strike push hit shove knock touch move expel elevate stir
genuine	false fake
worm	bird virus dog crank peasant bum critic creep pill turkey demon rat
audition	ear trial role vision sight effort attempt essay contribution struggle battle sense
chew	break burst snap shatter dissolve blend explode divide split mix cook roast
bum	drone trailer crank peasant insect worm critic creep pill turkey demon soul
bitter	pleasant grateful beautiful sweet cold black angry sick young good old little
filter	device reactor fuse circuit battery cell lure comb bait valve sensor keyboard
terror	fear monkey child soul person man kid contestant acquaintance dread ruler gem
homeless	fortunate lucky happy local empty likely next left used old
retain	continue resume collect manifest reserve deny include devote recruit starve enter enlist
suspicious	likely little
buzz	activity chorus whack variation measurement beep toll provision occupation teaching negotiation laughter
flavor	sort form kind atmosphere description species manner brand style model type sensation
curtain	carpet furniture screen barrier protection mechanism lace armor rug shade housing shelter
bolt	lightning bar runway rail trigger nut spear lance gig rod needle brush
lodge	chapter association scientist man cottage mansion villa mob residence cabin institute gang
laboratory	region workshop laundry studio farm shop job domain territory theater district west
hike	trip journey amount movement transit voyage expedition circuit tour flight ride maneuver
amateur	boxer photographer musician athlete soul person being substitute pro contestant acquaintance ruler
fame	reputation name honor respect rating importance status wealth disgrace accent shame equality
sailor	lid hat man vet veteran ranger pilot officer cutter fisherman flyer butcher
trophy	award honor decoration ribbon medal degree symbol icon token marker stamp crown
excitement	thrill boot joy anger emotion decoration transition passage improvement rage ending transfer
bunny	rabbit waitress waiter server employee cow bat squirrel ape elephant monkey mouse
presentation	exhibition performance ceremony interpretation production magic carnival circus exhibit display entertainment project
disappoint	ruin undo forbid prevent embarrass avoid stop mean lose want hope hate
underneath	beside alongside unlike via throughout toward despite onto below towards besides beyond
bucket	vessel tub tin jar barrel bath tank bowl bottle container scoop handful
consideration	fact reflection discussion thought information provision expansion preparation thread explanation detail proposal
champ	competitor rival king contestant participant starter opponent athlete loser winner player soul
elsewhere	already better never so here very
laser	beam gun lens viewer device objective lure comb bait valve sensor filter
paradise	hell region reef mansion vacuum interior atmosphere layer depth zone distance bottom
heck	
discharge	explosion material stuff radiation gum molecule ammunition atom impulse mineral fiber particle
province	district commonwealth domain arena orbit realm reservation lap ward kingdom county department
context	word environment domain arena orbit scope street situation canvas realm province lap
consist	resemble exist fit accommodate blend satisfy coordinate recall prevail specify underlie endanger
loyal	long
beloved	beautiful lost
Halloween	holiday day anniversary birthday night Thanksgiving week month period Christmas year Easter
consistent	
kidney	liver transplant gut pump stomach heart organ lung wing muscle ear eye
precisely	where there so how why here
consume	dip pay drink compensate repay swallow repair smoke buy use restore dine
puzzle	problem question riddle sticker counter goal ball equipment tile marble basket basketball
unhappy	happy pleasant grateful golden beautiful poor aware sad rich others clear surprised
physically	mentally emotionally also there very only
relatively	recently quickly well fast even there now
subtitle	title translation legend pony transcript log entry register note headline record banner
formation	federation flank flight line installation initiative debut introduction entry arrangement decoration transition
cheek	chin feature disrespect jaw forehead temple groove belly trunk organ tissue toe
liquor	beer gin vodka whiskey sake wine soup ink vintage cocktail fluid punch
comparison	contrast examination autopsy inspection survey review investigation relation inquiry analysis search research
distribution	curve sample assignment arrangement organization deed density concentration portion calendar grant gift
steer	hold handle coordinate organize conduct dominate tend revise dictate obsess haunt turn
passport	permission visa ticket patent deed certificate assignment license bill law sanction consent
competitive	collective real used
scenario	premises assumption thesis condition dialogue environment provision media proposition drama writing northeast
cattle	cow sheep bull beef horse goat nanny deer camel hog pig bat
Yankee	resident soul person inmate tenant pole angle contestant acquaintance ruler gem traveler
shooter	person marble gun expert sniper ball sensation observer analyst therapist investigator wizard
safely	home back inside yesterday away how where here so
enormous	lesser atomic slim tiny small little potential negative western rich
exposure	radiation revelation influence discovery weakness age resignation denial objection proposal explanation trigger
grocery	store shop supermarket outlet stock load plaza mall accessory uniform clothes dress
stain	ink mixture face appearance oil dye material stuff soda blood wood format
instinct	capability ability power talent gift module faculty intelligence skill science knowledge wit
blonde	girl woman soul person man girlfriend contestant acquaintance ruler gem traveler observer
fiction	fantasy novel story truth myth plot legend mystery dialogue scheme poem fact
resolution	draft document determination purpose resignation interaction charter patent reflection chaos confession certificate
dame	madame girl woman gal maid babe siren mistress widow sweetheart peach beauty
Arab	mount horse pony poster assault friend soul person girl man member child
frustrate	irritate undo betray forbid annoy prevent bother fail embarrass avoid stop offend
marshal	colonel lieutenant captain warden policeman ranger deputy sergeant sheriff officer defender guardian
explosive	material mixture powder dynamite firework stuff preparation spray acid salt molecule ammunition
beard	hair dwarf goat man soul person woman contestant acquaintance ruler gem traveler
occasionally	even only still back so there
independence	freedom colony city triumph victory liberty kingdom state territory moron movement pin
resume	sustain change retain undergo strengthen modify refresh adapt evolve transform boil convert
audio	record video disc disk frequency tape file attendance store speaker rate device
deadly	serious human
technically	still right
achievement	arrival effort action parole stunt rally success interaction kindness opposition employment execution
admiral	butterfly commander captain officer insect marshal colonel lieutenant bug worker queen man
humble	delicate superior upper pleased proud complete high own little good
info	ammunition propaganda confirmation format database intelligence material evidence secret news fact word
throne	post game chair presidency occupation sink shower business job wheelchair seat photography
infect	give modify alter change kill scratch cut get amend accelerate weaken elevate
satisfy	accommodate coordinate sustain feed correspond dine agree give repay administer resemble distribute
runner	outlaw crook criminal messenger traveler gangster thug accessory traitor hood murderer punk
outcome	decision harvest impact response phenomenon reward fruit triumph halt destruction victory end
balloon	toy sausage rattle craft doll hobby chopper airplane helicopter plane vessel puppet
galaxy	universe cluster herb ginger honesty mint tobacco vegetable dock rocket carrot strawberry
chaos	confusion titan pan god interaction reflection resolution electricity cloud pressure energy event
dose	medicine pill medication flu remedy prescription physics powder cure disease drug vaccine
solar	ninth magnetic partial inner total distant large giant ancient lower cheap small
misunderstand	extract read penetrate lick translate solve answer explain seem speak feel think
vary	accommodate differ alternate specialize adapt oppose depend
parliament	poker patience casino senate diet congress game assembly auction contract opposition reform
clerk	employee salesman bartender hand worker boxer waiter server collector supporter poster servant
lyric	poem rhyme verse cookie orphan letter dialogue fiction cue headline invitation title
ritual	habit marriage wedding custom celebration pattern practice survival slavery cooperation fashion activity
mob	association lodge institute jam crush conference league society army club organization chapter
locker	room trunk compartment key module knot stall loop cab cabin clip luggage
tick	fix hum pop tie lock hang stick suspend whine attach scream insert
classify	restrain confine conquer strangle blink tie evaluate conceive assess anticipate reckon calculate
boundary	region outline maximum surface perimeter margin extent limb interior orbit scope terminal
addict	user fan supporter champion soul person believer advocate contestant acquaintance ruler gem
companion	date traveler friend escort supporter assistant astronaut flyer foreigner follower messenger roommate
pregnancy	addiction disorder status condition hunger tan glow complaint desire despair innocence participation
gig	boat ferry junk tower rod needle brush iron tool bar vessel yacht
cocktail	punch alcohol booze liquor sake wine dessert vintage gin vodka whiskey beer
sore	pleasant grateful beautiful stiff little whole cold late
seventh	new
circus	parade demonstration presentation exhibit display entertainment motion movement palace hustle breakdown exhibition
footage	camera film rate reel sequence freight charge discount premium fare transportation developer
pronounce	acknowledge cancel admit evaluate confess try conceive attribute assess anticipate reckon calculate
upgrade	package software slope routine procedure code arrangement supervisor spider coast bank address
colony	independence body northeast southwest southeast northwest territory environment zone property east west
quietly	loud slowly quickly so away very here just
anxious	little real new
moron	city independence dummy sheep dope fool soul person goose clown town contestant
pledge	member commissioner sister brother associate mortgage stake director affiliate teammate participant colleague
obsess	worry govern dominate steer manage handle dictate administer coordinate organize conduct tend
transform	modify alter change amend accelerate weaken elevate depress straighten undergo awaken strengthen
frog	prince snake witch stripe jewelry princess throat decoration pole angle bird fairy
venture	business experiment danger campaign cause task project pyramid capital investment advertising reform
seize	intercept bite rescue steal rob sneak escape trust feel give
laughter	roar music joke activity echo variation measurement provision occupation teaching negotiation buzz
versus	difference
automatic	manual
prospect	possibility soul person belief contestant acquaintance ruler gem traveler observer cripple orphan
junk	boat rubbish scrap trash ferry tower vessel litter gig yacht monitor ship
aggressive	friendly human native English little used
brook	water river salmon snake milk gulf bay ocean lake sea pond ditch
sunshine	ray rain snow weather energy wind breeze frost Easter hail draft fog
breach	separation gap disappointment rent crack hole mouth space fire chap vent gulf
ham	man butter monsieur bachelor bull boyfriend gentleman cat dude sir boy guy
ceiling	floor altitude policy edge distance interference intervention surface hole span separation bow
impose	convey nod greet inform express speak write pay ask talk whine interact
doom	failure destiny discharge boom miracle occasion flash motion appearance incident episode movement
regardless	well how always where
database	list info information portfolio inventory stack menu flag calendar schedule ammunition propaganda
unlock	open turn get thrive dissolve conceive expire awaken integrate boil react decline
portrait	icon image picture description representation painting drawing display photograph document map photo
abortion	ending failure destruction retirement removal slaughter breakdown graduation homicide disaster suicide decoration
differently	according however abroad completely quite now always often again
bacon	monk mill scholar politician student ham butter nun peel democrat communist reader
hatch	birth gate door barrier streak dam rail fence patch labor pattern band
rib	bone jaw skull tooth pier brace shelf stairs stock leg saddle rack
verse	language bible chapter writing orphan lyric text cue headline title drama cookie
dispute	row fuss war opposition objection protest demonstration attendance resignation participation revelation denial
evolve	change thrive expand rise conceive forge invent increase imagine climb gather add
translation	pony subtitle shift qualification explosion harm damage creep entrance log entry advance
rapid	lazy slow amazed current surprised
establishment	federation bench academy religion executive management faith company body installation initiative debut
drift	travel move go zoom whine swap scramble descend retreat accompany withdraw bounce
helmet	cannon lid cap hat sailor shoe accessory shield uniform clothes dress diaper
secondary	primary fundamental elementary radical elder basic senior original German same last left
publication	book collection magazine edition journal text series issue business production product venture
cooperation	representation loyalty compromise commitment pattern practice war slavery ritual fashion attendance participation
meantime	eternity suspension pause slot absence rhythm cycle period quantity amount delay rest
outer	inner internal human
rhythm	eternity suspension pause slot absence meantime period quantity amount delay quality future
invasion	entrance raid attack charge fire translation creep advance flow progress case ambush
bold	invisible
yield	investment rent income production product industry net profit flick inspiration volume newspaper
notify	communicate reinforce manifest exaggerate disclose deceive certify interpret presume educate demonstrate reflect
guidance	support tip disposal finance administration treatment message ownership possession activity permission commission
logic	philosophy principle mathematics law history eye wisdom discipline concept subject sculpture caution
massage	treatment attention injection therapy medication administration paperwork task procedure labor investigation duty
racist	anti person advocate politician supporter democrat sponsor representative champion soul believer ambassador
authorize	accept initiate involve appoint drag agree react respond nominate designate greet decline
airplane	bomber fighter chopper helicopter aircraft craft engine balloon vessel runway sausage vehicle
documentary	movie feature production product cartoon output yield inspiration volume fruit newspaper magazine
slim	fat heroic epic tremendous extensive enormous vast gross massive giant super huge
attraction	gravity bond force lure quality thrust broadcast performance program invitation flick distinction
scandal	gossip comment skeleton trouble rumor report interference blaze noise hell damage tragedy
luxury	wealth necessity price assessment ease poverty value goods status condition toll importance
plead	reserve demand invite claim ask condemn testify advise propose swear suggest promise
feather	rotation nest motion movement shell bone skin hair material stuff gesture jerk
educational	high
conviction	appeal judgment sentiment prospect expectation philosophy faith theory thought opinion plan teaching
diary	writing blog book volume notebook novel album manuscript paragraph autograph transcript criticism
amuse	cheer interact assemble interfere communicate gather treat handle convey oblige nod greet
halt	pause traffic triumph outcome destruction victory result end suspension slaughter rack independence
hurricane	storm weather wind sunrise sunset cloud sunshine lightning sweat interaction breeze frost
profession	teaching journalism architecture engineering politics technology business job instruction medicine hobby photography
sketch	drawing outline picture draft description summary plan representation label notebook statement icon
unfortunate	fortunate lucky happy shy
gum	tooth bottom candy transplant discharge flesh muscle tissue rubber jelly belly bone
faint	distinct stiff severe sharp powerful strong dark bad last
overnight	there just
flush	spill blink spin change move undergo strengthen stumble modify refresh adapt evolve
absence	conflict lack justice necessity attendance participation eternity suspension pause involvement slot transaction
dial	pick manipulate specify nominate elect adopt fix vote pull set define decide
architect	artist engineer creator developer maker farmer producer soul person father pioneer generator
destination	terminal end instruction wire tape tip objective intention object matter top prescription
wealthy	poor potential powerful healthy wise large happy used high old new
automatically	so
wooden	elegant traditional giant heavy old green expensive Japanese small used long
shelf	stock toy container ridge pier brace rib stairs leg store key device
construct	make sew print copy create knit brew weave bake cook prepare provoke
corrupt	ideal complete perfect official absolute moral public rich best
radiation	syndrome exposure sun energy beam discharge electricity symptom heat light lump cramp
investor	bear holder soul person supplier provider accountant broker merchant banker businessman contestant
acre	land property town territory district farm area jurisdiction barn inch city region
boo	declare plead testify advise propose swear suggest promise undertake submit assure guarantee
registration	license entrance certificate body admission arrival document immigration membership faculty establishment colony
anchor	support reporter influence shore pump ride reel prop hammer clip gear wheel
tackle	harass insert bind fix sew tie lock hang stick tuck tick suspend
vow	oath message disrespect significance reminder parole publicity wit petition guidance info memorial
dimension	quality feature character concept length height badge aspect quantity notion category regulation
gender	person category class family patient future present carriage stamp height attitude rate
leap	transition explosion thrust transformation variation separation revolution shooting harm birth shift damage
ant	bee insect queen drone bug worker butterfly cricket soldier spider admiral emperor
collar	shirt band streak bracelet strap ring strip accessory uniform clothes dress tire
headline	banner orphan verse text subtitle legend cue lyric cookie language letter invitation
stitch	pain ache distress symptom headache lump cramp sickness syndrome scar cough fever
strict	variable rough odd round military Muslim true high French used English
warehouse	storage archive museum library installation facility transit forum grid transportation assembly zoo
glow	sun ray darkness fitness juice beam addiction radiation pregnancy disorder temperature status
allege	insist
bare	generous good cold easy little long
percentage	proportion allowance slice stake scale fee sum investment resource capital protection amount
barn	building acre inch unit architecture ministry temple theater restaurant hotel center school
condemn	blame pick plead testify advise propose swear suggest promise notice undertake enforce
strictly	only there
calculate	underestimate conceive attribute assess anticipate assign reject approve accept choose expect believe
magical	natural
alike	impossible difficult young happy used
alpha	letter beta nun delta dawn beginning origin creation cause discharge symbol destiny
publisher	editor owner newspaper magazine firm house patron letter businessman critic attorney lawyer
mechanic	barber cutter fisherman flyer butcher painter founder sailor hunter editor man worker
commonwealth	state province ally lobby coalition alliance unit federation reservation ward league county
halfway	already only now home always back there so
demonstration	protest exhibition performance objection interpretation magic carnival circus exhibit display entertainment parade
pupil	scholar youth teacher puppy blade hole soul person computer teen teenager leak
invisible	prominent spectacular bold outstanding visual visible naked essential white human
amongst	student people friend man life
savage	
notion	suspicion effect thought idea quantity dimension category regulation possibility division theory rule
transaction	rental commerce marketing payment traffic trade business attendance participation involvement cooperation revolution
unexpected	due ready little great able
slot	machine eternity outlet slope suspension pause absence rhythm meantime coincidence gap cycle
recognition	identity memory acceptance salute memorial approval sanction applause tribute warrant permission situation
poker	game parliament patience casino auction contract spear lance gig rod needle brush
tender	elderly ancient senior tough gray old large
disagree	specify underlie hum terminate decorate consist confuse stink lend lean define tend
voter	citizen fraud politician civilian patriot soul person president contestant acquaintance ruler gem
amendment	constitution correction remedy compensation statement improvement perfection reform development prediction qualification summary
evolution	growth birth activity phenomenon photography loop execution consumption hatch infection reaction breath
alley	street avenue path artery route road bowl sidewalk mall highway passage access
criticize	observe mention serve rotate tell say reply declare respond announce explain add
accidentally	deliberately instead course away
landscape	painting picture icon neighborhood art canvas photo gem treasure section creation presence
lamb	sheep lion hog victim kitten cub kit author writer wolf mug sucker
vault	roof monument chamber protection room armor shade housing shelter shield screen compartment
motorcycle	car bicycle automobile auto truck heap jeep pickup semi rig cab ambulance
lawn	field campus yard playground backyard garden patch plot desert square range site
drawer	chest artist pen cabinet butcher box spoon painter musician photographer master cellar
cargo	merchandise product inventory stock leader export import future ship grocery cone installation
treaty	convention ban contract charter lease partnership debt insurance policy patent passport deed
wizard	witch expert observer analyst psychic therapist investigator shooter specialist veteran shark authority
tan	color sin chocolate function map addiction pregnancy disorder blonde orange transformation expansion
concentration	property expansion distribution addition distance extension span reduction scent separation composition weakness
confront	act repay interact prosecute cope descend presume flirt anticipate react sneak pursue
cart	wagon truck bag bicycle bike car vehicle carriage carrier engine coach craft
myth	legend story plot mystery fiction novel fantasy dialogue poem writing rhyme verse
hers	theirs ours whoever ourselves whom herself itself whose anybody themselves yours somebody
haul	attract bring fetch transmit tow move expel elevate stir squeeze spill disturb
tragic	glad funny lost
surf	roller motion movement stroke rotation translation creep pulse entrance revolution advance flow
oak	tree pine wood plant willow palm coffee knot olive cherry log coconut
copper	metal silver gold policeman officer penny cent investigator inspector detective captain coin
detailed	
earthquake	deposit flood incident storm disorder consequence confusion riot result phenomenon state danger
olive	tree oil fruit wood branch berry spike seed knot pine oak pear
gal	girl dame maid doll babe bird woman siren mistress madam widow sweetheart
magnificent	
restrict	strangle blink decrease trim shrink reduce cut shave modify alter change amend
reckon	presume assume trust attribute assess decorate assign reject approve accept choose drink
canal	water sea gut vent mouth valve passage lane route path access approach
unfair	fair likely little
skinny	gross loose fat tall used
criticism	analysis review attack writing assessment lecture evaluation rating manuscript paragraph autograph transcript
backwards	forward always only so just
ditch	trench pool road water cone installation decoration cloth fabric marker creation layer
typically	only very
graphic	oral silent
hardware	store nail component element computer ammunition container transport means device connection media
receipt	seizure acquisition farewell greeting admission deed apology adoption assumption purchase arrest message
disable	hurt modify alter change amend accelerate weaken elevate depress straighten awaken strengthen
examination	autopsy comparison survey interview review entrance investigation quiz communication question effort contrast
mock	ignore interact deceive cheat assemble interfere communicate gather repeat print soak rob
deaf	blind dumb stupid old left hard
opposition	election government action proposal contrast dispute objection protest interaction kindness achievement employment
stat	
arise	straighten sit become occur change undergo strengthen modify refresh adapt evolve transform
efficient	elegant clean hard new
assessment	rating review price criticism score mark value luxury discrimination acquisition toll perception
policeman	escort investigator copper inspector detective captain warden marshal ranger deputy sergeant sheriff
equally	right well there
vulnerable	immune stiff severe powerful strong individual economic young
dominate	manipulate persuade affect stimulate endanger bother treat irritate govern steer expose manage
verify	evaluate justify conceive attribute assess anticipate reckon calculate assign reject approve accept
cooperate	work occupy assist volunteer protect assure refuse decide convince need try tell
mechanism	execution performance barrier defense curtain action nest carpet existence universe reaction sample
chin	cheek chest feature knee jaw forehead temple hand finger groove belly trunk
silk	fabric cloth cotton material thread rug diaper canvas lace jeans network road
temper	feeling frustration harassment anger despair enthusiasm gratitude dislike sentiment affection sympathy gravity
index	log scale fact book criterion info information gauge ammunition propaganda norm confirmation
poverty	wealth health status condition hunger luxury state level problem despair innocence participation
fracture	trauma harm injury crack pinch bruise bump wound chap vent gap slice
defensive	offensive
frightened	sudden likely little big
eternal	temporary brief short human last
anticipate	conceive attribute assess calculate assign reject approve accept choose figure act try
render	appoint invest repay cater administer distribute lend contribute spare perform allow return
persuade	manipulate dominate stimulate induce possess affect endanger bother treat let irritate oblige
foolish	wise clever smart dark young human cold little
mutual	sole exclusive individual essential healthy important good
monk	bacon musician player singer performer sister believer prophet cash soul person magician
quest	game activity probe variation measurement provision occupation teaching negotiation laughter buzz preparation
cannon	gun artillery firearm helmet weapon arm shotgun pistol rifle spear lance missile
Scottish	British English
extent	orbit scope boundary coverage depth length limit range stage level spectrum horizon
goose	duck swan chicken bird fool clown fox dummy moron sheep dope idiot
dash	wave marathon movement race March maneuver pursuit stream flow progress quality speed
adapt	change comply vary alter listen oblige undergo strengthen alternate specialize modify refresh
enhance	increase educate relieve polish repair climb gather fix add grow help thrive
transition	leap shift decoration improvement ending advance variation separation revolution harm birth damage
jar	vessel bump glass bash smack tub bucket rap bang barrel tap bath
sole	mutual triple multiple joint double common
pistol	bullet shot firearm shotgun rifle cannon weapon arm spear lance missile sword
distress	pain wound ache stitch disaster symptom headache feeling lump cramp sickness syndrome
lawsuit	adoption hearing appeal prosecution plea judgment attendance participation involvement transaction cooperation revolution
sunset	sunrise dawn cloud hour noon midnight morning weather storm tide pulse lightning
faculty	university memory sense reason body power immigration membership registration establishment colony settlement
distant	confidential intimate immediate dear close next solar cold new able
founder	cutter fisherman flyer pioneer butcher painter sailor hunter editor man creator worker
pine	oak wood tree knot olive cherry log plant willow palm coffee straw
dessert	whip cake meal salad dinner cream cocktail vitamin dish mess chocolate food
subway	railway railroad tunnel rail airline aisle corridor passage fleet road hallway hall
manufacturer	machine singer business generator author creator franchise partnership agency firm house enterprise
jaw	tooth bone feature rib skull clamp holder punch device chopper chin cheek
conscience	shame feeling virtue goodness goods motivation confusion motive quality despair enthusiasm gratitude
contrary	identical same popular medical complicated rich
implement	accomplish execute step terminate condemn impose employ apply use do dissolve sting
legacy	gift donation contribution prize aid award present acquisition scholarship welfare grant purchase
nap	lie take wake reject lay refuse need enjoy decide catch try finish
casual	stiff formal afraid
negotiation	trade discussion activity failure salt compromise variation measurement provision occupation teaching laughter
petition	Thanksgiving application collection message appeal plea inquiry examination challenge question disrespect resignation
roommate	friend lover comrade companion pal associate buddy fellow brother soul person secretary
intellectual	emotional physical public used French
intent	French
rack	barbecue destruction grill frame window saddle rib steak shoulder neck wall meat
distribute	reserve repay cater deploy render lend contribute spare provide allow offer return
extensive	lesser atomic slim limited tiny small little
premier	president representative emperor king delegate agent operative spy mole announcer gossip reporter
exhibition	demonstration presentation performance collection art interpretation magic carnival circus display entertainment parade
strap	bracelet collar ring strip pier brace shelf rib stairs stock leg spear
pension	salary wage payment incentive royalty refund premium bribe bonus penalty reward benefit
psychological	physical serious
baron	peer lord businessman duke operator owner hill suit robber patron publisher knight
tempt	instruct warn require tickle frighten scare inspire prohibit summon forbid overwhelm intimidate
happily	sadly ever together home so very
worldwide	limited national Russian common popular large Muslim new
plague	disease consumption flu dose complication sickness illness group diabetes madness leak cancer
initiate	drag constitute appoint lay tolerate endure authorize trust provoke certify motivate approve
tactic	scheme strategy policy program plan bubble plot guideline regime outline budget schedule
butler	poet author writer pope gentleman buck journalist grass servant singer sand ghost
regularly	once together back only
grief	joy headache feeling input pain burden cue misery information death bonus delight
suspicion	doubt heart notion belief impression feeling reservation effect behavior thought idea war
mid	late previous latest modern
legitimate	false western
chuckle	giggle weep burst cry sob read make start
businessman	baron operator owner hill suit king patron publisher page letter supplier provider
abroad	differently someday apparently often sometimes never ever soon usually almost home once
wicked	mild gentle innocent
hollow	meaningful massive solid pregnant
historic	upcoming petty instant immediate famous full old
sensor	device lure comb bait valve filter keyboard instrument trigger alarm toy trap
inquiry	poll experiment trial test calculation examination analysis challenge search thought request autopsy
creepy	super little old
radical	modest antique secondary conservative medium reasonable used fair yellow old good
rival	king champ champion contestant participant starter opponent athlete loser winner player soul
sew	tie lock hang stick knit construct suspend manufacture attach insert tackle bind
advocate	attorney lawyer supporter democrat sponsor representative champion soul person referee prosecutor believer
grain	wheat rice corn salt bread leather sand molecule atom particle food crush
neat	messy used clean
sucker	victim consumer lamb goat soul person customer client user contestant acquaintance ruler
refugee	turkey traveler astronaut flyer foreigner follower messenger companion runner rider carrier tourist
verdict	appeal judgment defense conviction sentence trial plea adoption lawsuit hearing suit case
biological	
tide	variation hour period wave departure replacement difference time sunrise sunset pulse blossom
wax	oil grease protein sugar gasoline gas preparation acid salt amber spice soda
immigrant	fellow millionaire worker citizen traveler pioneer child astronaut flyer foreigner follower messenger
ethic	principle discipline program government method technique solution philosophy idol criterion perfection example
lifestyle	mode manner fashion style way setup signature property treatment scent composition concentration
jewel	pearl diamond soul person queen thief ice crown bead earring bracelet necklace
substitute	player butter machine athlete peer teacher equivalent amateur pro contestant associate soul
legally	now
bin	bag bottle container load mold envelope tin basket purse pan vessel package
investigator	policeman officer person inspector scientist expert copper cop captain operative psychologist sensation
anonymous	
homicide	shooting massacre slaughter suicide ending abortion destruction retirement removal graduation disaster decoration
identification	card diagnosis determination fingerprint status condition evidence location parole discovery password despair
equip	afford feed offer give repay cater administer distribute lend contribute spare allow
hut	shelter sanctuary asylum tent structure harbor monument balcony porch fountain arena memorial
sleeve	coat shirt portfolio wallet kit luggage shoe container lap skirt knee suitcase
carve	dice trim rip hack chop chase scrape forge scratch claw knit brew
cemetery	site monument premises lot patch plot desert yard square range field center
cigar	tobacco straw cotton wood material drug stuff crank marijuana knot pine olive
casualty	accident prey wreck injury crash target survivor loser prisoner trip soul death
stunt	effort beast creature animal rally mutant predator prey achievement survivor pet mate
ladder	harm damage degree stage level rope hardware summit extent peak height plane
integrity	state perfection unemployment ownership separation obligation employment destruction disorder existence status being
hence	
organic	functional artificial compound chemical local
gram	mole scientist rice psychologist researcher investigator soul person unit curl lodge ounce
therapist	client expert sensation observer analyst investigator wizard shooter specialist veteran ace shark
dam	barrier bridge building rail fence meter beast creature animal wall hatch gate
photography	occupation business job art hobby profession employment craft career sport trade post
stem	flower bulb cane trunk branch form limb onion leaf barrel drum tube
corpse	body mechanism nest carpet existence universe sample stone rock world triangle specimen
prom	bash occasion affair celebration ceremony installation funeral wedding burial contest competition playoff
embassy	asylum organization building architecture ministry temple theater restaurant hotel center school country
cartoon	film wit humor flick movie documentary feature gag joke fun production product
crook	gangster thug accessory traitor runner hood murderer punk thief staff curve torpedo
coward	hero being soul person barber cage wolf musician actor player contestant acquaintance
ridge	mountain reef shelf bank bluff mount hill spine spur slope fountain depression
bachelor	man knight monsieur ham bull boyfriend gentleman cat dude sir boy guy
stripe	badge flag frog jewelry decoration elephant symbol bead earring bracelet necklace jewel
illusion	bubble shadow reality bluff ghost error mistake front representation fraud thought idea
reliable	tricky accurate serious used young sure
phenomenon	hazard outcome consequence fortune effect luck result chance transformation variation separation harvest
inspection	autopsy comparison survey review investigation contrast inquiry analysis search research surveillance paperwork
anti	feminist being soul person racist virus contestant acquaintance ruler gem traveler observer
dull	slick shiny bright alive sharp bored little
convenient	awkward little close next
harmony	peace music unity agreement order nature stability chorus melody ballet strain tune
adorable	cute little
conquer	classify tie overcome defeat expel survive destroy beat exceed lick swallow rescue
banner	headline flag title pattern orphan verse subtitle legend motive tattoo text cue
cricket	baseball hockey football insect soccer golf bug worker queen game butterfly ant
summon	overwhelm ask tempt provoke sue dare gather collect reserve beg apply demand
endure	resist accept certify initiate approve involve endorse drag agree sign react oppose
alongside	underneath beneath unlike via throughout toward despite onto below towards besides beyond
membership	association relationship body acquaintance immigration faculty registration establishment colony settlement leadership panel
successfully	
scope	spectrum canvas horizon extent environment domain arena boundary context depth length circumstance
admission	fee charge tuition toll commission registration farewell receipt apology premium fare transportation
hostile	friendly foreign aware English
donation	gift charity legacy prize aid award present acquisition scholarship welfare grant distribution
bra	vest underwear diaper hose robe fur laundry scarf sweater skirt suit shirt
compose	constitute publish create make provoke scrape incorporate initiate construct generate pose chop
assemble	pour interfere communicate treat handle convey oblige nod greet tease mock impose
prep	task project breeze marathon picnic venture enterprise adventure experiment danger campaign risk
disguise	dress costume habit outfit burial wig activity accessory uniform clothes appearance lid
globe	representation bubble planet bead pearl puppet dummy icon drawing display photograph document
sting	penetrate oblige compel tickle enforce implement condemn impose soak dip step stimulate
debut	installation initiative establishment formation constitution federation decoration transition passage improvement ending transfer
gesture	movement surprise rotation indication jerk wave carnival feather circus reduction adjustment promotion
supper	breakfast meal dish feast picnic snack lunch tea bee meeting party attendance
pursuit	movement maneuver stream flow progress rush speed approach closure immigration stroke mount
syndrome	radiation symptom hybrid lump cramp sickness scar cough fever chill pain evidence
forge	conceive renew carve evolve perform develop imagine act refresh restore manufacture capture
grind	break burst squeeze snap work shatter dissolve blend explode divide split mix
exploit	use employ apply recycle implement devote dedicate commit waste enjoy share manipulate
graduation	ceremony line ending guideline shaft abortion destruction retirement March installation funeral wedding
psychology	science mathematics math discipline subject economics chemistry physics politics frontier engineering technology
transmit	disclose expose indicate reveal repeat fetch acknowledge inform betray predict quote upload
deer	goat sheep rabbit horse camel lion nanny cattle hog pig cow bull
gravity	force attraction feeling situation bond orbit despair enthusiasm gratitude dislike sentiment affection
setup	telegraph reactor generator equipment mode manner fashion style way fax satellite trick
transcript	note writing log entry register record manuscript paragraph autograph criticism diary essay
dough	bun mixture money salt fund budget pork cereal fiber ingredient currency grain
reflection	consideration demo thought interaction chaos resolution electricity cloud pressure energy event force
harsh	pleasant grateful beautiful chemical little
nicely	quite always very so now
compel	stimulate induce sting demand require need step persuade encourage inspire cost decide
currency	dollar species cash money coin bill criterion dime nickel buck eagle penny
mini	skirt diaper hose robe vest fur laundry scarf sweater suit shirt bra
eighth	
initiative	installation debut establishment formation introduction constitution entry federation decoration transition passage improvement
faithful	original
minority	majority age number group community amount quantity clan margin tribe childhood sector
handy	awkward
delta	letter beta nun alpha triangle square deposit slope fountain ridge depression cliff
retail	sale marketing commerce auction payment traffic trade business transaction refund ransom tribute
confusion	distraction fog chaos disorder mystery secret curiosity consciousness doubt shame riot fear
civilization	society galaxy system clan minority tribe sector circle organization folk band body
fur	coat rabbit squirrel fox seal diaper hose robe vest laundry leather scarf
pale	stiff severe brave powerful dark strong yellow blue thin sick little white
invention	creation design representation imagination production product art writing approach ability power attention
rebuild	create make provoke scrape incorporate compose initiate generate chop organize produce prepare
rotten	keen acceptable swell solid fresh best good last
leaf	page pad blade segment banana ground needle stem root paper cone bulb
tin	silver vessel cup container metal whistle tub bucket barrel bath tank bowl
cite	react respond connect relate greet decline explode publish refuse accept wonder answer
valve	device governor lure comb bait sensor filter keyboard instrument trigger alarm toy
ink	liquid stain liquor alcohol milk blood fluid paper plasma hormone sweat chocolate
hilarious	
sympathy	feeling compassion tendency pity concern dislike trend mercy direction favor despair enthusiasm
tease	harass treat handle interact ignore irritate assemble interfere communicate annoy gather bother
parallel	different good
prescription	medicine medication drug instruction remedy dose physics powder cure abuse destination formula
barrier	reef obstacle dam rail fence curtain mechanism hatch gate door handicap world
dignity	pride status ego manner equality par equation retirement leadership rank election feeling
courtesy	input remark manner comment shaft observation reference action behavior statement disrespect interaction
humiliate	insult provoke stimulate overcome overwhelm invite wake tickle frighten devastate tempt offend
tub	tray vessel tin jar bucket barrel tank bowl bottle container toy scoop
dynamic	
fist	hand toe finger foot breast chest neck member face head thumb limb
monthly	new
clinical	personal
inn	spa resort building motel architecture ministry temple theater restaurant center school structure
depart	leave differ abandon quit move run stumble shrink stir wrestle flee chop
rehearsal	drill exercise practice fun activity wedding variation measurement provision occupation teaching negotiation
vanish	terminate cease fade finish expire travel move go zoom roam whine swap
breakdown	failure surprise sickness illness carnival abortion circus disease motion movement hustle complication
overlook	underlie skip forget miss dwell occupy stretch extend attend belong fill cover
tribute	payment blackmail felony refund ransom commerce seizure theft offense crime marketing traffic
patent	document passport deed certificate assignment license bill law resignation charter resolution confession
soak	deceive dip betray wander penetrate manipulate treat handle mock ignore modify tease
tobacco	herb ginger honesty mint cigar galaxy vegetable dock rocket carrot strawberry cigarette
glorious	ugly
mechanical	electronic
departure	delay arrival variation death withdrawal shipment farewell dispatch deed tide replacement retirement
consciousness	self coma ego sense curiosity confusion doubt distraction appreciation insight involvement suspicion
dispatch	account report departure scoop withdrawal farewell pace exit rate news deed coverage
filthy	pleasant clean nice rich
nevertheless	very there
streak	band collar patch parade pattern series hatch passport recommendation aspect spot motive
prosecutor	lawyer attorney referee counselor advocate counsel ranger justice judge officer ambassador sergeant
unlikely	slick liable likely able satisfied willing stupid impossible possible alone wrong late
mug	victim man face glass lamb goat soul person scoop handful tub bin
decrease	increase detain dip fade relax drop modify restrict alter shave change climb
trainer	lion manager leader animal dog employer politician commander guide hero boss machine
container	glass bottle seal mold envelope tin bin basket purse pan vessel package
adore	love give
ratio	efficiency frequency proportion scale rate percentage percent relation pace jerk flow speed
archive	storage museum library installation facility warehouse transit forum grid transportation assembly zoo
freshman	cub rookie soul person pupil student scholar contestant acquaintance ruler gem traveler
grill	barbecue restaurant diner rack cafe frame window bar building mat architecture ministry
contrast	comparison distinction examination opposition discrimination autopsy inspection survey review investigation appreciation taste
brace	leg pier shelf rib stairs stock device saddle strap beam portfolio choir
envelope	pocket container curve seal locker stamp mold tin bin basket purse pan
wit	intelligence gag cartoon joke fun message genius man performer riot comedy ability
gently	then away too back so
sober	drunk silly bright
scholar	ruler writer poet gentleman pupil reader sponge soul person king being bacon
elementary	tall ambitious tricky secondary nasty tough difficult hard high same used French
tuck	swallow collapse fix knit surround pack tie lock hang stick suspend warp
equivalent	substitute knowledge mass attitude structure ability brain process information power mind place
reverend	
mere	elaborate fancy busy mortal sick whole afraid own
prosecution	collection survival activity adoption lawsuit hearing appeal suit case custom heap wardrobe
slaughter	murder assassination homicide suicide ending shooting abortion destruction retirement failure removal graduation
scrap	paper litter junk dust fragment piece exhaust garbage material stuff metal coal
invade	surround enter occupy penetrate fight dwell oppose stretch extend attend belong fill
peer	baron duke lord child substitute backup associate soul person affiliate teammate participant
spice	pepper ginger herb garlic salt ingredient preparation sauce acid honey sugar food
inherit	acquire graduate get buy regain retrieve isolate obtain recover borrow earn gain
bloom	derive thrive expand rise increase climb gather add accelerate inject modify enhance
theft	fraud robbery felony raid seizure offense crime blackmail tribute violation attempt assault
fundamental	petty secondary slight human
swamp	situation nightmare crisis difficulty depression pickle pinch strain soil jam mess land
obey	oblige change undergo strengthen modify refresh evolve transform resume boil convert collapse
involvement	enthusiasm concern curiosity intervention commitment affair matter connection robbery attendance transaction cooperation
rot	decline spoil turn thrive dissolve conceive expire awaken integrate boil react concentrate
vein	artery portal vessel style poetry delivery device flesh communication verse tone drama
conscious	human own likely
goddess	wisdom titan chaos pan nut fairy devil angel echo belief dwarf elf
peel	politician potato democrat communist candidate leader bacon material stuff banana trainer employer
insect	butterfly bug ant spider bee worker queen creature animal cricket soldier crank
cord	thread gut string cable wire bus device plug strand painter rope unit
sufficient	shy necessary
lance	weapon arm knife missile sword steel gun instrument rod needle brush iron
Swiss	Swedish German
painter	canvas cutter fisherman flyer butcher founder drawer sailor musician photographer hunter editor
nickname	name signature brand title rabbi mister autograph label phone word component portion
fare	passenger schedule traveler premium rate program child freight astronaut flyer foreigner follower
deadline	phase ending beginning moment minute end quantity amount conclusion tail birth limit
Egyptian	ancient Arabic beautiful used
kindly	home very so here
fond	general classical terrible little
disk	token audio dot tape video cone scroll curl computer space format robot
butterfly	insect admiral bug worker queen emperor cricket ant bee soldier flight drone
harvest	output outcome consequence effect result wind industry impact response business phenomenon venture
mortal	mere ordinary human
charter	contract document lease partnership insurance policy resignation franchise patent resolution confession certificate
blend	correspond dissolve burst explode divide combine split cook agree break resemble integrate
motivate	inspire provoke initiate determine dispose undertake induce activate accomplish execute arrange establish
naval	large
viewer	spy observer lens laser device soul person objective television contestant acquaintance ruler
tab	journalism trigger bar press media runway bolt rail newspaper magazine paper scissors
smack	taste bump vessel sensation bash jar rap bang tap impact yacht monitor
comrade	communist date friend roommate pal buddy brother soul person politician secretary girlfriend
orbit	spectrum realm horizon province lap kingdom responsibility extent environment route path boundary
characteristic	unique green Chinese important
grid	plate installation pattern facility form power transit strand forum transportation assembly zoo
assumption	conclusion basis thesis scenario possibility theory condition acquisition provision model concept purchase
acceptable	unacceptable lousy naughty rotten painful negative awful sad worst terrible worse bad
corruption	sin problem power feedback survival sink level status condition despair innocence participation
logical	absurd false
satisfaction	pride relief compensation happiness emotion allowance hatred anxiety anger joy payment fear
publicity	plug quality message flyer trailer disrespect distinction popularity significance reminder utility wit
tense	slack past Japanese English German little difficult wrong
starter	contestant referee timer motor participant competitor rival opponent athlete loser winner player
endless	brief short
semi	truck match trailer pickup wagon automobile motorcycle auto bike car transport contest
flatter	evaluate assess cheer delete suppose think conceive attribute anticipate reckon calculate assign
arena	realm province lap kingdom responsibility park environment structure area playground monument balcony
bomber	suicide airplane plane sandwich soul person jet fighter burger chopper helicopter contestant
teaching	profession aid tuition lecture lesson technology job career philosophy activity theory method
lame	stiff severe powerful strong blind cool
erase	kill strangle slay eliminate execute fry remove shoot extract dig hang throw
elite	cream world class craft estate labor market people unit lobby population generation
correctly	how even only still never
fetch	unload transmit carry wash release send haul move expel elevate stir squeeze
poke	ram push shove examine move inspect expel elevate stir squeeze spill scan
particle	dust earth grain material stuff size ammunition mineral fiber discharge stone rock
tolerate	accept certify initiate approve involve endorse embrace drag recognize agree sign believe
whereas	being life
decorate	appreciate modify reckon alter regard consider change deem identify include admire conceive
contractor	soul person participant player defendant suspect acquaintance ruler gem traveler observer cripple
evaluation	performance score mark judgment review justice criticism deed interference disposal motivation departure
Easter	holiday Christmas wind breeze draft blast weather puff Thanksgiving sunshine day frost
bruise	mouse trauma harm injury pinch fracture bump wound slice sickness illness infection
petty	strategic crucial fundamental historic elder essential liberal Catholic primary senior central main
oath	parole engagement resignation revelation denial objection proposal explanation description speech command request
architecture	building profession university sculpture painting journalism engineering politics technology occupation ministry temple
bait	trap device troll comb valve sensor filter keyboard instrument trigger alarm toy
extract	derive misunderstand gain remove read enlist draw get recruit acquire delete dig
classroom	room box compartment lounge lobby gallery engineering chamber toilet bedroom surgery library
intervention	participation involvement location policy commitment activity attendance variation measurement provision occupation teaching
mistress	wife husband employer woman instructor teacher siren dame madam widow sweetheart peach
knot	bow wood cluster bunch locker loop clip seal nail button link pine
external	internal constitutional inner domestic hard
export	import product material cotton merchandise future clothes oil freight shipment inventory cargo
whiskey	alcohol booze liquor gin vodka sake wine vintage cocktail punch beer rose
unconscious	brain mind head ego knowledge equivalent attitude structure ability process information power
ego	consciousness pride brain mind head awareness dignity unconscious feeling curiosity confusion doubt
traitor	outlaw crook criminal leader gangster thug accessory runner hood murderer punk thief
scatter	distribute spread move shatter stumble deploy shrink stir wrestle chop smash sweep
stalk	stumble sneak chase splash hunt travel move go zoom roam whine swap
tremendous	lesser atomic slim everyday ordinary tiny average small little
stiff	lame pale casual vulnerable faint everyday mobile weak daily upper sore bored
greatly	only
motel	hotel spa inn resort building architecture ministry temple theater restaurant center school
generator	engine maker setup manufacturer motor producer telegraph reactor creator equipment singer fax
ballet	music chorus melody harmony strain tune section practice method reel clause rag
pause	breath halt delay rest deed extension game music eternity slot absence rhythm
marker	pin brand symbol pencil pen sticker logo tag ticket cone icon installation
incorporate	create make blend provoke scrape compose initiate construct embrace generate chop organize
ingredient	salt juice meal sugar butter food point division bread quality inning bout
essentially	there
merit	goodness goods fault value quality toll welfare importance benefit price distinction popularity
delicate	hopeless humble gentle soft white strong small long
probe	research poll experiment search trial test calculation instrument system quest thought lance
teenage	elderly ancient senior gray old typical normal
straw	chocolate cotton amber lemon gold wood material stuff tobacco fiber knot pine
devastate	provoke ruin destroy stimulate injure invite wake tickle frighten humiliate tempt offend
refresh	restore replace recall remember change forge perform act wake undergo strengthen modify
dialogue	script scenario jazz fiction poem conversation writing rhyme commerce verse lyric novel
gulf	sea water river gap breach rent crack hole mouth stream ocean lake
counselor	supervisor attorney lawyer referee superintendent prosecutor monitor boss director chief authority sergeant
vacuum	space air region compartment gap angle reef mansion paradise interior atmosphere layer
unnecessary	essential necessary afraid
apparent	thoughtful deep
modify	increase mix amend accelerate weaken elevate depress straighten awaken strengthen terminate decorate
overseas	well home never here very
athletic	Greek handsome short great
pumpkin	vegetable pie plant onion grape potato pea bean carrot tomato pepper herb
supporter	angel believer instrument deputy lieutenant secretary model advocate worker provider donor companion
reign	year age silence period era time blossom overtime daylight honeymoon semester tide
insight	revelation discovery appreciation awareness consciousness experience knowledge sense feeling idea thought equivalent
flirt	communicate interpret argue convey nod greet impose oppose inform express act write
deploy	aim distribute spread lay set put clap insert install lean arrange replace
brutal	mild gentle economic
upside	why
vet	physician doctor man intern specialist surgeon resident sailor ranger marine officer psychiatrist
input	cue shaft courtesy observation reference statement information signal sorrow grief headache bonus
outdoor	indoor favorite great cold hot used
greeting	salute afternoon morning farewell receipt apology message appreciation confession word disrespect significance
crucial	petty mental international next
chapel	service church temple building cathedral architecture ministry ceremony theater restaurant hotel center
jurisdiction	parish venue territory district power acre disposal region influence interest control precinct
identical	different distinct contrary opposite various separate
psychiatrist	analyst specialist physician doctor rock intern vet surgeon resident dentist nurse publisher
absorb	learn turn thrive dissolve conceive expire awaken integrate boil react decline concentrate
insert	swallow lock stick clap tackle install lean arrange bind surround replace settle
mentally	physically often probably better still so there
capability	strength liability instinct status condition power talent quality gift space module despair
prop	wall basement foundation base elbow pump object ride reel anchor hammer clip
monsieur	man bachelor ham bull boyfriend gentleman cat dude sir boy guy adult
exceed	overcome lick cheat defeat expel conquer survive destroy swallow demand
neglect	skip forget miss feel blame study work become say give
nowadays	rarely online hardly often course almost ever very even anymore so there
ancestor	father relative relation monkey sibling partner cousin soul person granny grandpa grandma
govern	decide dominate resolve select measure handle choose try specify nominate dial obsess
contemporary	new
butcher	murderer merchant torpedo assassin outlaw crook criminal drawer seller dealer cutter fisherman
intimate	distant
roar	laughter noise rattle crow bang blast bay crash wave chorus whack beep
groom	bride hand participant associate partner shepherd cowboy miner cat affiliate teammate colleague
potentially	
presume	reckon imagine trust guess believe think instruct designate notify advise insist volunteer
pub	cinema building strip architecture ministry temple theater restaurant hotel center school structure
perfume	sensation powder cream spray vision taste sound bottle perception makeup smack container
messenger	god runner traveler astronaut flyer foreigner follower companion rider carrier tourist arrival
pony	horse translation poster mount assault Arab subtitle transcript log entry register note
affection	feeling despair enthusiasm gratitude dislike sentiment sympathy gravity temper expectation humor passion
ambition	desire impulse urge initiative enterprise energy feeling addiction appetite despair enthusiasm gratitude
villa	house cottage mansion residence rebel cabin lodge palace castle terrorist housing soul
consultant	authority judge expert critic sensation observer analyst therapist investigator wizard shooter specialist
fatal	fortunate lucky happy dangerous
waiter	actor soul person bunny customer being employee contestant acquaintance ruler gem traveler
fabric	cotton silk towel diaper canvas lace jeans structure network iron infrastructure shred
vest	hat bra underwear diaper hose robe fur laundry scarf sweater skirt suit
kindness	compassion forgiveness pardon favor mercy goods action bounty interaction opposition achievement employment
largely	still so
canyon	valley depression trench sink bed collector kettle pit tunnel slope fountain ridge
scrub	shave wipe highlight sweep polish amend improve enhance educate relieve repair fix
antique	revolutionary radical latest recent modern fresh new full beautiful
forum	post installation facility meeting transit summit grid transportation convention congress zoo council
commerce	marketing payment traffic business transaction dot interior conversation refund ransom tribute retail
vocal	blank silent used
utility	function purpose role quality company paperwork task procedure labor investigation duty attention
surgical	medical
suspension	mash mixture delay rest steam composition metal solution halt substance extension breath
toxic	chemical
frighten	tickle tempt inspire invite provoke encourage cheer overcome overwhelm injure wake devastate
whatsoever	
plea	charge bargain prayer appeal deal judgment request adoption petition lawsuit hearing suit
artificial	natural organic Latin human international deep large own new
gasp	expire breathe choke sniff begin hear turn run
fingerprint	evidence identification parole scar password card cue testimony clue appearance argument statement
vitamin	food diet dish meal mess egg taco chili jelly barbecue feast picnic
reunion	class party coalition umbrella date reception mask wedding dinner feast merger supper
marble	statue shooter sculpture ball stone rock bronze basketball baseball football matrix material
immigration	body movement maneuver pursuit stream flow progress rush speed approach membership faculty
necklace	pearl earring diamond strand jewelry bead bracelet jewel pin stripe frog decoration
picnic	lunch task vacation holiday project meal barbecue marathon honeymoon venture enterprise adventure
roller	ride wheel wave gear chopper surf motion movement pump stroke prop anchor
defender	reminder keeper escort fighter monitor champion hero guard nanny warden policeman marshal
chant	communicate dictate yell scream discuss convey nod greet impose negotiate consult advise
rapidly	slowly very so
berry	strawberry fruit singer pear cherry grape peach banana apple plant olive spike
infant	child daughter boy girl son grandchild heir relative relation grandson sibling ancestor
semester	session period term blossom overtime daylight honeymoon reign tide lease bout era
mansion	house side palace castle region cottage villa residence cabin lodge reef vacuum
psychic	magician wizard witch soul person contestant acquaintance ruler gem traveler observer cripple
scam	hustle con fraud offense crime felony violation attempt seizure theft assault vice
pinch	trauma harm injury difficulty bruise fracture bump wound pickle strain slice jam
follower	leader sponge traveler sheep satellite lover planet fan soul person astronaut flyer
amber	wheat straw lemon blonde orange color gasoline protein gas sugar jade cardinal
revolutionary	antique used yellow old
marijuana	dope bush cotton pepper rose tea cheese user tree drug willow oak
prophet	god man believer soul person assassin nun monk buck witch contestant acquaintance
occupation	photography employment craft career sport trade post activity presidency sanction discrimination journalism
diagnosis	identification determination location discovery doctor deed interference disposal motivation departure distribution residence
perception	reality sensation representation matter aspect concept temperature vision sight taste scene pain
shaft	rod elevator input remark comment line pole guideline courtesy graduation observation reference
fiber	material cell stuff being mixture molecule cereal ammunition atom mineral ingredient particle
renew	forge perform act capture paint play illustrate accompany create make provoke scrape
curiosity	involvement interest enthusiasm concern consciousness confusion doubt land object affair matter distraction
trim	claw dice carve rip hack chop chase confine scrape illustrate shrink scratch
margin	boundary amount payment quantity number incentive royalty refund premium bribe bonus penalty
considerable	last
specialize	explain interpret vary alter spoil qualify inform change instruct designate notify testify
absurd	logical wise
biology	physics chemistry science math subject class technology collection surgery medicine sex heap
collector	worker soul person supporter poster servant slave rat assistant employee driver contestant
commence	dedicate
analyst	psychiatrist expert specialist sensation observer therapist investigator wizard shooter physician veteran ace
classical	modern fond Arabic favorite Japanese
app	mobile useful free favorite American used new close easy hard French
rental	transaction property commerce deal estate marketing payment traffic trade business attendance participation
proportion	amount percentage scale percent structure intensity ratio extent dimension volume size order
effectively	course how so
manipulate	relay persuade dominate dial fly drive soak rob possess affect pull bleed
pond	lake water gulf stream bay ocean sea ditch canal brook creek gut
valid	false Japanese long fine
tumor	cancer sickness illness disease complication breakdown trauma infection harm injury handicap disability
railway	track station subway network airline fleet bridge building system business house map
misery	happiness sorrow disaster feeling grief toilet despair enthusiasm gratitude dislike sentiment affection
composition	soup mixture structure property suspension metal solution desire infrastructure fabric substance balance
franchise	business contract manufacturer maker partnership agency firm house charter lease enterprise privilege
horizon	orbit scope range spectrum wall extent layer route path track boundary coverage
pancake	cake biscuit cookie chocolate butter food puff pie bread coconut meat fish
advisor	authority judge expert king critic sensation observer analyst therapist investigator wizard shooter
representation	icon cooperation drawing display photograph document map image photo picture interpretation perception
spite	hatred emotion vice anxiety anger joy fear envy feeling difficulty fault dread
interpret	translate flirt instruct designate notify testify advise volunteer warn indicate announce remind
oral	graphic good
subtle	harmless innocent blind
crab	shrimp lobster fish crank soul person contestant acquaintance ruler gem traveler observer
blog	writing diary journal article manuscript paragraph autograph transcript criticism essay literature document
dolphin	whale fish shark salmon cow bat animal squirrel ape elephant monkey mouse
expansion	speed discussion function map addition consideration detail concentration communication reduction transformation operator
nun	sister letter beta delta alpha bacon reference believer prophet soul person bride
visa	sanction warrant passport applause tribute recognition permission credit message salute spur memorial
vomit	remedy cure urine medication medicine shock reaction response dirt rubbish exhaust scrap
claw	trim snatch capture grab pass cut dice carve rip hack chop chase
lounge	chair seat room bench compartment classroom lobby furniture gallery engineering chamber toilet
banker	drawer soul person father holder tenant investor contestant acquaintance ruler gem traveler
substantial	
newly	away why
terminate	modify vanish implement alter accomplish execute interrupt disappear change do want amend
outline	sketch boundary program summary frontier guideline regime budget border surface edge schedule
preliminary	
protective	tough
descend	travel act move go come zoom roam repay whine interact prosecute swap
dental	
provision	condition calculation arrangement thought activity premises assumption consideration thread explanation construction variation
shotgun	firearm pistol rifle gun cannon weapon arm spear lance missile sword steel
feast	dinner meal picnic supper snack breakfast lunch tea party reunion reception mask
honeymoon	vacation holiday period picnic blossom overtime daylight semester reign tide lease bout
neutral	personal
automobile	heap jeep cab ambulance taxi motorcycle bike truck pickup semi rig carrier
instantly	almost
envy	sin anger hatred offense vice crime felony gaming violation fraud attempt emotion
frost	ice weather sunshine wind crystal breeze Easter hail draft fog blast snow
blink	restrain confine restrict classify tie flush behave act smell hurt hum sting
exclude	drown prevent destroy defend undo interfere protect feel learn say
supervisor	counselor monitor boss director chief spider god package software leader worm virus
efficiency	economy ratio expertise frequency technique facility state proportion unity perfection unemployment ownership
chronic	extraordinary unusual brief odd short different
fortunately	unfortunately home still well there never
submarine	sandwich burger carrier ship pirate vessel dish yacht monitor craft taco chili
continent	earth island ground neck region forest object world north mountain south ribbon
donor	blood patron provider supporter sponsor uncle angel brick sweetheart soul person contestant
creator	god developer architect designer farmer producer artist soul person universe son pioneer
ape	man soul person jerk gorilla cow bat contestant acquaintance ruler gem traveler
experimental	
glue	cement rubber liquid material stuff molecule ammunition atom mineral fiber particle discharge
strategic	petty economic
orphan	child kid girl soul person parent boy peanut monkey verse contestant acquaintance
merchant	seller butcher prey politician fence supplier provider accountant broker businessman pirate baron
domain	realm province lap kingdom responsibility empire environment region scope context circumstance street
segment	leaf portion piece part elbow bulb hub fragment component waist strip element
heroin	thunder cocaine drug crank marijuana medication medicine dope acid rope soap agent
virtue	honesty vice goods justice weakness conscience fault value beauty quality toll importance
herb	garlic plant ginger honesty mint tobacco galaxy vegetable dock rocket carrot strawberry
handful	bag shred scoop pinch mug tub bin jar bucket basket kettle hint
tricky	authentic elementary reliable responsible honest simple easy little
Turkish	Greek Russian northern Arabic Italian similar English dry special German beautiful difficult
stumble	stalk sneak move splash fall shrink stir wrestle acquire chop sweep hop
zip	code strength force intensity majority violence bag degree level quantity package software
fountain	pen flow structure park rush monument balcony porch arena memorial housing shelter
virtually	
federation	establishment formation constitution organization tribe league installation initiative debut introduction entry coalition
cinema	theater pub media restaurant album vehicle building journalism architecture ministry temple telephone
instructor	tutor coach mistress principal chancellor professor publisher critic attorney lawyer adult referee
minus	plus calculation procedure process routine activity groove transplant variation measurement provision occupation
inventory	merchandise product list register item freight portfolio shipment cargo stack menu flag
playoff	contest competition bout tournament championship match race game semi campaign occasion affair
appetite	addiction desire impulse ambition urge dream feeling despair enthusiasm gratitude dislike sentiment
facial	
coffin	box chest container nail mold envelope tin bin basket purse pan vessel
summit	conference spot meeting place degree stage level tomb forum convention congress grave
roughly	away how here there
hunger	desire tendency poverty disease addiction pregnancy disorder status condition tan glow complaint
flu	dose disease complication sickness illness consumption plague diabetes madness leak cancer tumor
nude	female
rug	silk furniture appointment wardrobe curtain lamp bureau cabinet closet seat table floor
cocaine	heroin thunder drug crank marijuana medication medicine dope acid rope soap agent
shepherd	sheep hand preacher priest minister groom bishop father rabbi cowboy pet goat
drone	bee bum mate ant insect bug worker queen soul person butterfly cricket
shallow	deep thoughtful little
cloth	silk towel diaper canvas lace cotton jeans network shred rag patch tag
touchdown	success arrival entrance action admission registration achievement interaction kindness opposition employment execution
greet	smile convey nod impose inform express speak write pay ask talk come
assess	congratulate flatter promote delete recommend push conceive attribute anticipate reckon calculate impose
madness	anger outrage offense disease emotion complication frustration harassment temper sickness illness hatred
cope	act seek try take repay interact prosecute descend presume flirt anticipate react
designate	communicate reinforce manifest exaggerate disclose deceive certify interpret presume educate demonstrate expose
arch	entrance curve portal door spine heel access approach envelope crook hook hip
vent	crack hole fracture mouth gap canal breach rent outlet exit throat port
vibe	air quality distinction popularity utility publicity attraction humanity romance goodness goods asset
ninth	solar
tenant	landlord holder resident inmate owner officer banker drawer soul person Yankee pole
alternate	vary change designate assign accommodate elevate specialize adapt promote cast entitle reduce
bald	hairy undercover underground shiny young bad long
scramble	travel move go zoom roam whine swap descend modify drift retreat wander
bizarre	conventional
instruct	tempt communicate provoke sue dare manifest exaggerate disclose deceive certify interpret presume
evacuate	dig modify alter change move break amend expel accelerate weaken elevate depress
cue	input evidence token orphan verse identification testimony argument statement information record text
initially	
realm	domain arena orbit land possibility demon province lap responsibility discipline empire environment
tow	drag draw pull haul attract move expel elevate stir squeeze spill disturb
limb	leg branch thigh border edge arm member head stem lap boundary bulb
equation	solution status formula dignity deed retirement leadership rank election statement state prediction
dice	play trim carve rip hack chop chase bet scrape scratch claw isolate
holder	candle tenant keyboard owner landlord officer clamp jaw investor device soul person
emotionally	physically very
attribute	conceive assess anticipate reckon calculate reject approve accept choose expect figure believe
adoption	approval championship reward lawsuit hearing appeal suit support case prosecution plea judgment
par	score status eagle duck dignity retirement leadership rank election state cube distinction
thigh	arm lap limb leg member oyster slice breast hand knee muscle pledge
mineral	rock soil stone material stuff water molecule ammunition atom fiber particle discharge
fortunate	fatal unfortunate homeless miserable pathetic poor alive able good
owl	eagle bird chick prey animal hobby swan pigeon turkey chicken frog fish
sophisticated	
altogether	partly only how there
swap	travel sell move go dispose dump zoom roam whine scramble descend drift
farewell	departure afternoon morning withdrawal shipment dispatch exit speech greeting admission receipt deed
expedition	journey campaign transit voyage circuit tour trip ride unit movement maneuver mission
format	info appearance information ammunition propaganda confirmation database stain perspective impression intelligence beauty
crow	bird roar bay chat creek fox chorus whack beep toll buzz rap
nominate	specify dial appoint elect adopt fix vote pick set define designate authorize
mint	tea herb flood ginger honesty tobacco galaxy vegetable dock rocket carrot strawberry
carriage	car diner cab cart wagon bicycle bike train vehicle height attitude engine
perceive	smell receive realize touch catch listen understand hear feel see behold sniff
applause	sanction tribute recognition warrant permission credit message salute spur visa passport memorial
nickel	metal iron silver coin dime eagle penny cent dollar bill species tin
bundle	money collection container deck mold envelope tin bin basket purse pan vessel
partial	total thorough sheer utter absolute complete full solar sweet
terrorism	finance enforcement sanction discrimination occupation obligation punishment penalty management responsibility duty government
frequent	occasional unusual rare particular special worried last
researcher	cancer scientist psychologist soul person curl lodge cell contestant acquaintance ruler gem
gossip	scandal rumor cat neighbor report celebrity chat person announcer reporter author writer
weep	burst laugh giggle chuckle tear lift begin hear kiss read come make
clearance	separation room distance commission management sale span disposal guidance mercy finance administration
economics	politics science finance philosophy mathematics psychology math discipline subject chemistry physics frontier
artistic	cheap cultural different
dime	dollar deck coin nickel eagle penny cent species copper package currency bundle
partly	altogether entirely totally completely right yesterday only
primarily	
differ	depart vary oppose deny beg speak answer use think let
marathon	race task project breeze picnic venture engagement enterprise adventure conflict battle dash
dinosaur	bird snake pet animal scientist turtle frog fish swan owl eagle cow
passionate	great long
indication	gesture hint symptom clue trace evidence communication fact resignation revelation denial cue
parole	oath achievement engagement card identification secret bin arrival effort resignation revelation denial
dye	stain material stuff lake molecule ammunition atom mineral fiber particle discharge dust
competitor	champ champion king participant starter opponent athlete loser winner player soul person
drip	dive travel move go put zoom roam whine expel elevate swap scramble
eager	new next
herd	host litter team clutch suite rally breed gang audience bunch crew pair
slope	upgrade coast grade bank mountain fountain ridge slot coincidence depression cliff cave
workshop	teaching laboratory laundry lab instruction studio farm education job art ranch port
cottage	house mansion villa residence cabin lodge palace castle housing building architecture ministry
keeper	lord nanny nurse defender guardian superintendent reminder escort fighter monitor champion hero
awareness	self sense ego lack appreciation curiosity insight confusion doubt thought distraction revelation
porch	gallery structure plant monument balcony fountain arena memorial housing shelter tower stadium
grasp	embrace hold penetrate interpret lick translate solve extract answer read feel try
swan	goose bird penguin duck owl eagle pigeon turkey chicken frog fish raven
sadly	happily away so
specimen	example exception apology information coupon acquaintance input mechanism consideration nest carpet existence
yoga	workout exercise religion faith effort scissors practice difficulty struggle labor charity slavery
treasury	ministry bond department personnel pocket certificate commerce dot interior branch percentage sum
legendary	historical unknown actual real
ferry	boat transport junk tower freight vessel business gig yacht monitor ship venture
separation	state anxiety clearance breach distance span transformation variation transition revolution harm birth
awhile	just
strengthen	weaken modify alter change tie amend accelerate elevate depress straighten undergo awaken
risky	stable healthy safe little alone
lottery	accident gaming coincidence vice discharge destiny boom miracle fate occasion flash motion
shipment	delay merchandise product departure inventory stock withdrawal farewell exit deed leader export
yacht	vessel monitor boat ship craft ferry smack junk pirate tower aircraft vehicle
prey	predator animal hunter bird lion tiger eagle victim beast creature merchant snake
pickup	truck semi rig ride warrant wagon automobile motorcycle auto bike car device
scent	sensation property memory vision taste sound perception air composition smack concentration weakness
corporal	sergeant officer commander man hull vet sailor veteran ranger marine marshal colonel
disappointment	breach expectation error fault mistake desire impulse ambition urge failure dream addiction
hum	whine bark whisper snap shout deliver read dictate tick pop communicate crawl
injection	execution solution therapy treatment medication mixture massage transplant transportation transfer attention administration
elaborate	mere severe plain simple
breeze	wind task project Easter draft blast marathon venture enterprise adventure weather puff
villain	hero role hound heel man soul person crank peasant insect bum worm
induce	accomplish execute serve oblige compel persuade encourage inspire decide help let do
evaluate	congratulate flatter promote delete recommend push discourage presume verify pronounce classify embrace
cult	fashion religion faith church establishment institution appreciation taste academy company discrimination organization
lens	contact viewer laser device communication lure comb bait valve sensor filter keyboard
confirmation	proof reservation info information evidence ammunition propaganda format database intelligence material secret
spear	weapon arm missile sword steel knife gun instrument rod needle brush iron
psycho	patient inmate survivor loser prisoner victim soul person prey casualty hostage convict
goodnight	message parent story child dream bed
seller	dealer merchant buyer butcher fence supplier provider accountant broker businessman baron madam
suitcase	trunk luggage locker portfolio sleeve wallet kit shoe container mold envelope tin
hay	mash food medicine mixture cereal fiber vitamin ingredient grain menu diet dish
precise	false wrong used
certify	endorse sign instruct designate tolerate endure notify advise volunteer warn indicate announce
eligible	next
paperwork	office task procedure labor investigation duty attention project service activity slavery breeze
honesty	virtue herb ginger mint tobacco galaxy vegetable dock rocket carrot strawberry tomato
toll	value death admission commission chorus whack beep buzz rap sigh importance whistle
den	unit household outfit squad troop gang crew spot side team family place
mild	fierce keen brutal wicked intense severe terrific violent extreme pleased worst terrible
ignorant	wise familiar intelligent stupid
daylight	hour afternoon evening ray sun period night time blossom honeymoon semester reign
preach	reinforce educate negotiate consult inform wrestle handle designate notify testify volunteer indicate
alcoholic	consumer customer client user patron diner sucker buyer reader guest father cutter
pickle	pepper difficulty pinch strain sauce situation problem status condition mole ginger herb
coma	consciousness cloud cluster bunch curiosity confusion fog doubt interaction knot reflection chaos
strand	necklace pattern form jewelry grid painter cord rope bead earring bracelet jewel
bribe	soap payment incentive royalty refund premium bonus penalty reward benefit cash bounty
integrate	thrive dissolve conceive expire awaken boil react decline concentrate freeze improve calm
narrator	speaker witness announcer gossip reporter author writer soul person butler buck poet
Irish	American English old
bracelet	diamond jewelry bead earring necklace jewel pin strap collar ring strip strand
motivation	lack deed status condition impulse urge despair innocence interference participation disposal nomination
retrieve	deliver unload acquire get wash release send inherit isolate obtain borrow earn
theirs	hers ours whoever ourselves whom herself itself whose anybody themselves yours somebody
rag	week patch towel doll reel cloth fabric jazz material period music diaper
awaken	thrive dissolve conceive expire integrate modify alter boil react decline concentrate impress
sentiment	pole judgment idea mind belief determination conclusion decision conviction prospect expectation philosophy
appreciation	culture discrimination insight fashion distinction revelation cult discovery awareness contrast consciousness acquisition
slavery	labor pattern practice trade marriage state resistance effort cooperation ritual fashion activity
tray	bath tub garbage container cup table mold envelope tin bin basket purse
ribbon	strip award honor blade cramp reef trophy prize object degree symbol scissors
shatter	break burst injure snap grind chew dissolve modify blend alter explode divide
underestimate	calculate divide solve determine set classify suppose say assess predict refer identify
unto	lord law man day
premium	payment charge incentive royalty refund bribe fare transportation penalty reward benefit cash
keen	lousy naughty mild rotten gentle painful negative awful blind sad worst terrible
corridor	hall aisle tunnel passage subway throat channel tube lane route path access
armor	shield protection shade housing headquarters shelter roof screen command enemy unit knight
inmate	fellow patient resident tenant hostage psycho survivor loser victim cell soul person
gunshot	shooting thrust deed vomit leap boost pitch pressure interference disposal motivation departure
undercover	bald visible
premiere	movie performance routine concert benefit number attraction broadcast program flick episode series
inevitable	occasional foreign long
realistic	abstract fantastic long
racial	
cripple	soul person contestant acquaintance ruler gem traveler observer orphan ape creator crab
nod	indicate smile ask convey greet impose inform express speak write pay talk
broker	supplier provider accountant merchant businessman seller butcher baron madam dealer operator owner
noodle	food head coconut chocolate meat fish breast chest neck member face cereal
naughty	good keen acceptable swell solid best little
observer	viewer expert witness soul person sensation analyst therapist investigator wizard shooter specialist
pier	platform runway brace shelf rib stairs deck stock stage leg device saddle
proposition	hint trace advance statement premises assumption prediction qualification summary declaration input amendment
martial	civil Japanese
expire	strangle thrive dissolve conceive awaken integrate gasp boil react decline concentrate freeze
saddle	ride horse rack rib steak shoulder neck meat pier brace shelf stairs
regime	empire palace program court plan state guideline outline budget schedule project design
importantly	
salmon	fish river snake milk stream food dolphin coconut brook creek chocolate meat
thirsty	wet empty likely cold tired hot sure
rookie	freshman soul person contestant acquaintance ruler gem traveler observer cripple orphan ape
addiction	award sex grant appetite disease pregnancy disorder desire recovery status condition impulse
gag	riot wit humor closet brake device cuff knot locker loop clip seal
pioneer	founder creator immigrant traveler developer architect maker designer farmer producer artist soul
intrigue	plot romance conspiracy scheme strategy bubble relationship idea maneuver tactic policy program
triumph	independence pin success joy halt outcome destruction result end excitement slaughter rack
dummy	puppet moron sheep idiot fool soul person globe goose clown contestant acquaintance
rhyme	poem meter poetry lyric dialogue fiction writing novel fantasy story manuscript paragraph
hallway	aisle tunnel passage subway throat channel tube lane route path access approach
tomb	spot place summit zone target top point den island monument vault origin
portal	vein website site entrance computer arch door access approach artery server client
widely	now still very
intel	
Swedish	Swiss Dutch Russian German deep easy different English used French
landlord	tenant holder owner officer soul person contestant acquaintance ruler gem traveler observer
vodka	wine booze liquor gin whiskey alcohol sake vintage cocktail punch beer rose
reminder	defender guardian experience keeper escort fighter champion hero guard message nanny warden
disgrace	rating importance honor status fame accent celebrity glory reputation respect behavior equality
bluff	bank illusion ridge fraud attitude reef shelf violation fiction scheme activity foul
liability	debt obligation limitation defect capability penalty capacity status condition company quality state
cardinal	pope bishop frequency priest number father wine preacher cube pastor shepherd square
pea	potato peanut bean vegetable herb fruit twin pumpkin onion ginger honesty mint
curl	hair ball eyebrow scientist coat cookie cat hull psychologist haircut researcher fur
melody	song signature theme music variation motive backup statement chorus ballet harmony section
dislike	tendency disgust feeling sympathy trend horror direction favor despair enthusiasm gratitude sentiment
heir	son prince king grandchild baby child relative relation queen grandson infant babe
bias	tendency dislike sympathy trend direction ray favor perimeter boundary curve attitude edge
gaming	vice lottery offense sin crime felony violation fraud attempt celebration entertainment joke
deliberately	accidentally how
splash	walk stumble stalk sneak pass fall distribute spread travel move go zoom
undergo	change sustain suffer see tolerate collapse die strengthen modify refresh adapt evolve
correction	remedy compensation amendment improvement perfection reform development maintenance progress decoration transition passage
diplomatic	civil united economic new
spectacular	invisible
straighten	modify arise alter rise sit change tie amend accelerate weaken elevate depress
indoor	outdoor cold hot best
quantum	theory sum product concept physics amount zero value notion dimension category regulation
adjustment	improvement tune advance recovery transformation reduction promotion motion shift movement activity action
salesman	clerk employee bartender worker boxer waiter server customer collector supporter poster servant
cuff	gag brake device shirt knot locker loop clip seal nail button emergency
mankind	ape monkey cow bat squirrel elephant mouse rat bear gorilla drill camel
heritage	background pride acquisition convention custom tradition grant loss rule possession knowledge warrant
oblige	obey bind interact stimulate induce sting violate offend listen assemble adapt interfere
ownership	storage community state guidance relation activity transfer clutch restriction grip company unity
magnetic	solar weak strong
operational	
distinct	collective identical faint cloudy corporate joint same political English French
giggle	chuckle burst weep cry sob whisper fit smile hear start run make
splendid	ugly commercial cheap
bingo	chess game activity poker parliament patience casino variation measurement provision occupation teaching
intercept	seize listen snatch claw capture bite perceive smell receive touch catch hear
inappropriate	appropriate content
accusation	implication information denial testimony declaration profession threat criticism statement evidence plea prediction
sensible	asleep likely good
gospel	truth bible writing statement jazz prediction manuscript qualification paragraph summary declaration autograph
disability	sickness trauma illness infection harm injury pinch bruise fracture bump wound disease
robe	hat diaper hose vest fur laundry scarf sweater skirt suit shirt mini
chess	game grass bingo cereal wheat corn rice player herb popcorn defense ginger
beep	chorus whack toll buzz rap sigh whistle drum tap noise bell voice
spur	bump tongue tail knife hair promotion sticker beard belly ridge horn sanction
slay	strangle erase eliminate fry shoot hang
puppet	politician master slave dummy soul person toy globe contestant acquaintance ruler gem
sob	burst laugh giggle chuckle start hear begin
cracker	rice cheese bread peasant bun toast engineer biscuit worker soul person contestant
hazard	obstacle phenomenon barrier outcome consequence structure threat effect result safety dam rail
inning	division ingredient component bout factor element quarter beginning period middle concept point
essence	democracy significance import meaning mathematics life ignorance mixture atom representation chemistry wisdom
obstacle	hazard barrier handicap difficulty structure path dam rail plug fence monument balcony
purely	so
interpretation	performance version representation explanation magic demonstration presentation meaning exhibition perception definition image
feedback	response statement survival sink prediction qualification summary declaration proposition input amendment remark
gratitude	feeling debt despair enthusiasm dislike sentiment affection sympathy gravity temper expectation humor
excess	bounty wealth plenty status degree condition level quantity intensity despair innocence participation
jeep	automobile auto car heap cab ambulance taxi motorcycle bike truck pickup semi
foreigner	stranger import traveler fish astronaut flyer follower messenger companion runner rider carrier
receiver	telephone phone television radio administrator soul person speaker bug contestant acquaintance ruler
complication	disease interference situation sickness illness frustration acceptance diabetes madness flu dose deed
pastor	preacher priest bishop father rabbi leader cardinal Sunday pope trainer employer politician
resemble	consist fit accommodate blend satisfy coordinate qualify serve represent feel see
grandson	son child daughter heir baby relative relation infant babe sibling ancestor partner
hose	airline sock tube diaper robe vest fur laundry barrel drain scarf column
shrimp	crab lobster dwarf soul person food contestant acquaintance ruler gem traveler observer
interaction	contact action kindness reflection opposition chaos achievement resolution employment execution selection arrival
modest	radical extraordinary extreme hard good
hustle	scam fraud carnival circus offense crime motion movement felony breakdown violation attempt
outlet	plaza mall shop store plug media salon grocery market spa office supermarket
epic	lesser atomic slim tiny small little ancient
reduction	harm discount reaction adjustment promotion motion movement haircut action expansion addition maneuver
rural	urban small poor alone used
orchestra	chorus band organization room choir coalition affiliate clearance federation establishment alliance enterprise
enforce	step condemn sting stimulate induce persuade encourage inspire decide let assure convince
hormone	sweat ink milk blood plasma substance mixture atom essence chemistry fluid element
measurement	observation activity test variation provision occupation teaching negotiation laughter buzz preparation worship
accountant	supplier provider broker merchant businessman seller butcher baron madam dealer operator owner
preference	alternative option choice tendency approval feeling selection dislike sympathy trend direction stomach
spine	arch heel bump tongue tail knife belly hip hair valve ridge tooth
detention	punishment penalty execution sanction discrimination occupation enforcement obligation cage management responsibility duty
swift	lazy slow
hatred	emotion spite anxiety anger joy fear feeling envy peace dread outrage madness
comedian	clown actor player performer principal actress fool plant tree magician geek musician
congressman	whip deputy senator politician mayor governor leader trainer employer commander guide hero
patriot	citizen soul person voter civilian contestant acquaintance ruler gem traveler observer cripple
moan	peep grunt spit shout yell scream cry sing hear start stop let
ounce	pound panther lion tiger cat ton bear wolf fox dog cow bat
troll	dragon monster lure bait song bridge internet device witch character comb valve
nomination	appointment status condition decision speech address despair innocence participation motivation identification guilt
snatch	claw capture intercept bite defeat walk
derive	bloom build grow thrive extract expand rise feel increase enlist climb gather
cane	stem fruit bulb trunk branch limb instrument bow onion staff club leaf
latter	former important
diagnose	analyze examine study inspect investigate compare check watch consult hear learn
conceal	bury try
immune	allergic liable vulnerable capable
administer	reserve repay cater render coordinate lend contribute spare organize conduct provide allow
warden	policeman marshal ranger deputy sergeant sheriff lieutenant officer defender guardian investigator copper
postpone	hesitate wait act repay interact prosecute cope descend presume flirt anticipate react
disc	brake shape audio dot store device tape video cone scroll curl lure
glance	observation survey exchange activity variation measurement provision occupation teaching negotiation laughter buzz
stubborn	stupid clean used old last
tablet	stone cake paper tile carbon tissue sheet card material block stuff leaf
undertake	activate declare arrange establish introduce found specify hire sign constitute condemn plead
peasant	seed crank cracker insect bum worm critic creep pill turkey demon rat
miner	hand peasant groom woman boxer employee shepherd cowboy bartender clerk worker salesman
prompt	lazy slow late following
conceive	deem identify appreciate include try thrive dissolve expire awaken integrate attribute assess
gown	cap university underwear vest bra body silk accessory uniform clothes diaper hose
intact	raw general
harassment	frustration temper abuse anger pattern practice outrage slavery madness cooperation ritual rage
caution	warning alert threat eye revelation wisdom introduction report exercise logic gossip debut
wig	dress disguise costume habit outfit lecture mask accessory criticism uniform clothes rap
hesitate	postpone wait answer act ask take repay interact prosecute cope descend presume
siren	woman alert alarm mistress dame madam widow sweetheart peach beauty girlfriend cat
scoop	account report dispatch bowl cup news handful mug tub bin jar bucket
voyage	cruise transit expedition circuit tour trip ride movement hike flight maneuver pursuit
prominent	invisible
variation	departure tide replacement theme difference activity motive statement transformation measurement melody separation
lace	cloth fabric material boot shoe thread gut string diaper canvas silk cotton
firearm	shotgun pistol rifle gun cannon arm spear lance missile sword steel knife
canvas	painter scope cloth fabric material painting picture brush icon diaper lace silk
announcer	gossip reporter author writer soul person butler buck poet journalist grass speaker
elderly	young teenage tender junior small little dangerous sick long
endanger	stimulate bother exist treat irritate manipulate persuade dominate expose prevail dwell modify
virtual	fantastic real
autograph	signature manuscript writing scroll name paragraph transcript criticism diary essay literature journal
skeleton	outrage scandal minimum peak trouble bone interference blaze maximum noise hell groove
worthless	precious valuable rich good
fragment	scrap coal chip piece bit part article creation segment representation invention portion
chancellor	president principal minister representative emperor executive king delegate instructor teacher agent administrator
clan	family marriage couple minority tribe sector circle organization folk band society body
tutor	instructor teacher mistress principal chancellor professor publisher critic attorney lawyer adult kid
beta	letter nun delta alpha lens symbol arrow mint version icon token pastor
clap	communicate convey greet insert impose install lean arrange inform replace express settle
compensation	correction remedy allowance satisfaction amendment relief improvement payment perfection denial reform development
gallon	mile cord unit tank tub barn acre rod atmosphere palm nail inch
mourn	celebrate suffer care lose feel congratulate entertain regret bless
shiny	dull bald black new long
slack	tense
denial	accusation testimony service resignation revelation declaration compensation objection proposal explanation description speech
illustrate	explain interpret trim inform capture paint mean instruct designate notify testify advise
comb	hair mirror brush tool device drill punch lure bait valve sensor filter
scrape	cut make dice trim carve rip hack chop wipe chase create sweep
assassin	booth torpedo butcher outlaw crook criminal gangster thug accessory traitor runner hood
restriction	regulation rule guideline concept quantity ownership notion dimension guidance category possession possibility
undo	frustrate switch destroy cross return amend disappoint recover betray eliminate fail change
thoroughly	then away so
conventional	atomic bizarre nuclear
transit	journey installation facility voyage expedition circuit tour trip ride system instrument forum
pigeon	bird rat turkey chicken chick swan owl eagle frog fish cat penguin
accessory	outlaw crook criminal belt gangster thug traitor runner hood murderer punk thief
salute	hail greeting recognition credit memorial reception afternoon morning flag sanction applause farewell
fuse	light reactor filter circuit battery cell match device box bridge lure comb
inject	slip increase mix climb gather lay grow set put thrive accelerate enhance
stimulate	intimidate terrify encourage endanger oblige compel persuade overcome overwhelm injure cheer bother
wheat	grain cereal bread corn rice grass popcorn amber lemon gold crop chess
rational	blind physical
convenience	kitchen toilet bathroom comfort store closet room ease relief compartment lounge classroom
beautifully	so very how
forgiveness	mercy kindness compassion favor action interaction sympathy opposition achievement employment execution selection
permanently	temporarily
entity	quantity horror relation communication object amount group matter media necessity ownership heritage
massacre	murder assassination homicide shooting suicide ending abortion destruction retirement removal graduation disaster
backyard	garden playground field lawn campus patch plot desert square range site center
gin	booze liquor trap machine vodka whiskey alcohol machinery assembly web motor net
sorrow	joy happiness delight feeling pain guilt headache misery input burden knowledge cue
literary	last
torch	light battery bulb herb lamp flood ginger honesty mint tobacco galaxy candle
haircut	bang reduction curl eyebrow coat discount fur beard feather skin armor expansion
congratulate	evaluate assess cheer feel delete come conceive attribute anticipate reckon calculate entertain
oops	wrong
stray	close used
furious	peaceful likely left
deceased	alive long
developer	tool creator architect maker designer farmer producer artist camera equipment soul person
utter	partial satisfied single whole left
briefly	only very just
quantity	quality number sum product concept zero value bounty notion dimension wealth category
static	mobile
sip	consumption activity reaction breath response sex control recovery relation union vomit rally
decoration	tattoo nonsense pattern award honor transition passage improvement ending transfer bead stripe
raven	bird chat swan owl eagle pigeon turkey chicken frog fish penguin goose
diner	cutter carriage coach restaurant car consumer grill cafe building customer client user
northwest	direction southwest southeast colony territory environment zone property east west south place
grove	garden forest wood patch plot jungle bed desert yard square range site
cement	stone glue concrete floor timber material stuff bag molecule ammunition tile atom
depress	discourage modify alter change amend accelerate weaken intimidate elevate straighten awaken strengthen
peek	look admire stare regard boo sneak open promise see take try
tendency	dislike sympathy desire direction favor attitude stomach prejudice preference bias hunger disrespect
regiment	cavalry artillery battalion squad troop division company patrol battery armor headquarters command
span	generation century distance separation year period altitude unity clearance ace zero density
paranoid	little
specialty	career asset plus occupation business job resource advantage photography profession employment craft
messy	neat clean little
millionaire	immigrant soul person uncle being contestant acquaintance ruler gem traveler observer cripple
vicious	honorable innocent
waitress	bunny employee bartender clerk diner worker boxer salesman collector supporter poster servant
lousy	keen acceptable pleasant swell solid clean nice best good
prosecute	act repay interact cope descend presume flirt anticipate react sneak participate behave
bash	smack jar rap tap impact occasion affair celebration ceremony prom flick installation
awfully	seriously today here home
desperately	so back
runway	platform bar aircraft pier bolt dock deck stage trigger wing channel spear
declaration	testimony threat statement witness denial accusation evidence prediction qualification summary proposition input
carnival	festival demonstration presentation exhibit display celebration entertainment motion movement hustle breakdown exhibition
axe	razor scissors knife lance tool comb drill punch hammer spear gig rod
clone	animal being carbon representation soul person mutant dwarf hybrid beast relative creature
administrative	
unemployment	level state rate benefit unity perfection ownership separation integrity obligation employment destruction
elegant	wooden awkward efficient simple black high beautiful new
sensation	pain vision expert taste sound perception feeling observer scent analyst perfume smack
acquisition	assumption purchase education gift accommodation school discrimination seizure perception donation legacy receipt
liable	immune unlikely remote angry
prescribe	communicate convey nod greet inform express speak write pay ask talk whine
compassion	kindness mercy sympathy forgiveness concern feeling despair enthusiasm gratitude dislike sentiment affection
offender	convict shark child outlaw predator traitor crook fraud bully liar beast fox
mat	bath spike weight equipment key shuttle grill rack basket basketball baseball frame
removal	withdrawal drain ending division abortion destruction retirement fork translation explosion harm damage
significance	consequence substance importance essence burden lesson sense point message weight thought value
memo	note transcript translation log register pony subtitle file account history evidence cue
tweet	chorus whack beep toll buzz rap sigh whistle drum tap noise bell
elevate	modify alter cast change move reduce amend expel accelerate weaken depress straighten
popularity	quality distinction utility publicity attraction humanity romance goodness goods asset ease appearance
hull	officer commander man scroll curl corporal sergeant vet sailor veteran ranger marine
delegate	representative agent operative chancellor premier president emperor spy king mole announcer gossip
console	calm avoid touch play try leave keep do
whack	thrust chorus beep toll buzz rap sigh whistle drum tap noise bell
diaper	cloth fabric material hose robe vest fur laundry scarf sweater skirt suit
provider	scout patron accountant broker merchant donor supporter businessman sponsor uncle seller butcher
someplace	else here why there
balcony	rail building structure apartment plant room park monument porch fountain arena memorial
reactor	setup telegraph fuse generator filter circuit battery cell device equipment fax bridge
squirrel	rabbit fox fur mouse rat seal dog cat cow bat bird leather
dependent	independent individual main foreign others
ginger	pepper herb spice honesty mint tobacco galaxy vegetable dock rocket carrot strawberry
forensic	abstract academic
logo	marker mark pin brand symbol sticker tag ticket icon token stamp crown
collective	distinct competitive separate
merchandise	freight shipment inventory cargo stock load leader export import future grocery cone
merger	coalition reunion umbrella translation explosion harm damage discharge destiny boom miracle fate
transplant	bone organ liver gum flesh muscle kidney tissue injection delivery reduction adjustment
helpless	almighty mighty independent powerful individual strong left
constitutional	external foreign
chorus	music whack orchestra beep toll buzz rap sigh whistle drum tap noise
norm	statistic criterion data gauge era scale currency index information money acquaintance input
geek	crank performer magician comedian musician dancer cowboy actor player monster soul person
implant	pickup device lure comb bait valve sensor filter keyboard instrument trigger alarm
quarterback	participant athlete player guard substitute amateur pro server seed contestant batter driver
overtime	hour week month period time blossom honeymoon semester reign tide lease bout
intern	physician doctor vet specialist surgeon resident psychiatrist dentist analyst rock nurse publisher
infinite	human sure
delightful	
flaw	weakness bug personality state sickness unity perfection unemployment ownership separation integrity obligation
allowance	percentage compensation payment slice stake incentive royalty premium bribe bonus penalty reward
warp	pretend fold tuck collapse knit change undergo strengthen modify refresh adapt evolve
grenade	bomb torpedo cap device ammunition lure comb bait valve sensor hardware filter
aisle	corridor tunnel sanctuary choir throat channel corner room structure hallway subway hall
provoke	ask instruct warn require prohibit summon forbid tickle frighten devastate motivate humiliate
confidential	distant public
premises	thesis scenario site condition monument provision cemetery proposition patch plot desert yard
blaze	fire trouble flare anger battle interference outrage scandal noise skeleton tragedy pity
occasional	inevitable frequent regular
disposal	management deed power guidance finance treatment permission commission interference motivation jurisdiction departure
luckily	unfortunately inside there away right just back again only here
lure	trap device attraction troll comb valve sensor filter keyboard instrument trigger alarm
furthermore	
summary	outline sketch survey statement prediction qualification declaration proposition input amendment remark reservation
underlie	overlook specify hum terminate decorate disagree consist confuse stink lend lean define
matrix	stone rock marble material space stuff spectrum column table compartment molecule ammunition
defect	bug limitation penalty liability weakness state sickness unity perfection unemployment ownership separation
sickness	disease symptom complication tumor breakdown trauma infection harm injury lump cramp syndrome
impulse	desire motivation motive spike ambition discharge dream feeling lightning addiction appetite explosion
stern	
harmless	subtle human little
temporarily	permanently here
demo	reflection expression display gesture chart motion video communication drawing profile indication publication
obsession	thought idea motivation notion inspiration substance motive belief impression suggestion theme concept
perfection	beauty improvement correction reform development state criterion example remedy compensation amendment maintenance
weave	knit brew bake cook prepare carve construct pop manufacture bend stretch twist
performer	magician geek comedian musician dancer cowboy actor player clown principal actress singer
mash	potato suspension mixture food steam hay composition metal solution dinner substance injection
distinction	contrast discrimination quality appreciation taste priority championship status culture popularity acquisition perception
functional	organic
chap	dog fracture boy man groove gap channel soul person cub monsieur bachelor
deceive	brag soak rob instruct designate notify testify advise volunteer warn indicate announce
spectrum	orbit scope range horizon extent matrix column table boundary coverage depth arrangement
participant	groom bride server seed associate affiliate teammate batter colleague ally mate fellow
underwater	long
incoming	past
wheelchair	chair seat throne lounge bench couch sofa furniture wardrobe lamp bureau cabinet
seizure	felony arrest theft offense crime stroke blackmail tribute robbery acquisition receipt violation
supportive	likely English
journalism	tab profession architecture engineering politics technology press occupation media business job teaching
secretly	
barbecue	grill rack dish picnic taco chili pizza salad soup cake frame window
brew	knit weave bake cook prepare carve construct manufacture fill forge sew pack
traveler	fellow astronaut flyer foreigner follower messenger companion runner rider carrier tourist arrival
progressive	conservative
coupon	sample estimate ticket document example bill resignation specimen charter patent resolution confession
uncover	peep demonstrate expose show pose hide need
puff	blast recommendation wind pie breeze Easter draft weather cheese sunshine compliment cake
shuttle	bus train transport reel mat spike weight airport litter trailer equipment mail
flank	formation branch flight line saddle rack rib steak shoulder neck arrangement fork
output	harvest crop production industry writing signal flick inspiration volume fruit newspaper magazine
thoughtful	shallow apparent silly
Cuban	American
bronze	statue sculpture marble metal steel art mixture gem treasure composition suspension creation
closure	approach movement rule maneuver pursuit stream flow progress rush speed immigration protocol
forecast	prediction prophecy statement qualification summary declaration proposition input amendment remark reservation formula
utterly	completely so
mole	spy sauce operative agent gram representative pickle ginger delegate herb spice garlic
ongoing	
prejudice	tendency dislike sympathy trend direction favor ignorance attitude discrimination preference disrespect acceptance
diabetes	disease complication sickness illness madness flu dose leak cancer tumor breakdown consumption
dissolve	thrive conceive expire awaken integrate blend burst resolve boil react conclude decline
flare	flame fire blaze shape stake sock triangle tower circle signal plane reaction
sour	sweet favorite bad
venue	jurisdiction scene parish darkness shadow territory district area playground arena acre resort
tactical	nuclear
token	disk symbol cue clue marker stamp crown award honor mark signal backup
layout	design trap arrangement organization distribution calendar activity bus structure variation measurement provision
legislation	government sanction discrimination occupation enforcement obligation punishment penalty management responsibility duty support
artery	vein vessel street route road portal alley avenue highway trail passage lane
tropical	beautiful
exotic	everyday native familiar usual
bacteria	virus rod cell being mutant dwarf hybrid clone beast relative creature host
lipstick	makeup collar perfume powder cream cup container hardware transport means device equipment
freely	right now where
lobster	crab shrimp oyster insect spider bug worker queen food worm butterfly cricket
authentic	tricky fake Chinese
elf	dwarf lord fairy frequency devil angel god attendance audio belief creator goddess
booze	gin vodka whiskey alcohol sake wine vintage cocktail punch beer rose chocolate
discrimination	distinction appreciation taste sanction occupation contrast enforcement obligation punishment penalty management culture
tailor	suit maker generator manufacturer producer author creator singer developer architect designer farmer
enlist	manifest obtain preserve save derive extract gain draw join keep unite retain
fitness	health qualification level convenience status condition glow quality juice despair innocence participation
eternity	life existence being moment presence possibility suspension pause slot absence rhythm meantime
battalion	cavalry artillery regiment squad troop division company patrol heap flock chunk batch
grease	oil wax protein sugar water status condition gasoline gas preparation acid salt
artillery	cannon battery cavalry arsenal battalion regiment squad troop division company communication patrol
outrage	skeleton anger trouble madness rage offense interference blaze emotion abuse noise hell
flyer	pilot traveler advertising ad cutter fisherman butcher painter founder sailor hunter editor
revelation	insight exposure discovery introduction warning report resignation denial objection proposal explanation description
meaningful	hollow empty
increasingly	where
upload	download convey transmit communicate commit send relay acknowledge move reserve beg apply
void	space compartment gap angle death matrix breach sack sheet cloud pocket rent
prophecy	prediction forecast analysis statement thought implication policy provision consideration preparation thread explanation
plaza	outlet shop store salon grocery market spa office patch plot desert yard
intimidate	stimulate discourage tickle tempt inspire invite encourage provoke cheer depress overcome overwhelm
hub	middle portion part area capital playground bulb segment arena component resort waist
correspond	accommodate blend satisfy coordinate recall qualify represent serve increase
distraction	game confusion entertainment fog carnival demonstration circus presentation exhibit mystery display secret
enthusiasm	involvement interest feeling concern curiosity affair matter despair gratitude dislike sentiment affection
atom	carbon oxygen earth grain material stuff substance water ammunition mineral fiber discharge
cater	dine repay administer distribute render lend contribute spare allow offer return pay
unity	stability harmony state zero strength span brace pair perfection unemployment ownership separation
relay	manipulate reserve beg apply demand invite claim ask plead pretend require pull
irrelevant	relevant
juvenile	mature
acceptance	approval recognition attitude situation condition championship reward support disrespect tendency complication environment
penguin	bird fish swan pet goose duck owl eagle bear pigeon turkey chicken
cube	number mold cardinal stamp square score record pyramid shape scoop par ridge
suburb	village city territory district jurisdiction acre region precinct parish venue province reservation
sniff	catch perceive breathe hear expire choke receive touch listen feel see behold
hybrid	being word syndrome mutant dwarf clone beast relative creature loan host soul
triangle	shape circle angle square dragon cancer delta flare sector tower plane tree
parish	jurisdiction community venue settlement territory neighborhood village district house acre hood suite
revise	organize sign communicate convey nod greet impose inform express speak pay ask
exhaust	system rubbish scrap garbage trash gas material stuff litter urine vomit junk
tile	roof tablet floor bishop castle knight block counter goal ball equipment timber
confine	strangle blink classify trim shrink stun reduce cut shave modify alter change
propaganda	info information ammunition confirmation format database intelligence material evidence secret news fact
rotate	criticize designate assign move work elevate promote cast stumble grind shrink stir
comply	listen adapt adjust change undergo strengthen modify refresh evolve transform resume boil
withdrawal	removal retirement departure drain shipment farewell dispatch exit division deed denial fork
arsenal	mill factory artillery gun headquarters post base installation facility cannon plant ammunition
nanny	goat keeper sheep defender guardian woman cattle deer siren reminder mistress dame
allergic	immune
sculpture	art bronze marble statue architecture painting exhibit drawing philosophy history gem discipline
supermarket	shop grocery market store outlet plaza mall salon spa office stall garage
clutch	scissors hug emergency ownership guidance possession activity state restriction litter flock herd
dwell	exist prevail endanger obtain stretch extend threaten attend belong fill consider cover
dictionary	book bible guide text publication volume collection magazine edition journal series issue
deem	conceive believe think admire decorate drink evaluate attribute assess anticipate calculate assign
penetrate	soak sting dip bite enter understand grasp interpret invade lick translate solve
predator	prey lion beast creature animal bird bully offender mutant stunt survivor pet
southeast	region direction northeast northwest colony territory environment zone property east west north
stove	oven pan light device pot refrigerator kettle lure comb bait valve sensor
popcorn	corn cereal butter wheat rice grass grain chess salt snack herb mixture
participation	intervention commitment status condition attendance transaction cooperation revolution conflict competition struggle exchange
brag	deceive inform pose instruct designate notify testify advise volunteer warn indicate announce
dwarf	elf planet beard star goat fairy sun being shrimp soul person mutant
spa	hotel playground outlet inn resort office building area plaza motel headquarters casino
vintage	rose alcohol champagne bishop port booze liquor sake age gin vodka whiskey
choir	church sanctuary aisle corner room structure school portfolio brace core pair compartment
ammunition	gun shell material stuff info information hardware molecule atom mineral fiber particle
disclose	convey transmit predict translate quote publish instruct designate notify testify advise volunteer
jelly	sandwich butter jam lunch gum candy vitamin dish poison fuel meal vehicle
fisherman	hunter cutter flyer butcher painter founder sailor editor man worker vet prosecutor
cereal	wheat corn rice grass milk popcorn food breakfast chess sugar mixture herb
asylum	hospital embassy harbor hut tent structure clinic building monument balcony porch fountain
batter	mixture participant athlete player substitute amateur pro server seed contestant driver cereal
clamp	cramp holder jaw device keyboard lure comb bait valve sensor filter instrument
atomic	heroic conventional epic tremendous extensive enormous vast massive giant super huge large
blackmail	tribute felony seizure theft offense crime robbery violation fraud attempt raid assault
consumption	activity sip plague reaction breath response disease sex control flu dose complication
cub	tiger lion boy bear kitten freshman lamb scout kit hog snow chap
sibling	nephew twin relative relation child father ancestor partner soul person parent grandchild
weaken	shrink decline refuse strengthen detain modify dip alter regret drop change react
paragraph	text writing manuscript autograph transcript criticism diary essay literature journal document version
constitute	initiate undertake compose activate pose arrange introduce lay provoke motivate determine dispose
shred	piece patch towel cloth fabric material document handful pinch hint spray suggestion
accelerate	increase modify alter climb gather add grow change thrive inject enhance expand
sheer	partial hard
cellar	floor story drawer closet structure sanctuary choir aisle corner room monument balcony
thesis	writing premises assumption scenario condition provision proposition manuscript paragraph autograph transcript criticism
sanction	government war visa permission subject discrimination occupation enforcement obligation punishment penalty management
sincere	silly true sure
blossom	cherry fruit season spring orange apple week period April cone year berry
biscuit	cake bread pancake bun cracker toast cheese rice food puff pie potato
expertise	efficiency technique facility state economy unity perfection unemployment ownership separation integrity obligation
willow	tree rod basket oak palm coffee machine coconut bush machinery gin assembly
prohibit	ask tempt provoke sue dare reserve beg apply demand invite claim plead
boxer	amateur opponent fighter employee defender butter master soul person miner hand bartender
rattle	tail noise toy roar thunder bang boom blast crash balloon doll hobby
preacher	father Sunday pastor shepherd priest minister bishop rabbi leader cardinal pope trainer
mold	soil dirt container mud clay sand envelope tin bin basket purse pan
harass	tease tackle continue act keep repay interact prosecute cope descend presume flirt
sniper	shooter gun expert sensation observer analyst therapist investigator wizard specialist veteran ace
honorable	vicious wrong
formerly	there
anyhow	
sticker	problem riddle puzzle tag ticket marker mark question spur hair pin brand
supposedly	where very there
positively	
ransom	payment recovery refund tribute commerce expense price charge marketing traffic trade business
earring	jewelry necklace diamond bead bracelet jewel pin strand pearl stripe frog decoration
wildlife	sanctuary marine being cell mutant dwarf hybrid clone fiber beast relative creature
Brazilian	European yellow famous green American blue different best great English old
feminist	anti activist rebel man woman farmer nation soul person contestant acquaintance ruler
blunt	sharp
fierce	mild peaceful gentle
variable	strict constant
operative	spy agent detective mole representative investigator delegate inspector expert chancellor premier president
interact	convey oblige nod greet tease mock impose entertain bind inform ignore express
hog	lamb user camel deer crank kitten cub peasant insect bum worm critic
tasty	healthy sweet black
gasoline	oil fuel protein sugar preparation acid salt amber wax spice soda rubber
homeland	country kingdom turkey province reservation ward county department town city state territory
kitten	animal cub lamb kit puppy hog beast creature groom baby mutant predator
timer	governor clock referee starter gauge valve meter radar instrument soul person ruler
installation	art ceremony transit forum grid transportation assembly zoo station initiative debut establishment
plasma	blood liquid phase gas mineral ink milk exchange hormone sweat diamond gem
interference	frustration complication trouble deed policy outrage blaze scandal hell disposal motivation departure
determination	judgment mind identification location discovery industry resolution challenge sentiment diagnosis opinion deed
robber	thief pirate outlaw crook criminal baron gangster thug accessory traitor runner hood
knit	fold sew brew weave tuck collapse bake attach cook prepare carve construct
restrain	strangle blink classify violate modify alter change amend accelerate weaken elevate depress
coconut	tree palm nut food cake willow oak seed coffee bean chocolate meat
expel	overcome defeat remove move cheat elevate conquer stir squeeze spill disturb pour
molecule	oxygen grain material stuff water ammunition mineral fiber discharge dust stone earth
exaggerate	pose instruct designate notify testify advise volunteer warn indicate announce remind introduce
panther	ounce lion tiger cat bear wolf fox dog cow bat puppy squirrel
accommodate	change satisfy coordinate sustain feed correspond vary alter dine agree give qualify
almighty	helpless
assassination	massacre slaughter shooting suicide mud ending attempt abortion destruction retirement disrespect removal
mixture	explosive batter dough stain composition suspension metal solution water substance selection collection
refund	discount payment ransom tribute incentive royalty premium bribe commerce bonus penalty reward
mattress	floor pillow sheet cone installation decoration cloth fabric marker creation layer strip
mathematics	physics science subject chemistry philosophy logic essence literature psychology discipline medicine economics
thug	bully outlaw crook criminal gangster accessory traitor runner murderer thief torpedo robber
qualification	fitness statement translation prediction summary declaration proposition input amendment remark formula announcement
icon	painting representation symbol landscape portrait drawing display photograph document map photo canvas
hopeless	delicate complete possible romantic
gem	soul art person crystal contestant acquaintance ruler traveler observer cripple orphan ape
whine	communicate scream dictate hum yell discuss convey nod greet impose negotiate consult
scroll	manuscript hull autograph cone disc disk shape bead globe stem dot barrel
activist	feminist rebel farmer nation soul person contestant acquaintance ruler gem traveler observer
irritate	frustrate affect endanger tease treat manipulate modify persuade dominate alter expose change
thankful	alive good
ruler	scholar king master lord soul person contestant acquaintance gem traveler observer cripple
bulb	light stem torch cane portion trunk branch part candle limb leaf root
resignation	despair document revelation denial charter patent resolution confession certificate objection proposal platform
infrastructure	fund store structure net profit fabric composition makeup income yield revenue rent
pyramid	monument venture memorial shape investment structure cube balcony porch fountain arena housing
wireless	
regain	acquire get inherit isolate obtain borrow earn gain hire accept receive share
razor	axe scissors knife lance safety tool blade comb drill punch hammer spear
seminar	conference shop teaching instruction education meeting summit forum convention congress council activity
remedy	correction vomit compensation amendment improvement prescription dose physics powder perfection reform development
maiden	final last beautiful young
flick	magazine feature production product cartoon output yield inspiration volume fruit newspaper book
unite	join turn thrive dissolve conceive expire awaken boil react decline concentrate freeze
transformation	improvement advance rotation function map accommodation adjustment recovery variation separation revolution harm
android	robot battery gear device phone valve pump governor ride lure comb bait
southwest	direction northeast northwest colony territory environment zone property east west north place
comeback	lip echo arrival resignation revelation denial objection proposal explanation description speech command
marvelous	everyday ordinary average natural
batch	flood collection chunk battalion ocean sea mile wardrobe mixture bundle biology prosecution
manifest	preserve save instruct designate notify recruit advise volunteer warn indicate announce remind
bounty	wealth payment plenty quantity kindness incentive royalty refund excess premium bribe bonus
bead	jewelry earring bracelet necklace jewel pin thumb decoration globe ball strand diamond
urine	vomit dirt rubbish exhaust scrap garbage trash chip material stuff litter junk
burial	disguise ceremony mask activity installation wedding variation measurement provision occupation teaching negotiation
repay	compensate spend buy cater administer distribute render consume lend contribute invest spare
slick	unlikely dull unbelievable
perimeter	boundary edge size distance curve altitude gauge shape intensity bias arch proportion
chunk	cluster heap flock batch battalion mint stack pile mass ocean bunch plenty
implication	research accusation substance meaning allegation information charge thought idea prediction analysis prophecy
salvation	means way safety instrument tool road recovery security status condition ransom shelter
rotation	feather motion movement transformation gesture jerk wave carnival circus function map reduction
convey	write speak highlight disclose expose indicate reveal repeat nod greet impose acknowledge
dispose	remove provoke swap motivate initiate switch undertake induce activate accomplish execute inspire
innocence	status condition air doubt despair participation nomination motivation identification guilt tension climate
firework	explosive powder dynamite material stuff preparation spray acid salt molecule ammunition atom
cathedral	building church tower chapel temple architecture ministry theater restaurant hotel center school
allegation	implication information denial testimony declaration profession threat plea prediction qualification summary proposition
ethnic	lone lonely religious alone own
thrive	increase bloom evolve build dissolve conceive derive expire awaken integrate boil react
attendance	appearance frequency participation involvement transaction cooperation audio revolution conflict competition struggle exchange
reinforce	preach designate notify testify advise volunteer warn indicate announce remind introduce describe
specify	undertake guarantee nominate dial elect adopt declare vote pick swear condemn plead
productive	disappointed big
fax	setup machine telegraph reactor generator equipment satellite map mat developer rig spike
thorough	partial medical
guideline	regulation program plan line limitation restriction regime outline budget concept schedule project
imperial	
rash	series symptom sequence cycle chain train lump cramp sickness syndrome scar cough
residential	quiet
torpedo	murderer sandwich assassin butcher outlaw crook criminal burger booth bomb cap gangster
superintendent	keeper counselor monitor boss director chief defender guardian god leader reminder escort
publicly	privately
refrigerator	stove oven grocery accessory uniform clothes dress item lid diaper hose robe
upcoming	historic instant historical immediate previous ancient recent former past late last private
wardrobe	bed furniture lamp bureau collection seat table lounge bench booth couch sofa
rabbi	chief priest mister leader preacher pastor shepherd pope minister kid trainer employer
supplier	scout accountant broker merchant businessman seller butcher baron madam dealer operator owner
manuscript	writing scroll autograph paragraph transcript criticism diary essay literature journal document version
workout	yoga effort routine scissors difficulty struggle labor slavery application session paperwork task
teammate	associate affiliate participant colleague ally partner member friend peer groom pledge bride
criterion	gauge norm era scale idol perfection example thought idea currency index money
referee	critic attorney lawyer fan counselor prosecutor advocate counsel timer starter idiot player
ache	distress stitch symptom lump cramp syndrome scar cough fever chill evidence rash
groan	laughter sigh speech roar oath accent curse complaint devil audio language music
patron	owner angel publisher letter businessman buyer reader guest provider donor consumer uncle
lid	sailor helmet cap pot jar accessory uniform clothes dress pan toilet box
smuggle	
psychologist	scientist child researcher investigator soul person surgeon curl lodge contestant acquaintance ruler
monument	site pyramid park structure vault chamber premises cemetery balcony porch fountain arena
quiz	examination exam test communication transmission objection expression discussion traffic theater mail media
trench	ditch coat depression sink valley bed pool collector kettle pit tunnel slope
handicap	obstacle difficulty advantage barrier privilege goods profit killer favor trouble problem sickness
administrator	employee commissioner manager director chief minister secretary receiver leader soul person president
whilst	
ambitious	elementary simple easy talented young smart used
ambush	attack charge fire invasion raid maneuver campaign mission activity expedition variation measurement
vertical	
lone	ethnic triple multiple cultural double social female
felony	seizure theft offense blackmail tribute robbery violation fraud attempt raid assault charge
despair	situation resignation status feeling condition innocence participation enthusiasm nomination gratitude dislike sentiment
prediction	prophecy forecast statement analysis thought implication policy qualification summary declaration proposition input
gangster	outlaw crook criminal thug accessory traitor runner hood murderer punk thief torpedo
limitation	regulation rule peak guideline defect penalty concept liability maximum minimum quantity notion
abstract	forensic realistic
crank	machine crab geek peasant insect bum worm critic creep pill turkey demon
salon	shop store gallery outlet room stall garage plaza mall compartment lounge classroom
lightly	so very just
hairy	bald big
royalty	payment incentive refund premium bribe bonus penalty reward benefit folk cash bounty
tickle	frighten tempt scare inspire invite intimidate provoke terrify encourage hurt cheer sting
significantly	better
clause	phrase construction sentence rider section object passage introduction chapter episode spot writing
roam	travel move go zoom whine swap scramble descend retreat accompany withdraw bounce
recycle	use employ apply waste exploit implement devote dedicate commit enjoy share reduce
hound	villain dog puppy wolf fox bear soul person crank peasant insect bum
telegram	cable message broadcast mail communication indication publication document signal style language voice
stability	peace unity order level challenge harmony quality state agreement distinction perfection popularity
amazed	rapid ready French long
telegraph	setup pole reactor generator equipment fax satellite mat developer rig spike kit
gorilla	ape monkey cow bat kitten mankind humanity squirrel elephant mouse rat bear
flock	flood litter chunk battalion ocean sea mile team clutch maximum breed limitation
endorse	certify permit allow let sign tolerate endure admit trust initiate involve accept
autopsy	examination inspection comparison survey review investigation contrast cause inquiry analysis search research
sponge	follower scholar sheep satellite lover planet fan soul person contestant acquaintance ruler
incentive	payment royalty refund premium bribe penalty reward benefit cash bounty allowance compensation
prevail	exist dwell endanger consist threaten lie specify underlie hum terminate decorate disagree
compartment	car module locker stall cab cabin cabinet box room cell space boot
fuss	row dispute difference sweat activity controversy argument variation measurement provision occupation teaching
bartender	employee clerk worker boxer salesman waiter server collector supporter poster servant slave
sanctuary	harbor property place choir aisle hut tent corner room structure city wildlife
sleepy	awake likely fat tired white little late
frontier	discipline subject outline engineering bush surface edge technology science mathematics limb psychology
rubbish	junk dust exhaust material stuff urine vomit molecule ammunition atom mineral fiber
camel	horse hog deer pig goat sheep cow bat nanny cattle squirrel ape
gauge	distance criterion meter radar instrument altitude ruler timer clock bomb size whip
discourage	wrestle handle intimidate depress evaluate speak talk try think whine chant bark
bun	toast dough bread butter cracker egg cheese biscuit rice burger meat potato
heap	automobile auto car jeep cab ambulance taxi flood collection motorcycle bike truck
reef	barrier ridge strip region cramp ribbon shelf tape bank mansion vacuum paradise
cluster	galaxy knot coma lump chunk collection heap wardrobe batch mixture bundle biology
calculation	estimate provision preparation procedure process inquiry arrangement research error routine thought activity
ignorance	knowledge education law science essence representation substance wisdom topic belief tradition universe
titan	moon satellite chaos celebrity pan sun earth adult god toast lion personality
accommodation	improvement compromise advance settlement recovery transformation acquisition shift agreement transition education conspiracy
controversial	
portfolio	list sleeve wallet kit luggage shoe inventory container stack menu flag calendar
density	distribution distance span separation composition balance altitude clearance rig ceiling slope slot
precinct	quarter territory district jurisdiction acre region parish suburb venue province reservation ward
detain	decrease weaken shrink dip fade relax drop modify alter increase change climb
sidewalk	mall road lane alley passage route access approach wallet aisle canal stairs
grunt	peep moan spit shout yell scream cry sing do
barber	coward cage wolf musician mechanic artist cutter fisherman flyer butcher painter founder
crave	reserve apply demand invite claim ask want pretend require expect communicate relay
jade	gem blood blonde orange offender snake color wheat cardinal amber straw navy
lethal	
narrative	blank silent official bored
compensate	repay spend buy consume restore invest afford give cater administer distribute render
altitude	ceiling distance gauge size span separation perimeter clearance density concentration distribution slope
mutant	beast creature freak monster animal being predator prey stunt survivor pet mate
surprisingly	quickly fast well often still there very
vaccine	dose jelly poison fuel vehicle agent food drug matter mixture cereal mash
likewise	
controversy	difference row fuss question resignation revelation denial objection proposal explanation description speech
astronaut	traveler flyer foreigner follower messenger companion runner rider carrier tourist arrival visitor
privately	publicly there
repeatedly	
cramp	leg clamp symptom strip lump sickness syndrome scar cough fever chill pain
grandchild	child daughter son heir baby relative relation wife infant babe sibling ancestor
freight	transport rate merchandise product ferry footage business charge inventory stock venture discount
behold	perceive smell receive touch catch listen hear feel sniff detect observe discover
grammar	science mathematics psychology math discipline subject economics chemistry physics politics frontier engineering
lump	sum symptom cramp sickness syndrome scar cough fever chill soul pain person
sunrise	sunset hour noon midnight cloud weather storm tide pulse sunshine lightning sweat
chili	dish taco barbecue pizza salad soup cake sandwich vitamin tomato meal potato
amend	write make modify alter heal sign change communicate undo shave switch return
cutter	cookie diner fisherman flyer butcher painter founder sailor hunter editor man worker
frustration	anger interference harassment temper complication deed outrage madness rage offense emotion disposal
insanity	anxiety trauma depression spell status condition fuss curiosity consciousness confusion possession sweat
playground	area yard spa backyard garden park field arena resort safety corner section
believer	supporter champion prophet advocate soul person god addict freak fan assassin nun
heroic	lesser atomic slim tiny small little
blond	dark brown blue natural tall long
rehab	
disrespect	cheek abuse attitude message manner acceptance tendency respect significance reminder publicity wit
idol	principal actor player guy criterion representation example comedian actress plant tree performer
machinery	gin assembly scheme motor computer press system device import willow trainer server
editorial	
severely	very
mentor	friend scholar genius student soul person reader contestant acquaintance ruler gem traveler
portable	
ouch	
cavalry	artillery battalion regiment squad troop division company personnel patrol battery armor headquarters
taco	pizza dish chili barbecue salad soup cake cheese sandwich vitamin meal mess
equality	freedom balance liberty status privilege dignity retirement leadership rank election quality state
dictate	write communicate whine chant bark whisper snap shout deliver sing convey nod
dread	terror horror thrill chill panic alarm feeling emotion hatred anxiety anger joy
acquaintance	soul person relationship information wife contestant ruler gem traveler observer cripple orphan
unload	fetch wash retrieve remove release send extract delete dig throw erase bark
module	compartment memory sense reason gate ability power locker stall cab cabin cabinet
unacceptable	acceptable fine
magician	performer geek comedian musician dancer cowboy actor player psychic witch soul person
zoom	climb travel move run go roam whine swap scramble descend drift retreat
strangle	restrain confine restrict expire die kill classify tie starve drown turn thrive
riddle	problem sticker puzzle bullet question filter device topic theme subject lure comb
chopper	tooth airplane plane aircraft bone roller bomber jet fighter jaw rib skull
presidency	post throne chair occupation business job term photography profession employment craft career
dynamite	explosive powder firework material stuff preparation spray acid salt molecule ammunition atom
groove	routine chap procedure crack process cheek belly trunk organ tissue toe hip
contestant	starter rival opponent athlete loser winner player soul person substitute champ amateur
timber	beam board shore cement concrete stone guy tile pier brace shelf rib
backpack	bag purse sack container pocket mold envelope tin bin basket pan vessel
thrust	force whack punch attraction shooting shot motion movement deed gravity bond way
lesser	heroic epic tremendous extensive enormous vast massive giant super huge large big
maneuver	stroke shot movement pursuit scheme strategy stream flow progress rush speed approach
affiliate	organization company teammate participant colleague ally mate fellow member friend peer groom
oyster	lobster thigh slice breast shrimp pledge worm beast creature animal shred handful
inspect	analyze examine study diagnose scan investigate compare check poke explore flip watch
cone	cream shape base blossom fruit flower ice berry olive spike seed scroll
flexible	strong used new
northeast	region direction southwest southeast colony territory environment zone property east west south
reel	film footage sequence shuttle rag jazz pump ride music prop anchor hammer
coalition	party government reunion umbrella organization commonwealth community affiliate federation establishment enterprise personnel
ironic	
necessity	luxury press lack status condition absence despair innocence participation nomination motivation identification
granny	mother woman knot siren ancestor mistress dame madam widow sweetheart peach beauty
intensity	depth violence strength force degree level zip energy proportion extent dimension volume
peep	look grunt uncover moan spit admire demonstrate expose stare shout yell reveal
tuition	teaching instruction admission lecture commission lesson profession journalism premium architecture transportation engineering
greedy	selfish poor stupid
Arabic	official Turkish primary original Egyptian classical native Spanish complicated English difficult similar
outlaw	gangster thug accessory traitor runner hood murderer punk thief torpedo robber assassin
litter	box scrap train transport junk dust trailer mail vehicle flock herd team
